Img_ID,Split,basename,ImageWidth,ImageHeight,is_background,n_ships
0,Train,t_14154.jpg,1000,1000,False,4
3,Train,t_8019.jpg,1000,1000,False,1
8,Train,t_5467.jpg,2000,2000,False,12
10,Train,t_14876.jpg,1000,1000,False,1
22,Train,t_16454.jpg,1000,1000,False,8
23,Train,t_16365.jpg,800,600,False,1
24,Train,t_10966.jpg,800,600,False,2
29,Train,t_15012.jpg,800,600,False,1
40,Train,t_5211.jpg,600,800,False,1
41,Train,t_9987.jpg,1000,1000,False,3
42,Train,t_7971.jpg,1000,1000,False,1
54,Train,t_15496.jpg,600,800,False,6
56,Train,t_8622.jpg,1000,1000,False,2
57,Train,t_11103.jpg,800,600,False,1
58,Train,t_15376.jpg,600,800,False,3
61,Train,t_3331.jpg,600,800,False,3
65,Train,t_10812.jpg,1000,1000,False,1
70,Train,t_10546.jpg,1000,1000,False,3
72,Train,t_14083.jpg,600,800,False,1
74,Train,t_796.jpg,1000,1000,False,1
77,Train,t_3433.jpg,600,800,False,1
78,Train,t_8945.jpg,1000,1000,False,1
79,Train,t_4162.jpg,600,800,False,3
83,Train,t_3068.jpg,600,800,False,1
86,Train,t_15184.jpg,800,600,False,1
87,Train,t_14407.jpg,800,600,True,0
88,Train,t_5692.jpg,800,600,False,3
90,Train,t_5663.jpg,800,600,False,1
92,Train,t_12796.jpg,800,600,False,1
99,Train,t_12006.jpg,1000,1000,False,2
102,Train,t_13783.jpg,800,600,False,13
105,Train,t_16403.jpg,800,600,False,1
106,Train,t_13882.jpg,800,600,True,0
108,Train,t_12120.jpg,800,600,False,3
109,Train,t_10283.jpg,800,600,False,11
110,Train,t_1618.jpg,1500,1500,False,6
112,Train,t_4115.jpg,600,800,False,2
113,Train,t_841.jpg,1500,1500,False,24
122,Train,t_6792.jpg,1000,1000,False,4
125,Train,t_14414.jpg,1000,1000,True,0
130,Train,t_1434.jpg,1500,1500,False,35
135,Train,t_2797.jpg,600,800,False,2
136,Train,t_1190.jpg,1500,1500,False,9
139,Train,t_4146.jpg,1000,1000,False,9
140,Train,t_13513.jpg,1000,1000,False,1
150,Train,t_9938.jpg,600,800,False,7
151,Train,t_2615.jpg,800,600,False,5
154,Train,t_4035.jpg,600,800,False,9
158,Train,t_7179.jpg,1000,1000,False,2
160,Train,t_33.jpg,1500,1500,False,2
162,Train,t_8970.jpg,1000,1000,False,3
163,Train,t_14274.jpg,800,600,False,1
165,Train,t_1153.jpg,1000,1000,True,0
167,Train,t_14645.jpg,1000,1000,False,2
169,Train,t_671.jpg,1500,1500,False,17
170,Train,t_1110.jpg,1500,1500,False,2
171,Train,t_8012.jpg,1000,1000,False,9
172,Train,t_15247.jpg,600,800,False,1
175,Train,t_5025.jpg,600,800,False,3
176,Train,t_10918.jpg,800,600,False,1
179,Train,t_15921.jpg,1000,1000,False,1
181,Train,t_6403.jpg,600,800,False,1
188,Train,t_4998.jpg,600,800,False,4
190,Train,t_13821.jpg,800,600,False,2
191,Train,t_5478.jpg,600,800,False,1
196,Train,t_13600.jpg,800,600,False,2
203,Train,t_5258.jpg,600,800,False,1
204,Train,t_520.jpg,1500,1500,False,1
216,Train,t_5546.jpg,800,600,False,1
226,Train,t_5952.jpg,600,800,False,47
228,Train,t_13509.jpg,1000,1000,False,63
229,Train,t_12614.jpg,1000,1000,True,0
232,Train,t_505.jpg,1500,1500,False,2
235,Train,t_12697.jpg,800,600,False,1
236,Train,t_4420.jpg,600,800,False,9
237,Train,t_16305.jpg,1000,1000,False,1
238,Train,t_8864.jpg,1000,1000,False,4
243,Train,t_6530.jpg,800,600,False,2
248,Train,t_7442.jpg,1000,1000,False,2
250,Train,t_2975.jpg,1000,1000,False,1
257,Train,t_5708.jpg,1000,1000,False,8
261,Train,t_7286.jpg,1000,1000,False,1
282,Train,t_90.jpg,1500,1500,False,1
283,Train,t_761.jpg,1500,1500,False,2
285,Train,t_12730.jpg,600,800,False,11
286,Train,t_9373.jpg,800,600,False,1
287,Train,t_16172.jpg,600,800,False,3
288,Train,t_5318.jpg,1000,1000,True,0
289,Train,t_672.jpg,1500,1500,False,1
291,Train,t_697.jpg,1500,1500,False,29
293,Train,t_15061.jpg,1000,1000,True,0
294,Train,t_6869.jpg,600,800,False,2
296,Train,t_1013.jpg,1000,1000,False,1
300,Train,t_14583.jpg,1000,1000,False,3
303,Train,t_8285.jpg,1000,1000,False,1
307,Train,t_14271.jpg,1000,1000,False,1
311,Train,t_6590.jpg,800,600,False,6
321,Train,t_11555.jpg,600,800,True,0
322,Train,t_1219.jpg,1500,1500,False,12
323,Train,t_6635.jpg,1000,1000,False,1
326,Train,t_6630.jpg,800,600,False,7
327,Train,t_12827.jpg,1000,1000,False,2
329,Train,t_9120.jpg,800,600,False,1
331,Train,t_5198.jpg,1000,1000,False,6
340,Train,t_9708.jpg,800,600,False,1
342,Train,t_707.jpg,1000,1000,False,1
344,Train,t_8427.jpg,600,800,False,15
345,Train,t_13443.jpg,800,600,False,2
346,Train,t_9608.jpg,600,800,False,1
347,Train,t_483.jpg,1500,1500,False,33
350,Train,t_13886.jpg,600,800,False,4
354,Train,t_8192.jpg,600,800,False,5
355,Train,t_3939.jpg,4000,4000,False,104
358,Train,t_15543.jpg,2000,2000,False,1
360,Train,t_15155.jpg,1000,1000,True,0
361,Train,t_617.jpg,1000,1000,False,10
365,Train,t_10642.jpg,1000,1000,False,1
367,Train,t_10922.jpg,1000,1000,True,0
377,Train,t_7247.jpg,1000,1000,True,0
378,Train,t_892.jpg,1500,1500,False,5
379,Train,t_11927.jpg,600,800,True,0
380,Train,t_1913.jpg,1000,1000,False,6
386,Train,t_11539.jpg,1000,1000,False,6
387,Train,t_6903.jpg,1000,1000,False,1
390,Train,t_10275.jpg,800,600,False,1
393,Train,t_12603.jpg,1000,1000,False,60
397,Train,t_13061.jpg,800,600,False,1
398,Train,t_6654.jpg,1000,1000,False,2
401,Train,t_5287.jpg,1000,1000,False,2
402,Train,t_14070.jpg,800,600,False,2
407,Train,t_15550.jpg,1000,1000,True,0
409,Train,t_15149.jpg,1000,1000,False,2
411,Train,t_7627.jpg,900,900,True,0
420,Train,t_3597.jpg,1000,1000,False,6
421,Train,t_3641.jpg,1000,1000,False,1
422,Train,t_15562.jpg,600,800,False,6
423,Train,t_7424.jpg,1000,1000,False,1
424,Train,t_11868.jpg,1000,1000,False,3
432,Train,t_13418.jpg,600,800,False,16
436,Train,t_2485.jpg,1000,1000,False,4
437,Train,t_15243.jpg,1000,1000,False,13
438,Train,t_3646.jpg,800,600,False,8
442,Train,t_10046.jpg,1000,1000,False,7
443,Train,t_8477.jpg,800,600,False,3
445,Train,t_5828.jpg,800,600,False,1
447,Train,t_11186.jpg,1000,1000,False,14
451,Train,t_3011.jpg,600,800,False,4
454,Train,t_2533.jpg,600,800,False,1
457,Train,t_1783.jpg,1000,1000,False,5
460,Train,t_1039.jpg,1500,1500,False,60
461,Train,t_5582.jpg,1000,1000,False,1
468,Train,t_7994.jpg,1000,1000,False,1
473,Train,t_12982.jpg,800,600,False,2
474,Train,t_10126.jpg,1000,1000,False,2
479,Train,t_427.jpg,1500,1500,False,1
484,Train,t_15865.jpg,800,600,False,1
488,Train,t_9555.jpg,1000,1000,False,1
499,Train,t_13744.jpg,1000,1000,False,2
503,Train,t_1578.jpg,1500,1500,False,17
504,Train,t_4525.jpg,800,600,False,1
506,Train,t_14873.jpg,800,600,False,1
513,Train,t_11967.jpg,7000,7000,False,3
516,Train,t_13828.jpg,800,600,True,0
517,Train,t_4270.jpg,1000,1000,False,2
519,Train,t_4318.jpg,1000,1000,False,1
521,Train,t_16157.jpg,600,800,False,5
524,Train,t_11874.jpg,800,600,True,0
525,Train,t_141.jpg,1500,1500,False,1
531,Train,t_11768.jpg,800,600,False,2
536,Train,t_16426.jpg,600,800,False,1
540,Train,t_9311.jpg,1000,1000,False,33
544,Train,t_4473.jpg,800,600,False,1
547,Train,t_6333.jpg,600,800,False,3
548,Train,t_14152.jpg,800,600,False,3
549,Train,t_11916.jpg,1000,1000,False,1
553,Train,t_3813.jpg,1000,1000,False,2
555,Train,t_6821.jpg,600,800,False,2
560,Train,t_11635.jpg,1000,1000,False,2
567,Train,t_793.jpg,1000,1000,False,1
569,Train,t_12773.jpg,1000,1000,False,1
574,Train,t_44.jpg,1500,1500,False,5
576,Train,t_7422.jpg,600,800,False,2
577,Train,t_30.jpg,1500,1500,False,5
579,Train,t_6274.jpg,600,800,False,1
582,Train,t_7985.jpg,600,800,True,0
586,Train,t_7354.jpg,2000,2000,False,155
589,Train,t_4266.jpg,1000,1000,False,1
593,Train,t_2111.jpg,1000,1000,False,2
597,Train,t_8331.jpg,600,800,False,1
599,Train,t_8785.jpg,800,600,False,2
600,Train,t_5216.jpg,7000,7000,False,3
602,Train,t_9.jpg,1500,1500,False,1
603,Train,t_12025.jpg,1000,1000,False,15
604,Train,t_3523.jpg,600,800,False,1
605,Train,t_10525.jpg,800,600,False,1
607,Train,t_9702.jpg,800,600,False,12
613,Train,t_6849.jpg,1000,1000,False,5
615,Train,t_133.jpg,1500,1500,False,1
620,Train,t_13168.jpg,800,600,True,0
626,Train,t_12002.jpg,600,800,True,0
627,Train,t_9325.jpg,800,600,False,1
636,Train,t_6952.jpg,1000,1000,False,2
643,Train,t_455.jpg,1500,1500,False,1
645,Train,t_724.jpg,1500,1500,False,3
646,Train,t_11875.jpg,600,800,False,1
647,Train,t_14835.jpg,1000,1000,False,19
649,Train,t_7560.jpg,1000,1000,False,7
650,Train,t_2184.jpg,600,800,False,1
656,Train,t_14693.jpg,800,600,False,1
662,Train,t_7568.jpg,1000,1000,False,3
665,Train,t_10007.jpg,800,600,False,1
668,Train,t_6626.jpg,1000,1000,False,1
670,Train,t_16104.jpg,1000,1000,False,3
671,Train,t_9843.jpg,800,600,False,20
673,Train,t_12251.jpg,600,800,False,3
676,Train,t_526.jpg,1000,1000,False,1
679,Train,t_8457.jpg,4000,4000,False,1
681,Train,t_15627.jpg,800,600,False,2
691,Train,t_13294.jpg,600,800,True,0
696,Train,t_16450.jpg,800,600,False,3
698,Train,t_2240.jpg,1000,1000,False,1
700,Train,t_13029.jpg,1000,1000,False,9
702,Train,t_15196.jpg,800,600,False,1
703,Train,t_1859.jpg,800,600,False,1
708,Train,t_8356.jpg,1000,1000,False,7
712,Train,t_12101.jpg,2000,2000,False,10
713,Train,t_8694.jpg,1000,1000,False,68
716,Train,t_12382.jpg,800,600,False,1
720,Train,t_2736.jpg,600,800,False,1
724,Train,t_13775.jpg,600,800,False,9
727,Train,t_13372.jpg,1000,1000,False,2
730,Train,t_13439.jpg,2000,2000,False,25
732,Train,t_15124.jpg,1000,1000,False,1
736,Train,t_7059.jpg,600,800,True,0
737,Train,t_13537.jpg,600,800,False,7
740,Train,t_2484.jpg,1000,1000,False,4
741,Train,t_0.jpg,1500,1500,False,3
742,Train,t_9144.jpg,1000,1000,True,0
745,Train,t_11431.jpg,1000,1000,False,2
748,Train,t_10132.jpg,600,800,False,12
751,Train,t_4074.jpg,1000,1000,False,5
754,Train,t_3548.jpg,1000,1000,False,2
755,Train,t_12217.jpg,1000,1000,False,1
758,Train,t_1634.jpg,1000,1000,False,1
760,Train,t_4392.jpg,800,600,False,17
774,Train,t_14722.jpg,800,600,False,3
780,Train,t_15681.jpg,1000,1000,False,15
782,Train,t_8215.jpg,800,600,False,6
784,Train,t_4654.jpg,600,800,False,1
788,Train,t_1523.jpg,1500,1500,False,4
796,Train,t_4217.jpg,800,600,False,3
799,Train,t_15103.jpg,800,600,False,3
806,Train,t_2674.jpg,1000,1000,False,1
811,Train,t_498.jpg,1500,1500,False,5
817,Train,t_2701.jpg,1000,1000,False,1
819,Train,t_6811.jpg,1000,1000,False,1
828,Train,t_8122.jpg,1000,1000,False,7
830,Train,t_5613.jpg,600,800,False,2
832,Train,t_12183.jpg,800,600,False,8
835,Train,t_7489.jpg,600,800,False,6
840,Train,t_14324.jpg,1000,1000,False,7
841,Train,t_9099.jpg,600,800,False,2
843,Train,t_10312.jpg,600,800,False,12
850,Train,t_11219.jpg,7000,7000,False,2
851,Train,t_14300.jpg,800,600,False,2
853,Train,t_3604.jpg,1000,1000,False,3
856,Train,t_5450.jpg,1000,1000,False,50
857,Train,t_15984.jpg,2000,2000,False,3
860,Train,t_10176.jpg,600,800,False,6
864,Train,t_11405.jpg,600,800,False,4
874,Train,t_7089.jpg,800,600,False,2
884,Train,t_11597.jpg,800,600,False,1
885,Train,t_10327.jpg,800,600,False,2
887,Train,t_14806.jpg,1000,1000,False,2
889,Train,t_9502.jpg,1000,1000,False,11
896,Train,t_11861.jpg,600,800,False,1
898,Train,t_11049.jpg,1000,1000,False,1
904,Train,t_5893.jpg,1000,1000,False,1
911,Train,t_9429.jpg,600,800,False,2
914,Train,t_2849.jpg,800,600,False,3
915,Train,t_15645.jpg,1000,1000,False,111
918,Train,t_2564.jpg,800,600,False,1
935,Train,t_15229.jpg,1000,1000,False,2
937,Train,t_10818.jpg,800,600,False,3
941,Train,t_2384.jpg,1000,1000,False,4
946,Train,t_1295.jpg,1500,1500,False,14
947,Train,t_441.jpg,1000,1000,False,1
948,Train,t_260.jpg,1500,1500,False,4
951,Train,t_3393.jpg,800,600,False,11
954,Train,t_3313.jpg,1000,1000,False,1
955,Train,t_382.jpg,1500,1500,False,10
960,Train,t_6949.jpg,1000,1000,False,8
965,Train,t_2543.jpg,600,800,False,1
966,Train,t_9495.jpg,600,800,True,0
967,Train,t_6304.jpg,1000,1000,False,1
973,Train,t_7067.jpg,1000,1000,False,2
975,Train,t_7232.jpg,1000,1000,False,3
985,Train,t_5635.jpg,2000,2000,False,4
991,Train,t_6277.jpg,600,800,False,3
996,Train,t_12122.jpg,800,600,False,5
1009,Train,t_9864.jpg,1000,1000,False,29
1016,Train,t_6998.jpg,1000,1000,False,1
1031,Train,t_2787.jpg,1000,1000,False,4
1033,Train,t_11111.jpg,800,600,False,5
1036,Train,t_13464.jpg,2000,2000,False,10
1039,Train,t_1275.jpg,1500,1500,False,12
1044,Train,t_2013.jpg,1000,1000,False,2
1046,Train,t_14509.jpg,1000,1000,False,1
1051,Train,t_9379.jpg,600,800,False,1
1052,Train,t_8094.jpg,600,800,False,5
1053,Train,t_13657.jpg,600,800,True,0
1055,Train,t_4151.jpg,800,600,False,2
1056,Train,t_5122.jpg,800,600,True,0
1057,Train,t_5657.jpg,1000,1000,True,0
1061,Train,t_8737.jpg,1000,1000,False,9
1070,Train,t_6070.jpg,800,600,False,1
1071,Train,t_3810.jpg,800,600,False,6
1072,Train,t_6381.jpg,1000,1000,False,9
1073,Train,t_9951.jpg,800,600,False,30
1076,Train,t_962.jpg,1000,1000,False,4
1081,Train,t_662.jpg,1000,1000,False,3
1085,Train,t_1398.jpg,1500,1500,False,3
1086,Train,t_3993.jpg,1000,1000,False,1
1088,Train,t_15617.jpg,1000,1000,False,1
1089,Train,t_14879.jpg,1000,1000,False,2
1090,Train,t_9486.jpg,800,600,True,0
1091,Train,t_935.jpg,1500,1500,False,66
1096,Train,t_14235.jpg,1000,1000,False,1
1098,Train,t_9614.jpg,1000,1000,False,2
1103,Train,t_5699.jpg,2000,2000,False,4
1112,Train,t_12162.jpg,1000,1000,False,1
1114,Train,t_1905.jpg,1000,1000,False,3
1120,Train,t_6689.jpg,600,800,False,18
1121,Train,t_486.jpg,1500,1500,False,106
1122,Train,t_7258.jpg,800,600,False,3
1125,Train,t_12506.jpg,800,600,True,0
1129,Train,t_6026.jpg,1000,1000,False,5
1132,Train,t_5135.jpg,800,600,False,1
1133,Train,t_7038.jpg,1000,1000,False,1
1135,Train,t_6942.jpg,1000,1000,False,2
1140,Train,t_4550.jpg,600,800,False,2
1145,Train,t_5313.jpg,600,800,False,1
1146,Train,t_8167.jpg,800,600,False,5
1147,Train,t_6564.jpg,1000,1000,False,3
1149,Train,t_8679.jpg,1000,1000,False,2
1152,Train,t_6456.jpg,600,800,False,6
1155,Train,t_15008.jpg,2000,2000,False,5
1156,Train,t_11019.jpg,800,600,False,5
1157,Train,t_13042.jpg,1000,1000,False,2
1162,Train,t_11687.jpg,1000,1000,False,4
1163,Train,t_6435.jpg,1000,1000,False,10
1169,Train,t_8406.jpg,600,800,False,1
1172,Train,t_1531.jpg,1500,1500,False,1
1182,Train,t_13282.jpg,800,600,False,1
1184,Train,t_1594.jpg,1500,1500,False,1
1186,Train,t_15618.jpg,1000,1000,False,12
1191,Train,t_8976.jpg,1000,1000,False,1
1199,Train,t_14373.jpg,1000,1000,False,7
1203,Train,t_5816.jpg,1000,1000,False,1
1204,Train,t_10854.jpg,800,600,False,1
1208,Train,t_8891.jpg,600,800,False,3
1209,Train,t_6448.jpg,4000,4000,False,8
1212,Train,t_15990.jpg,800,600,False,8
1216,Train,t_2838.jpg,4000,4000,False,165
1221,Train,t_10815.jpg,800,600,False,1
1222,Train,t_15670.jpg,800,600,False,6
1228,Train,t_13839.jpg,600,800,False,10
1232,Train,t_4226.jpg,600,800,False,4
1233,Train,t_6320.jpg,800,600,False,1
1234,Train,t_3327.jpg,600,800,False,1
1237,Train,t_11453.jpg,1000,1000,False,1
1242,Train,t_2396.jpg,600,800,False,1
1244,Train,t_5921.jpg,600,800,False,11
1247,Train,t_2596.jpg,1000,1000,False,3
1248,Train,t_2225.jpg,600,800,False,1
1249,Train,t_1050.jpg,1500,1500,False,6
1250,Train,t_8571.jpg,600,800,False,1
1251,Train,t_9515.jpg,800,600,False,1
1253,Train,t_14903.jpg,600,800,False,2
1267,Train,t_10188.jpg,800,600,False,1
1269,Train,t_9220.jpg,600,800,False,1
1270,Train,t_4696.jpg,800,600,False,1
1271,Train,t_11365.jpg,1000,1000,True,0
1274,Train,t_13714.jpg,600,800,False,9
1283,Train,t_827.jpg,1500,1500,False,3
1284,Train,t_349.jpg,1500,1500,False,8
1286,Train,t_9957.jpg,1000,1000,False,11
1288,Train,t_11044.jpg,1000,1000,False,1
1290,Train,t_1271.jpg,1500,1500,False,6
1294,Train,t_13833.jpg,1000,1000,False,1
1299,Train,t_943.jpg,1500,1500,False,2
1302,Train,t_11064.jpg,600,800,True,0
1303,Train,t_1692.jpg,1500,1500,False,4
1304,Train,t_9670.jpg,600,800,True,0
1305,Train,t_11386.jpg,600,800,False,2
1309,Train,t_12676.jpg,600,800,False,1
1311,Train,t_4055.jpg,1000,1000,True,0
1313,Train,t_1818.jpg,600,800,False,2
1316,Train,t_4164.jpg,1000,1000,False,1
1327,Train,t_4136.jpg,600,800,False,10
1330,Train,t_5492.jpg,600,800,False,2
1331,Train,t_9269.jpg,1000,1000,False,1
1332,Train,t_6562.jpg,600,800,False,6
1336,Train,t_1895.jpg,1000,1000,False,7
1338,Train,t_6748.jpg,600,800,False,34
1340,Train,t_14398.jpg,1000,1000,False,6
1344,Train,t_16199.jpg,600,800,False,3
1351,Train,t_16024.jpg,2000,2000,False,6
1352,Train,t_11893.jpg,800,600,True,0
1359,Train,t_12594.jpg,1000,1000,True,0
1363,Train,t_9452.jpg,800,600,False,5
1364,Train,t_11289.jpg,1000,1000,False,1
1366,Train,t_7280.jpg,800,600,False,1
1378,Train,t_12430.jpg,600,800,True,0
1381,Train,t_10005.jpg,2000,2000,False,11
1382,Train,t_3496.jpg,1000,1000,False,3
1388,Train,t_14102.jpg,1000,1000,False,7
1389,Train,t_16046.jpg,1000,1000,False,6
1393,Train,t_229.jpg,1500,1500,False,7
1403,Train,t_14195.jpg,1000,1000,False,5
1412,Train,t_13088.jpg,1000,1000,False,6
1414,Train,t_11161.jpg,800,600,False,1
1416,Train,t_2382.jpg,1000,1000,False,1
1425,Train,t_9581.jpg,600,800,True,0
1426,Train,t_5795.jpg,1000,1000,False,1
1427,Train,t_9115.jpg,800,600,False,1
1431,Train,t_6311.jpg,1000,1000,True,0
1433,Train,t_468.jpg,1000,1000,False,1
1438,Train,t_5874.jpg,1000,1000,False,1
1443,Train,t_7299.jpg,600,800,False,55
1444,Train,t_11085.jpg,600,800,False,1
1445,Train,t_444.jpg,1500,1500,False,8
1447,Train,t_4012.jpg,800,600,False,2
1452,Train,t_14831.jpg,800,600,False,5
1454,Train,t_1910.jpg,1000,1000,False,5
1457,Train,t_12300.jpg,1000,1000,False,4
1459,Train,t_9992.jpg,600,800,False,34
1465,Train,t_9064.jpg,800,600,True,0
1466,Train,t_10401.jpg,800,600,False,2
1473,Train,t_10613.jpg,1000,1000,False,1
1474,Train,t_8693.jpg,1000,1000,True,0
1476,Train,t_233.jpg,1500,1500,False,1
1478,Train,t_15469.jpg,7000,6921,False,17
1481,Train,t_14029.jpg,1000,1000,False,1
1482,Train,t_5611.jpg,2000,2000,False,1
1484,Train,t_2946.jpg,1000,1000,True,0
1485,Train,t_12635.jpg,800,600,False,1
1486,Train,t_12505.jpg,1000,1000,False,1
1489,Train,t_9262.jpg,1000,1000,False,6
1490,Train,t_15588.jpg,800,600,False,3
1491,Train,t_15509.jpg,1000,1000,False,1
1493,Train,t_664.jpg,3000,3000,True,0
1502,Train,t_9290.jpg,600,800,False,4
1508,Train,t_450.jpg,1500,1500,False,23
1510,Train,t_780.jpg,1000,1000,False,2
1516,Train,t_16405.jpg,600,800,False,1
1520,Train,t_13929.jpg,600,800,True,0
1522,Train,t_1471.jpg,1500,1500,False,6
1526,Train,t_13984.jpg,800,600,False,7
1527,Train,t_10382.jpg,1000,1000,True,0
1528,Train,t_13872.jpg,1000,1000,False,10
1538,Train,t_13068.jpg,600,800,True,0
1544,Train,t_1904.jpg,1000,1000,False,5
1547,Train,t_12685.jpg,600,800,False,26
1549,Train,t_6489.jpg,2000,2000,False,4
1556,Train,t_7525.jpg,1000,1000,False,8
1558,Train,t_4051.jpg,600,800,True,0
1565,Train,t_3816.jpg,600,800,True,0
1569,Train,t_7762.jpg,1000,1000,False,6
1579,Train,t_8818.jpg,1000,1000,False,1
1582,Train,t_3724.jpg,800,600,False,2
1586,Train,t_189.jpg,1500,1500,False,41
1588,Train,t_13531.jpg,600,800,False,9
1592,Train,t_12238.jpg,800,600,False,5
1593,Train,t_5470.jpg,600,800,False,3
1594,Train,t_1027.jpg,1500,1500,False,39
1596,Train,t_8224.jpg,600,800,True,0
1598,Train,t_15546.jpg,1000,1000,False,1
1602,Train,t_45.jpg,1500,1500,False,59
1603,Train,t_14554.jpg,600,800,False,2
1604,Train,t_902.jpg,1500,1500,False,21
1606,Train,t_12397.jpg,600,800,False,1
1609,Train,t_2038.jpg,1000,1000,False,1
1610,Train,t_15020.jpg,800,600,False,41
1615,Train,t_11683.jpg,600,800,False,8
1619,Train,t_1460.jpg,1500,1500,False,2
1621,Train,t_1479.jpg,1500,1500,False,5
1622,Train,t_8286.jpg,800,600,False,4
1626,Train,t_12721.jpg,1000,1000,False,8
1631,Train,t_4684.jpg,1000,1000,False,1
1637,Train,t_1978.jpg,600,800,False,13
1642,Train,t_9400.jpg,800,600,False,1
1647,Train,t_293.jpg,1000,1000,False,1
1653,Train,t_16356.jpg,1000,1000,False,1
1655,Train,t_3733.jpg,800,600,False,2
1665,Train,t_11051.jpg,1000,1000,True,0
1670,Train,t_13310.jpg,1000,1000,True,0
1671,Train,t_6663.jpg,600,800,False,1
1676,Train,t_109.jpg,1500,1500,False,6
1677,Train,t_12001.jpg,600,800,False,1
1680,Train,t_7871.jpg,1000,1000,False,27
1682,Train,t_15070.jpg,1000,1000,False,1
1683,Train,t_315.jpg,1500,1500,False,1
1684,Train,t_6787.jpg,1000,1000,True,0
1685,Train,t_2391.jpg,600,800,False,4
1690,Train,t_4145.jpg,1000,1000,False,15
1696,Train,t_13406.jpg,800,600,False,1
1700,Train,t_980.jpg,1500,1500,False,50
1702,Train,t_15602.jpg,1000,1000,False,4
1703,Train,t_12416.jpg,600,800,False,2
1707,Train,t_4370.jpg,1000,1000,False,3
1715,Train,t_10237.jpg,1000,1000,False,1
1717,Train,t_16279.jpg,600,800,False,1
1718,Train,t_2052.jpg,800,600,False,1
1720,Train,t_14.jpg,1500,1500,False,3
1721,Train,t_16277.jpg,1000,1000,False,3
1725,Train,t_3698.jpg,800,600,False,1
1728,Train,t_5527.jpg,1000,1000,False,1
1732,Train,t_2756.jpg,1000,1000,True,0
1734,Train,t_11265.jpg,800,600,False,1
1735,Train,t_10035.jpg,1000,1000,False,3
1736,Train,t_11952.jpg,1000,1000,True,0
1739,Train,t_1554.jpg,1500,1500,False,14
1740,Train,t_7775.jpg,600,800,False,3
1742,Train,t_1025.jpg,1500,1500,False,1
1744,Train,t_9892.jpg,600,800,False,1
1745,Train,t_12153.jpg,1000,1000,False,2
1747,Train,t_13962.jpg,1000,1000,False,1
1752,Train,t_14542.jpg,1000,1000,False,1
1755,Train,t_13080.jpg,800,600,True,0
1763,Train,t_1307.jpg,1500,1500,False,5
1764,Train,t_12931.jpg,800,600,False,1
1773,Train,t_5414.jpg,1000,1000,False,2
1779,Train,t_8160.jpg,1000,1000,False,9
1780,Train,t_13581.jpg,600,800,False,2
1783,Train,t_6111.jpg,800,600,False,2
1785,Train,t_4889.jpg,800,600,False,5
1788,Train,t_9239.jpg,800,600,False,3
1789,Train,t_2929.jpg,600,800,False,1
1796,Train,t_9381.jpg,1000,1000,False,7
1799,Train,t_7668.jpg,800,600,False,2
1804,Train,t_7016.jpg,600,800,True,0
1805,Train,t_5118.jpg,600,800,False,5
1806,Train,t_177.jpg,1500,1500,False,68
1812,Train,t_15279.jpg,800,600,False,1
1814,Train,t_9048.jpg,1000,1000,False,1
1815,Train,t_10029.jpg,1000,1000,False,1
1819,Train,t_9087.jpg,1000,1000,False,1
1822,Train,t_3601.jpg,2000,2000,False,7
1825,Train,t_5116.jpg,1000,1000,False,5
1827,Train,t_5770.jpg,1000,1000,False,3
1835,Train,t_13077.jpg,1000,1000,False,1
1842,Train,t_15771.jpg,1000,1000,False,7
1844,Train,t_5378.jpg,600,800,False,2
1849,Train,t_6177.jpg,1000,1000,False,6
1850,Train,t_1734.jpg,800,600,False,7
1855,Train,t_11456.jpg,1000,1000,False,7
1858,Train,t_234.jpg,1500,1500,False,9
1860,Train,t_9066.jpg,1000,1000,False,4
1863,Train,t_15556.jpg,1000,1000,True,0
1867,Train,t_6734.jpg,800,600,False,4
1868,Train,t_9032.jpg,1000,1000,False,2
1872,Train,t_6834.jpg,800,600,False,2
1874,Train,t_11880.jpg,1000,1000,False,4
1875,Train,t_63.jpg,1500,1500,False,12
1877,Train,t_7691.jpg,1000,1000,False,1
1880,Train,t_1697.jpg,1500,1500,False,5
1881,Train,t_12903.jpg,600,800,True,0
1882,Train,t_14621.jpg,600,800,False,14
1885,Train,t_11899.jpg,1000,1000,False,6
1889,Train,t_8292.jpg,800,600,False,1
1892,Train,t_12266.jpg,1000,1000,True,0
1898,Train,t_1836.jpg,1000,1000,False,1
1899,Train,t_1193.jpg,1000,1000,False,5
1900,Train,t_14622.jpg,800,600,False,2
1901,Train,t_3238.jpg,800,600,False,1
1908,Train,t_322.jpg,1000,1000,False,1
1913,Train,t_12953.jpg,2000,2000,False,57
1914,Train,t_8533.jpg,800,600,False,1
1915,Train,t_2927.jpg,1000,1000,False,1
1917,Train,t_14143.jpg,1000,1000,False,7
1920,Train,t_5818.jpg,1000,1000,False,4
1923,Train,t_9045.jpg,800,600,True,0
1924,Train,t_15832.jpg,1000,1000,False,1
1927,Train,t_7527.jpg,1000,1000,False,2
1929,Train,t_13176.jpg,900,900,True,0
1931,Train,t_9834.jpg,800,600,False,4
1932,Train,t_2527.jpg,600,800,False,1
1934,Train,t_11557.jpg,2000,2000,False,9
1935,Train,t_2967.jpg,800,600,False,2
1938,Train,t_13780.jpg,800,600,False,2
1943,Train,t_1798.jpg,1000,1000,False,14
1944,Train,t_4416.jpg,1000,1000,False,2
1950,Train,t_3606.jpg,1000,1000,False,2
1952,Train,t_14971.jpg,1000,1000,False,23
1956,Train,t_5149.jpg,600,800,True,0
1960,Train,t_4343.jpg,2000,2000,False,2
1961,Train,t_15708.jpg,800,600,False,3
1971,Train,t_1439.jpg,1500,1500,False,26
1974,Train,t_14679.jpg,4956,5513,True,0
1980,Train,t_8144.jpg,800,600,False,3
1981,Train,t_3528.jpg,600,800,True,0
1984,Train,t_154.jpg,1000,1000,False,1
1988,Train,t_5802.jpg,800,600,False,8
1990,Train,t_4686.jpg,2000,2000,False,6
1993,Train,t_14463.jpg,1000,1000,False,1
1996,Train,t_7828.jpg,600,800,False,2
2002,Train,t_8149.jpg,800,600,False,1
2004,Train,t_14062.jpg,600,800,False,44
2005,Train,t_15574.jpg,1000,1000,False,3
2007,Train,t_10522.jpg,1000,1000,False,8
2011,Train,t_12490.jpg,800,600,False,1
2021,Train,t_6546.jpg,1000,1000,False,3
2023,Train,t_6915.jpg,800,600,False,4
2026,Train,t_11436.jpg,600,800,False,4
2028,Train,t_16218.jpg,1000,1000,False,1
2029,Train,t_5953.jpg,600,800,False,1
2033,Train,t_14076.jpg,1000,1000,False,1
2036,Train,t_911.jpg,1500,1500,False,6
2041,Train,t_14986.jpg,1000,1000,False,20
2043,Train,t_8266.jpg,800,600,False,4
2044,Train,t_14954.jpg,1000,1000,False,2
2045,Train,t_8188.jpg,1000,1000,False,8
2048,Train,t_15126.jpg,600,800,False,1
2050,Train,t_11667.jpg,600,800,False,1
2051,Train,t_2362.jpg,800,600,False,1
2057,Train,t_1046.jpg,1500,1500,False,151
2059,Train,t_9946.jpg,2000,2000,False,2
2060,Train,t_28.jpg,1500,1500,False,18
2064,Train,t_14999.jpg,600,800,False,6
2071,Train,t_8715.jpg,1000,1000,False,2
2074,Train,t_242.jpg,1000,1000,True,0
2077,Train,t_2157.jpg,2000,2000,False,1
2078,Train,t_13790.jpg,1000,1000,False,19
2081,Train,t_12907.jpg,600,800,False,2
2084,Train,t_3774.jpg,1000,1000,False,3
2086,Train,t_1595.jpg,1000,1000,True,0
2087,Train,t_13221.jpg,1000,1000,False,1
2094,Train,t_10364.jpg,1000,1000,False,11
2097,Train,t_963.jpg,1500,1500,False,26
2100,Train,t_4406.jpg,1000,1000,False,2
2103,Train,t_13288.jpg,1000,1000,True,0
2104,Train,t_7973.jpg,600,800,False,4
2107,Train,t_14443.jpg,1000,1000,False,1
2109,Train,t_15961.jpg,800,600,False,2
2110,Train,t_7763.jpg,1000,1000,False,2
2112,Train,t_16235.jpg,600,800,False,5
2113,Train,t_9083.jpg,1000,1000,False,1
2120,Train,t_13167.jpg,600,800,False,10
2121,Train,t_8205.jpg,600,800,False,1
2122,Train,t_484.jpg,1000,1000,True,0
2123,Train,t_16062.jpg,1000,1000,True,0
2124,Train,t_3511.jpg,600,800,False,2
2129,Train,t_227.jpg,1500,1500,False,17
2130,Train,t_3129.jpg,800,600,False,26
2133,Train,t_864.jpg,1000,1000,True,0
2135,Train,t_5988.jpg,1000,1000,False,3
2136,Train,t_15257.jpg,800,600,False,8
2145,Train,t_14375.jpg,1000,1000,False,8
2148,Train,t_14148.jpg,1000,1000,False,3
2150,Train,t_5688.jpg,800,600,False,4
2152,Train,t_10700.jpg,800,600,True,0
2158,Train,t_9125.jpg,1000,1000,False,1
2169,Train,t_6234.jpg,7000,7000,False,5
2179,Train,t_9348.jpg,800,600,False,37
2180,Train,t_11926.jpg,800,600,False,2
2189,Train,t_14700.jpg,600,800,False,3
2192,Train,t_11030.jpg,600,800,False,8
2199,Train,t_16118.jpg,1000,1000,False,53
2202,Train,t_10764.jpg,1000,1000,False,10
2206,Train,t_8672.jpg,800,600,False,2
2211,Train,t_4510.jpg,1000,1000,False,3
2213,Train,t_5957.jpg,600,800,False,10
2214,Train,t_12464.jpg,1000,1000,False,1
2215,Train,t_12125.jpg,1000,1000,False,3
2218,Train,t_5902.jpg,7000,7000,False,2
2221,Train,t_15736.jpg,600,800,False,1
2222,Train,t_7055.jpg,800,600,False,5
2224,Train,t_15475.jpg,1000,1000,False,7
2235,Train,t_6879.jpg,800,600,False,1
2237,Train,t_6344.jpg,1000,1000,False,1
2238,Train,t_1312.jpg,1500,1500,False,3
2243,Train,t_4330.jpg,600,800,False,1
2244,Train,t_4083.jpg,600,800,False,2
2245,Train,t_8441.jpg,800,600,True,0
2247,Train,t_12658.jpg,600,800,False,39
2251,Train,t_14314.jpg,1000,1000,False,1
2256,Train,t_8444.jpg,600,800,False,1
2263,Train,t_10246.jpg,1000,1000,False,3
2265,Train,t_6542.jpg,2000,2000,False,10
2269,Train,t_9085.jpg,1000,1000,False,9
2272,Train,t_1320.jpg,1500,1500,False,7
2273,Train,t_11122.jpg,1000,1000,True,0
2275,Train,t_79.jpg,1500,1500,False,1
2277,Train,t_6415.jpg,600,800,False,2
2281,Train,t_10653.jpg,600,800,False,11
2285,Train,t_12028.jpg,1000,1000,True,0
2287,Train,t_11755.jpg,800,600,False,1
2296,Train,t_5490.jpg,1000,1000,False,2
2299,Train,t_9721.jpg,600,800,True,0
2301,Train,t_11462.jpg,1000,1000,True,0
2302,Train,t_15088.jpg,1000,1000,False,11
2305,Train,t_11930.jpg,1000,1000,False,14
2308,Train,t_5822.jpg,800,600,True,0
2313,Train,t_8799.jpg,800,600,False,1
2315,Train,t_3952.jpg,600,800,False,1
2316,Train,t_1694.jpg,1500,1500,False,90
2318,Train,t_10996.jpg,800,600,False,2
2321,Train,t_1769.jpg,800,600,False,1
2323,Train,t_16179.jpg,800,600,True,0
2325,Train,t_4064.jpg,800,600,False,1
2328,Train,t_11709.jpg,1000,1000,False,3
2339,Train,t_8513.jpg,1000,1000,False,1
2340,Train,t_6013.jpg,2000,2000,False,3
2341,Train,t_563.jpg,1500,1500,False,80
2347,Train,t_2697.jpg,1000,1000,True,0
2348,Train,t_6052.jpg,800,600,False,13
2349,Train,t_13227.jpg,1000,1000,False,9
2350,Train,t_7196.jpg,1000,1000,False,2
2358,Train,t_10717.jpg,600,800,False,3
2360,Train,t_14826.jpg,600,800,False,2
2363,Train,t_9150.jpg,800,600,False,1
2366,Train,t_8992.jpg,1000,1000,False,8
2368,Train,t_869.jpg,1000,1000,True,0
2370,Train,t_4315.jpg,1000,1000,False,24
2372,Train,t_15282.jpg,1000,1000,False,3
2374,Train,t_14095.jpg,800,600,False,1
2378,Train,t_4767.jpg,800,600,False,1
2379,Train,t_677.jpg,1500,1500,False,3
2380,Train,t_12894.jpg,600,800,False,2
2381,Train,t_7425.jpg,1000,1000,False,10
2382,Train,t_2720.jpg,600,800,False,5
2383,Train,t_10650.jpg,800,600,False,12
2385,Train,t_5356.jpg,800,600,False,1
2389,Train,t_12664.jpg,800,600,False,4
2390,Train,t_9706.jpg,2000,2000,False,1
2393,Train,t_474.jpg,1500,1500,False,9
2396,Train,t_7564.jpg,2000,2000,False,6
2400,Train,t_5016.jpg,1000,1000,False,4
2409,Train,t_848.jpg,1500,1500,False,11
2411,Train,t_13468.jpg,800,600,False,3
2415,Train,t_4045.jpg,1000,1000,False,2
2419,Train,t_14019.jpg,1000,1000,False,15
2425,Train,t_13976.jpg,600,800,False,1
2428,Train,t_2890.jpg,1000,1000,False,9
2431,Train,t_6391.jpg,800,600,False,3
2434,Train,t_13669.jpg,1000,1000,False,1
2436,Train,t_554.jpg,1500,1500,False,2
2441,Train,t_10852.jpg,600,800,False,11
2445,Train,t_3228.jpg,1000,1000,False,2
2448,Train,t_13940.jpg,1000,1000,True,0
2453,Train,t_5643.jpg,800,600,False,3
2454,Train,t_10513.jpg,1000,1000,False,16
2461,Train,t_593.jpg,1500,1500,False,91
2463,Train,t_1328.jpg,1500,1500,False,1
2464,Train,t_3693.jpg,800,800,True,0
2466,Train,t_7472.jpg,1000,1000,False,12
2468,Train,t_5719.jpg,2000,2000,False,11
2470,Train,t_9950.jpg,1000,1000,False,1
2471,Train,t_5564.jpg,700,700,True,0
2478,Train,t_2137.jpg,1000,1000,False,1
2483,Train,t_14611.jpg,1000,1000,False,11
2488,Train,t_13355.jpg,800,600,False,10
2493,Train,t_11319.jpg,600,800,False,1
2495,Train,t_13192.jpg,600,800,True,0
2498,Train,t_4956.jpg,600,800,False,1
2500,Train,t_8675.jpg,600,800,False,1
2502,Train,t_13947.jpg,800,600,False,1
2507,Train,t_13631.jpg,1000,1000,False,1
2512,Train,t_12225.jpg,800,600,False,3
2517,Train,t_2775.jpg,600,800,False,1
2522,Train,t_338.jpg,1000,1000,False,1
2535,Train,t_8255.jpg,800,600,False,2
2541,Train,t_8413.jpg,600,800,False,1
2546,Train,t_5417.jpg,1000,1000,False,2
2548,Train,t_3122.jpg,1000,1000,True,0
2549,Train,t_7841.jpg,600,800,False,16
2555,Train,t_3788.jpg,1000,1000,False,14
2557,Train,t_38.jpg,1500,1500,False,8
2559,Train,t_9522.jpg,2000,2000,False,14
2567,Train,t_10212.jpg,2000,2000,False,2
2571,Train,t_9014.jpg,1000,1000,False,1
2582,Train,t_9789.jpg,800,600,False,5
2584,Train,t_8308.jpg,800,600,False,1
2586,Train,t_11499.jpg,1000,1000,False,1
2588,Train,t_14730.jpg,600,800,False,3
2594,Train,t_13296.jpg,800,600,False,9
2596,Train,t_13937.jpg,1000,1000,False,1
2597,Train,t_6497.jpg,800,600,False,1
2602,Train,t_10694.jpg,1000,1000,False,8
2603,Train,t_1467.jpg,1500,1500,False,2
2607,Train,t_13755.jpg,600,800,True,0
2608,Train,t_6060.jpg,1000,1000,False,7
2614,Train,t_5320.jpg,600,800,False,9
2622,Train,t_10483.jpg,800,600,False,1
2628,Train,t_9988.jpg,800,600,False,3
2629,Train,t_12356.jpg,800,600,False,1
2630,Train,t_6468.jpg,800,600,False,35
2632,Train,t_3861.jpg,1000,1000,False,1
2633,Train,t_7235.jpg,600,800,False,1
2635,Train,t_6017.jpg,1000,1000,True,0
2643,Train,t_10923.jpg,600,800,True,0
2647,Train,t_4574.jpg,1000,1000,True,0
2652,Train,t_15979.jpg,600,800,False,2
2653,Train,t_1473.jpg,1500,1500,False,9
2654,Train,t_16396.jpg,1000,1000,False,3
2661,Train,t_11624.jpg,1000,1000,False,15
2663,Train,t_16274.jpg,600,800,False,16
2671,Train,t_3006.jpg,800,600,False,1
2672,Train,t_7996.jpg,800,600,False,1
2675,Train,t_6487.jpg,1000,1000,False,4
2677,Train,t_1654.jpg,1500,1500,False,6
2680,Train,t_12961.jpg,1000,1000,False,13
2683,Train,t_950.jpg,1500,1500,False,6
2684,Train,t_10135.jpg,1000,1000,False,1
2685,Train,t_3765.jpg,800,600,False,1
2688,Train,t_4851.jpg,800,600,False,2
2692,Train,t_896.jpg,1500,1500,False,19
2695,Train,t_3213.jpg,1000,1000,False,2
2701,Train,t_12288.jpg,1000,1000,False,1
2706,Train,t_7909.jpg,1000,1000,False,1
2710,Train,t_18.jpg,1000,1000,True,0
2712,Train,t_1738.jpg,800,600,False,2
2714,Train,t_6069.jpg,1000,1000,False,2
2718,Train,t_1207.jpg,1500,1500,False,5
2719,Train,t_11771.jpg,2000,2000,False,39
2722,Train,t_11652.jpg,1000,1000,False,2
2723,Train,t_3436.jpg,600,800,False,16
2724,Train,t_15176.jpg,600,800,False,1
2726,Train,t_14424.jpg,600,800,False,4
2728,Train,t_1678.jpg,1500,1500,False,3
2729,Train,t_405.jpg,1500,1500,False,11
2732,Train,t_3579.jpg,1000,1000,False,4
2733,Train,t_6954.jpg,1000,1000,False,1
2734,Train,t_12934.jpg,600,800,False,6
2736,Train,t_10124.jpg,800,600,False,7
2737,Train,t_2877.jpg,1000,1000,True,0
2743,Train,t_8466.jpg,800,600,False,1
2744,Train,t_9752.jpg,1000,1000,False,2
2745,Train,t_9027.jpg,800,600,False,5
2747,Train,t_8123.jpg,800,600,False,2
2748,Train,t_16324.jpg,800,600,False,1
2750,Train,t_10614.jpg,1000,1000,False,6
2753,Train,t_4896.jpg,2000,2000,False,2
2755,Train,t_7855.jpg,1000,1000,False,35
2759,Train,t_14851.jpg,800,600,False,8
2760,Train,t_7597.jpg,800,600,False,1
2762,Train,t_1086.jpg,1500,1500,False,2
2763,Train,t_4209.jpg,1000,1000,False,51
2765,Train,t_643.jpg,1500,1500,False,7
2767,Train,t_8663.jpg,800,600,False,1
2771,Train,t_14728.jpg,600,800,False,1
2775,Train,t_2575.jpg,600,800,False,2
2778,Train,t_5451.jpg,800,600,False,1
2781,Train,t_12007.jpg,900,900,True,0
2783,Train,t_10232.jpg,600,800,False,1
2791,Train,t_8306.jpg,1000,1000,False,1
2793,Train,t_7854.jpg,1000,1000,False,33
2795,Train,t_9096.jpg,600,800,False,9
2797,Train,t_4189.jpg,1000,1000,False,2
2799,Train,t_12267.jpg,600,800,False,3
2800,Train,t_15511.jpg,800,600,False,1
2801,Train,t_1664.jpg,1500,1500,False,2
2802,Train,t_9662.jpg,800,600,False,1
2805,Train,t_1038.jpg,1500,1500,False,2
2807,Train,t_11215.jpg,1000,1000,False,7
2808,Train,t_8487.jpg,1000,1000,False,3
2809,Train,t_13467.jpg,600,800,False,1
2811,Train,t_202.jpg,1500,1500,False,11
2812,Train,t_5911.jpg,600,800,True,0
2815,Train,t_108.jpg,1500,1500,False,6
2817,Train,t_2386.jpg,1000,1000,False,5
2820,Train,t_891.jpg,1000,1000,False,1
2824,Train,t_8354.jpg,600,800,False,11
2831,Train,t_4405.jpg,1000,1000,False,2
2832,Train,t_1494.jpg,1500,1500,False,6
2834,Train,t_5305.jpg,600,800,False,1
2835,Train,t_9058.jpg,2000,2000,False,20
2836,Train,t_13381.jpg,800,600,False,1
2839,Train,t_1765.jpg,800,600,False,3
2840,Train,t_4954.jpg,1000,1000,False,2
2842,Train,t_10501.jpg,800,600,False,3
2843,Train,t_1446.jpg,1500,1500,False,9
2853,Train,t_8185.jpg,600,800,False,1
2856,Train,t_12893.jpg,800,600,False,1
2858,Train,t_4969.jpg,600,800,False,2
2861,Train,t_8449.jpg,600,800,False,2
2863,Train,t_12774.jpg,800,600,False,1
2864,Train,t_2837.jpg,1000,1000,False,4
2869,Train,t_279.jpg,1000,1000,True,0
2870,Train,t_16353.jpg,1000,1000,False,3
2872,Train,t_15675.jpg,1000,1000,False,3
2873,Train,t_3599.jpg,1000,1000,False,1
2876,Train,t_2328.jpg,800,600,False,1
2879,Train,t_7615.jpg,1000,1000,False,1
2884,Train,t_4447.jpg,600,800,False,18
2895,Train,t_435.jpg,1500,1500,False,8
2899,Train,t_7759.jpg,1000,1000,False,12
2900,Train,t_15901.jpg,800,600,True,0
2901,Train,t_2094.jpg,1000,1000,False,1
2902,Train,t_13335.jpg,800,600,True,0
2904,Train,t_14397.jpg,1000,1000,False,2
2905,Train,t_16176.jpg,1000,1000,False,13
2909,Train,t_13542.jpg,1000,1000,False,1
2911,Train,t_7914.jpg,1000,1000,False,1
2912,Train,t_7999.jpg,1000,1000,False,1
2915,Train,t_13515.jpg,1000,1000,False,1
2916,Train,t_7312.jpg,1000,1000,False,3
2917,Train,t_1516.jpg,1500,1500,False,3
2922,Train,t_10862.jpg,600,800,False,4
2923,Train,t_14113.jpg,1000,1000,False,4
2924,Train,t_3463.jpg,1000,1000,True,0
2926,Train,t_2901.jpg,2000,2000,False,15
2927,Train,t_8724.jpg,600,800,False,9
2933,Train,t_16111.jpg,800,600,False,1
2935,Train,t_4671.jpg,1000,1000,False,1
2937,Train,t_442.jpg,1500,1500,False,2
2938,Train,t_11239.jpg,800,600,False,1
2939,Train,t_6036.jpg,1000,1000,False,4
2941,Train,t_1683.jpg,1500,1500,False,4
2942,Train,t_6346.jpg,2000,2000,False,222
2945,Train,t_13032.jpg,1000,1000,False,1
2946,Train,t_14571.jpg,800,600,True,0
2947,Train,t_13423.jpg,800,600,False,2
2948,Train,t_13722.jpg,800,600,False,2
2951,Train,t_11232.jpg,1000,1000,False,1
2952,Train,t_6518.jpg,600,800,True,0
2959,Train,t_10141.jpg,1000,1000,False,1
2964,Train,t_2334.jpg,1000,1000,False,1
2972,Train,t_5464.jpg,600,800,False,3
2974,Train,t_5853.jpg,1000,1000,False,9
2989,Train,t_2132.jpg,600,800,False,45
2993,Train,t_13806.jpg,1000,1000,False,1
2994,Train,t_11758.jpg,600,800,False,1
3001,Train,t_9301.jpg,600,800,False,1
3015,Train,t_1014.jpg,1500,1500,False,2
3024,Train,t_15954.jpg,1000,1000,False,1
3032,Train,t_14539.jpg,800,600,False,28
3042,Train,t_1326.jpg,1000,1000,True,0
3043,Train,t_16411.jpg,1000,1000,False,15
3046,Train,t_11446.jpg,600,800,False,8
3047,Train,t_1871.jpg,800,600,False,6
3048,Train,t_3878.jpg,800,600,False,58
3049,Train,t_1615.jpg,1500,1500,False,65
3057,Train,t_297.jpg,1000,1000,False,1
3058,Train,t_15021.jpg,600,800,False,1
3059,Train,t_16138.jpg,1000,1000,False,100
3071,Train,t_16192.jpg,600,800,False,5
3076,Train,t_11960.jpg,1000,1000,True,0
3079,Train,t_5215.jpg,1000,1000,False,34
3085,Train,t_7267.jpg,600,800,False,1
3086,Train,t_940.jpg,1500,1500,False,3
3088,Train,t_1682.jpg,1500,1500,False,2
3089,Train,t_469.jpg,1500,1500,False,64
3093,Train,t_13111.jpg,1000,1000,False,1
3102,Train,t_14230.jpg,800,600,False,63
3106,Train,t_3484.jpg,1000,1000,False,1
3107,Train,t_4707.jpg,800,600,False,6
3108,Train,t_1256.jpg,1000,1000,False,1
3112,Train,t_13715.jpg,1000,1000,False,6
3115,Train,t_1754.jpg,600,800,False,1
3116,Train,t_12174.jpg,800,600,False,2
3118,Train,t_41.jpg,1500,1500,False,48
3121,Train,t_4961.jpg,600,800,False,3
3124,Train,t_15538.jpg,1000,1000,False,1
3126,Train,t_5754.jpg,800,600,False,1
3130,Train,t_11592.jpg,1000,1000,False,3
3135,Train,t_1288.jpg,1500,1500,False,5
3137,Train,t_13873.jpg,600,800,False,1
3142,Train,t_16074.jpg,800,600,False,1
3146,Train,t_3582.jpg,600,800,True,0
3147,Train,t_12542.jpg,600,800,False,17
3150,Train,t_8039.jpg,600,800,False,4
3157,Train,t_12739.jpg,600,800,False,8
3158,Train,t_14644.jpg,600,800,False,1
3160,Train,t_250.jpg,1500,1500,False,10
3162,Train,t_13100.jpg,1000,1000,False,8
3165,Train,t_2046.jpg,800,600,False,7
3167,Train,t_1201.jpg,1500,1500,False,3
3170,Train,t_14350.jpg,1000,1000,False,2
3171,Train,t_11271.jpg,600,800,False,2
3174,Train,t_10481.jpg,800,600,False,4
3176,Train,t_9620.jpg,1000,1000,False,2
3177,Train,t_6316.jpg,1000,1000,True,0
3180,Train,t_15040.jpg,600,800,False,1
3188,Train,t_9613.jpg,1000,1000,False,1
3194,Train,t_9208.jpg,1000,1000,False,6
3196,Train,t_3372.jpg,600,800,False,1
3197,Train,t_14193.jpg,600,800,False,5
3198,Train,t_14677.jpg,600,800,False,1
3203,Train,t_2592.jpg,600,800,False,3
3205,Train,t_1890.jpg,1000,1000,False,11
3207,Train,t_8060.jpg,800,600,False,2
3208,Train,t_15916.jpg,800,600,False,11
3210,Train,t_5053.jpg,2000,2000,False,30
3215,Train,t_13001.jpg,1000,1000,False,3
3222,Train,t_1939.jpg,1000,1000,False,1
3224,Train,t_3096.jpg,1000,1000,True,0
3226,Train,t_12080.jpg,600,800,False,2
3227,Train,t_4396.jpg,600,800,False,2
3229,Train,t_1061.jpg,1500,1500,False,3
3238,Train,t_6214.jpg,600,800,False,1
3241,Train,t_3959.jpg,1000,1000,True,0
3242,Train,t_6181.jpg,1000,1000,False,2
3244,Train,t_951.jpg,1500,1500,False,18
3246,Train,t_13448.jpg,1000,1000,False,25
3249,Train,t_2892.jpg,1000,1000,False,1
3251,Train,t_16038.jpg,1000,1000,False,8
3253,Train,t_5311.jpg,800,600,False,5
3257,Train,t_3900.jpg,800,600,False,1
3258,Train,t_3886.jpg,600,800,False,5
3267,Train,t_9505.jpg,600,800,False,1
3269,Train,t_11.jpg,1500,1500,False,2
3278,Train,t_12155.jpg,600,800,False,3
3279,Train,t_13004.jpg,800,600,False,2
3281,Train,t_8720.jpg,600,800,False,1
3282,Train,t_6918.jpg,800,600,False,1
3288,Train,t_6286.jpg,2000,2000,False,28
3290,Train,t_1391.jpg,1500,1500,False,6
3296,Train,t_14270.jpg,600,800,True,0
3298,Train,t_5599.jpg,600,800,False,1
3301,Train,t_14788.jpg,800,600,False,1
3306,Train,t_10760.jpg,800,600,False,1
3309,Train,t_15130.jpg,1000,1000,False,8
3310,Train,t_4129.jpg,600,800,False,5
3314,Train,t_12214.jpg,1000,1000,False,2
3316,Train,t_11782.jpg,600,800,False,1
3317,Train,t_1362.jpg,1000,1000,True,0
3319,Train,t_9575.jpg,1000,1000,False,1
3320,Train,t_9749.jpg,800,600,False,7
3321,Train,t_12720.jpg,1000,1000,False,2
3323,Train,t_1853.jpg,1000,1000,False,11
3326,Train,t_8988.jpg,800,800,True,0
3331,Train,t_4199.jpg,1000,1000,False,1
3337,Train,t_5706.jpg,1000,1000,False,1
3342,Train,t_3133.jpg,800,600,False,23
3352,Train,t_82.jpg,1500,1500,False,14
3354,Train,t_12561.jpg,1000,1000,False,9
3356,Train,t_14846.jpg,800,600,False,28
3357,Train,t_8552.jpg,800,600,False,1
3359,Train,t_10398.jpg,600,800,False,1
3363,Train,t_9403.jpg,1000,1000,False,1
3364,Train,t_267.jpg,1500,1500,False,5
3366,Train,t_3602.jpg,1000,1000,False,1
3369,Train,t_13758.jpg,800,600,False,1
3371,Train,t_9755.jpg,600,800,True,0
3375,Train,t_4185.jpg,1000,1000,False,1
3378,Train,t_517.jpg,1500,1500,False,4
3386,Train,t_3753.jpg,1000,1000,False,10
3390,Train,t_6517.jpg,1000,1000,False,3
3391,Train,t_5980.jpg,800,600,False,7
3397,Train,t_5058.jpg,1000,1000,False,2
3402,Train,t_10210.jpg,1000,1000,False,2
3408,Train,t_7081.jpg,1000,1000,False,1
3411,Train,t_14625.jpg,1000,1000,False,1
3412,Train,t_9510.jpg,600,800,False,1
3414,Train,t_8028.jpg,600,800,False,3
3415,Train,t_10719.jpg,800,600,False,1
3416,Train,t_6094.jpg,1000,1000,False,4
3419,Train,t_7801.jpg,1000,1000,False,4
3421,Train,t_10654.jpg,1000,1000,False,1
3425,Train,t_1229.jpg,1000,1000,False,96
3428,Train,t_7293.jpg,1000,1000,False,1
3435,Train,t_13450.jpg,2000,2000,False,1
3438,Train,t_10125.jpg,800,600,False,2
3444,Train,t_14206.jpg,1000,1000,False,4
3446,Train,t_2434.jpg,800,600,False,11
3449,Train,t_10597.jpg,1000,1000,False,2
3450,Train,t_3325.jpg,1000,1000,False,3
3453,Train,t_8894.jpg,800,600,False,3
3458,Train,t_2983.jpg,800,600,False,1
3464,Train,t_3682.jpg,1000,1000,False,3
3466,Train,t_1742.jpg,1000,1000,False,2
3472,Train,t_14771.jpg,800,600,False,7
3479,Train,t_13954.jpg,5877,5712,False,1
3485,Train,t_9205.jpg,600,800,False,6
3497,Train,t_1173.jpg,1500,1500,False,7
3506,Train,t_12503.jpg,800,600,False,2
3510,Train,t_15454.jpg,800,600,False,12
3511,Train,t_2483.jpg,800,600,False,1
3513,Train,t_6482.jpg,1000,1000,False,6
3525,Train,t_11373.jpg,1000,1000,False,12
3527,Train,t_15578.jpg,1000,1000,False,1
3528,Train,t_4605.jpg,600,800,False,1
3530,Train,t_14462.jpg,600,800,False,1
3532,Train,t_8072.jpg,1000,1000,False,2
3534,Train,t_9447.jpg,600,800,False,1
3537,Train,t_8335.jpg,800,600,False,6
3539,Train,t_6116.jpg,1000,1000,False,10
3540,Train,t_9227.jpg,800,600,False,14
3542,Train,t_4849.jpg,600,800,False,6
3545,Train,t_10251.jpg,600,800,True,0
3548,Train,t_10639.jpg,800,600,False,1
3549,Train,t_5518.jpg,2000,2000,False,3
3553,Train,t_15062.jpg,800,600,False,1
3554,Train,t_2095.jpg,800,600,False,1
3556,Train,t_12625.jpg,1000,1000,False,1
3557,Train,t_4025.jpg,800,600,False,1
3558,Train,t_13711.jpg,1000,1000,False,1
3560,Train,t_9866.jpg,800,600,False,3
3566,Train,t_9270.jpg,1000,1000,False,27
3567,Train,t_1923.jpg,600,800,False,4
3568,Train,t_14568.jpg,800,600,False,2
3571,Train,t_6008.jpg,1000,1000,False,1
3572,Train,t_15513.jpg,600,800,False,1
3573,Train,t_14689.jpg,600,800,False,1
3574,Train,t_2919.jpg,1000,1000,False,2
3575,Train,t_1232.jpg,1500,1500,False,54
3587,Train,t_14662.jpg,600,800,False,4
3590,Train,t_9860.jpg,1000,1000,False,4
3597,Train,t_6908.jpg,1000,1000,False,7
3598,Train,t_9365.jpg,1000,1000,False,1
3600,Train,t_1102.jpg,1500,1500,False,10
3605,Train,t_12587.jpg,800,600,False,9
3607,Train,t_4341.jpg,800,600,False,1
3612,Train,t_7944.jpg,800,600,False,2
3613,Train,t_14036.jpg,800,600,False,1
3615,Train,t_475.jpg,1500,1500,False,27
3628,Train,t_7642.jpg,600,800,True,0
3630,Train,t_9124.jpg,600,800,False,4
3632,Train,t_15065.jpg,800,600,False,1
3635,Train,t_10049.jpg,600,800,False,2
3644,Train,t_308.jpg,1500,1500,False,6
3646,Train,t_3115.jpg,1000,1000,False,3
3651,Train,t_592.jpg,1500,1500,False,3
3652,Train,t_12156.jpg,1000,1000,False,4
3659,Train,t_12733.jpg,600,800,False,10
3662,Train,t_8207.jpg,600,800,False,3
3665,Train,t_10809.jpg,1000,1000,False,2
3668,Train,t_12579.jpg,600,800,False,5
3674,Train,t_16391.jpg,1000,1000,False,3
3676,Train,t_11649.jpg,600,800,False,3
3677,Train,t_15678.jpg,800,600,False,7
3681,Train,t_8847.jpg,800,600,False,2
3682,Train,t_300.jpg,1000,1000,False,7
3692,Train,t_16470.jpg,600,800,False,12
3699,Train,t_12296.jpg,600,800,False,7
3701,Train,t_8334.jpg,1000,1000,False,4
3705,Train,t_10986.jpg,1000,1000,False,4
3706,Train,t_4949.jpg,1000,1000,False,7
3709,Train,t_13264.jpg,1000,1000,False,1
3711,Train,t_10861.jpg,600,800,True,0
3713,Train,t_4236.jpg,2000,2000,False,200
3717,Train,t_12082.jpg,800,600,False,2
3718,Train,t_7946.jpg,600,800,False,2
3722,Train,t_2491.jpg,600,800,False,1
3726,Train,t_7743.jpg,1000,1000,False,18
3730,Train,t_11207.jpg,600,800,False,5
3733,Train,t_4967.jpg,800,600,False,6
3736,Train,t_651.jpg,1000,1000,True,0
3742,Train,t_13653.jpg,800,600,False,8
3743,Train,t_3410.jpg,800,600,False,2
3747,Train,t_14695.jpg,600,800,True,0
3749,Train,t_7507.jpg,800,600,False,5
3754,Train,t_11933.jpg,1000,1000,False,5
3765,Train,t_6550.jpg,600,800,False,2
3767,Train,t_1448.jpg,1000,1000,True,0
3771,Train,t_9624.jpg,1000,1000,False,2
3774,Train,t_10349.jpg,2000,2000,False,19
3778,Train,t_9685.jpg,1000,1000,False,13
3780,Train,t_881.jpg,1500,1500,False,2
3785,Train,t_844.jpg,1500,1500,False,49
3786,Train,t_3354.jpg,1000,1000,False,2
3787,Train,t_6714.jpg,600,800,False,1
3788,Train,t_14390.jpg,1000,1000,True,0
3789,Train,t_11583.jpg,1000,1000,False,1
3790,Train,t_15465.jpg,1000,1000,True,0
3793,Train,t_16350.jpg,2000,2000,False,107
3800,Train,t_10978.jpg,600,800,False,1
3804,Train,t_5146.jpg,800,600,False,2
3808,Train,t_180.jpg,1500,1500,False,36
3815,Train,t_7200.jpg,800,600,False,1
3821,Train,t_5344.jpg,600,800,False,1
3825,Train,t_15811.jpg,800,600,False,3
3832,Train,t_11370.jpg,1000,1000,False,3
3833,Train,t_10489.jpg,1000,1000,False,1
3836,Train,t_14101.jpg,1000,1000,False,2
3839,Train,t_7035.jpg,600,800,False,1
3840,Train,t_10570.jpg,1000,1000,False,25
3842,Train,t_10336.jpg,1000,1000,False,2
3844,Train,t_14507.jpg,1000,1000,True,0
3845,Train,t_7570.jpg,1000,1000,False,2
3846,Train,t_4391.jpg,1000,1000,False,1
3850,Train,t_5195.jpg,800,600,False,1
3852,Train,t_15435.jpg,800,600,False,1
3854,Train,t_13367.jpg,600,800,False,1
3855,Train,t_8509.jpg,600,800,False,2
3862,Train,t_5919.jpg,800,600,False,7
3863,Train,t_4747.jpg,1000,1000,False,17
3864,Train,t_12477.jpg,800,600,True,0
3872,Train,t_8161.jpg,600,800,False,8
3874,Train,t_8494.jpg,1000,1000,False,18
3876,Train,t_14082.jpg,800,600,False,6
3877,Train,t_1620.jpg,1500,1500,False,29
3880,Train,t_14060.jpg,800,600,False,1
3882,Train,t_10640.jpg,600,800,False,1
3884,Train,t_6678.jpg,800,600,False,18
3891,Train,t_14515.jpg,1000,1000,False,1
3894,Train,t_16131.jpg,1000,1000,False,1
3900,Train,t_7244.jpg,800,600,True,0
3901,Train,t_4970.jpg,800,600,False,4
3903,Train,t_1442.jpg,1500,1500,False,8
3906,Train,t_9356.jpg,1000,1000,False,1
3918,Train,t_10320.jpg,800,600,False,4
3920,Train,t_15045.jpg,1000,1000,False,1
3925,Train,t_8446.jpg,1000,1000,False,4
3927,Train,t_10811.jpg,800,800,True,0
3932,Train,t_13346.jpg,800,600,False,1
3939,Train,t_7470.jpg,800,600,False,1
3941,Train,t_13019.jpg,1000,1000,False,1
3944,Train,t_3230.jpg,1000,1000,False,25
3947,Train,t_8046.jpg,600,800,False,1
3951,Train,t_4323.jpg,1000,1000,False,1
3952,Train,t_3748.jpg,800,600,False,3
3958,Train,t_3676.jpg,1000,1000,False,21
3960,Train,t_10925.jpg,1000,1000,False,27
3965,Train,t_3776.jpg,600,800,False,3
3966,Train,t_11399.jpg,1000,1000,True,0
3967,Train,t_3778.jpg,1000,1000,True,0
3968,Train,t_2290.jpg,900,900,True,0
3969,Train,t_13188.jpg,1000,1000,False,1
3970,Train,t_7210.jpg,1000,1000,False,1
3975,Train,t_15367.jpg,1000,1000,False,76
3981,Train,t_1269.jpg,1500,1500,False,9
3989,Train,t_6436.jpg,1000,1000,False,5
3991,Train,t_816.jpg,1500,1500,False,9
3996,Train,t_9854.jpg,800,600,False,2
3997,Train,t_8281.jpg,600,800,False,2
3998,Train,t_1203.jpg,1500,1500,False,59
4002,Train,t_2071.jpg,1000,1000,False,7
4004,Train,t_2177.jpg,800,600,False,2
4014,Train,t_15682.jpg,800,600,True,0
4019,Train,t_2709.jpg,600,800,False,5
4020,Train,t_15838.jpg,2000,2000,False,4
4028,Train,t_5200.jpg,800,600,False,1
4034,Train,t_2602.jpg,1000,1000,False,3
4035,Train,t_12263.jpg,1000,1000,False,1
4049,Train,t_1291.jpg,1500,1500,False,21
4051,Train,t_10690.jpg,1000,1000,False,16
4052,Train,t_6217.jpg,1000,1000,True,0
4056,Train,t_13731.jpg,1000,1000,False,2
4059,Train,t_4329.jpg,1000,1000,False,20
4060,Train,t_6169.jpg,1000,1000,False,1
4071,Train,t_4901.jpg,1000,1000,False,33
4074,Train,t_2346.jpg,800,600,False,1
4083,Train,t_7852.jpg,1000,1000,False,3
4093,Train,t_15434.jpg,1000,1000,False,1
4101,Train,t_14931.jpg,1000,1000,False,1
4104,Train,t_8324.jpg,1000,1000,False,1
4105,Train,t_15952.jpg,600,800,False,5
4106,Train,t_10869.jpg,600,800,False,1
4109,Train,t_14326.jpg,600,800,False,2
4110,Train,t_8145.jpg,800,600,False,3
4111,Train,t_9747.jpg,800,600,False,2
4113,Train,t_13712.jpg,1000,1000,False,2
4120,Train,t_10817.jpg,600,800,False,3
4122,Train,t_7461.jpg,800,600,False,13
4124,Train,t_2317.jpg,800,600,False,1
4125,Train,t_4376.jpg,1000,1000,False,3
4126,Train,t_12076.jpg,1000,1000,False,6
4128,Train,t_7032.jpg,1000,1000,False,3
4129,Train,t_6308.jpg,800,600,False,4
4141,Train,t_893.jpg,1500,1500,False,3
4142,Train,t_15113.jpg,900,900,True,0
4143,Train,t_1414.jpg,1500,1500,False,1
4147,Train,t_2945.jpg,600,800,False,1
4148,Train,t_12027.jpg,800,600,False,6
4152,Train,t_12523.jpg,1000,1000,False,4
4155,Train,t_2840.jpg,600,800,False,1
4157,Train,t_7903.jpg,600,800,False,2
4159,Train,t_10058.jpg,800,600,False,1
4160,Train,t_6193.jpg,800,600,False,5
4166,Train,t_4108.jpg,1000,1000,False,6
4175,Train,t_5855.jpg,1000,1000,False,1
4176,Train,t_9531.jpg,1000,1000,False,8
4178,Train,t_1574.jpg,1000,1000,False,2
4181,Train,t_9469.jpg,1000,1000,False,12
4183,Train,t_6272.jpg,1000,1000,False,4
4185,Train,t_11911.jpg,800,600,False,3
4189,Train,t_2227.jpg,600,800,False,2
4192,Train,t_7455.jpg,2000,2000,False,4
4194,Train,t_5108.jpg,1000,1000,False,2
4197,Train,t_6672.jpg,600,800,False,1
4199,Train,t_6240.jpg,600,800,False,34
4200,Train,t_9250.jpg,600,800,False,1
4201,Train,t_13892.jpg,1000,1000,False,9
4206,Train,t_14562.jpg,600,800,False,1
4207,Train,t_7677.jpg,800,600,False,1
4209,Train,t_13272.jpg,1000,1000,False,4
4210,Train,t_14452.jpg,1000,1000,False,2
4211,Train,t_14962.jpg,1000,1000,False,1
4213,Train,t_9819.jpg,1000,1000,False,3
4219,Train,t_1280.jpg,1500,1500,False,11
4223,Train,t_9645.jpg,1000,1000,False,1
4227,Train,t_2332.jpg,1000,1000,False,3
4230,Train,t_10015.jpg,600,800,False,13
4231,Train,t_13587.jpg,600,800,False,1
4232,Train,t_10000.jpg,1000,1000,False,5
4233,Train,t_1641.jpg,1500,1500,False,6
4234,Train,t_15091.jpg,600,800,False,1
4235,Train,t_4225.jpg,2000,2000,False,9
4236,Train,t_3540.jpg,1000,1000,False,3
4237,Train,t_2751.jpg,1000,1000,False,2
4240,Train,t_10605.jpg,800,600,False,1
4243,Train,t_7755.jpg,800,600,False,2
4246,Train,t_13233.jpg,1000,1000,False,1
4248,Train,t_9999.jpg,800,600,False,1
4249,Train,t_6930.jpg,1000,1000,False,2
4252,Train,t_10698.jpg,1000,1000,False,1
4255,Train,t_4562.jpg,1000,1000,True,0
4258,Train,t_304.jpg,1500,1500,False,8
4260,Train,t_9082.jpg,2000,2000,False,4
4266,Train,t_1298.jpg,1500,1500,False,10
4268,Train,t_6187.jpg,800,600,False,1
4270,Train,t_8200.jpg,1000,1000,False,1
4278,Train,t_3549.jpg,600,800,False,34
4279,Train,t_15721.jpg,600,800,False,1
4285,Train,t_4982.jpg,800,600,False,1
4287,Train,t_13058.jpg,600,800,False,1
4290,Train,t_6931.jpg,800,600,False,4
4293,Train,t_1186.jpg,1500,1500,False,11
4294,Train,t_13925.jpg,800,600,True,0
4296,Train,t_7189.jpg,600,800,False,2
4297,Train,t_5559.jpg,1000,1000,False,3
4300,Train,t_14180.jpg,1000,1000,False,1
4303,Train,t_12677.jpg,600,800,False,3
4304,Train,t_15716.jpg,2000,2000,False,17
4305,Train,t_10689.jpg,600,800,False,3
4310,Train,t_10128.jpg,1000,1000,True,0
4311,Train,t_5459.jpg,1000,1000,False,19
4312,Train,t_4121.jpg,1000,1000,False,2
4319,Train,t_13532.jpg,600,800,False,1
4323,Train,t_16125.jpg,1000,1000,False,5
4326,Train,t_15081.jpg,600,800,False,1
4333,Train,t_8889.jpg,2000,2000,False,8
4334,Train,t_13630.jpg,600,800,False,13
4336,Train,t_3127.jpg,600,800,True,0
4341,Train,t_1431.jpg,1500,1500,False,4
4343,Train,t_13360.jpg,800,600,False,5
4346,Train,t_8549.jpg,600,800,False,6
4354,Train,t_5001.jpg,800,600,False,1
4357,Train,t_2591.jpg,800,600,False,1
4358,Train,t_12636.jpg,600,800,False,1
4361,Train,t_13693.jpg,1000,1000,False,2
4362,Train,t_4017.jpg,1000,1000,False,2
4363,Train,t_15504.jpg,800,600,True,0
4364,Train,t_12869.jpg,800,600,False,1
4365,Train,t_175.jpg,1500,1500,False,10
4369,Train,t_1705.jpg,1500,1500,False,2
4372,Train,t_11860.jpg,800,600,False,2
4375,Train,t_7548.jpg,800,600,False,2
4377,Train,t_14477.jpg,800,600,False,3
4378,Train,t_15049.jpg,2000,2000,False,7
4379,Train,t_14633.jpg,600,800,False,11
4381,Train,t_8283.jpg,800,600,True,0
4384,Train,t_8227.jpg,1000,1000,False,8
4395,Train,t_10783.jpg,600,800,False,1
4398,Train,t_6697.jpg,1000,1000,True,0
4410,Train,t_3755.jpg,800,600,False,1
4415,Train,t_6876.jpg,1000,1000,False,18
4416,Train,t_5586.jpg,1000,1000,False,14
4418,Train,t_2443.jpg,1000,1000,False,17
4421,Train,t_6844.jpg,800,600,False,2
4422,Train,t_4983.jpg,1000,1000,False,9
4439,Train,t_15717.jpg,800,600,False,11
4441,Train,t_8698.jpg,600,800,False,1
4443,Train,t_15371.jpg,800,600,False,2
4444,Train,t_4580.jpg,2000,2000,False,26
4446,Train,t_13575.jpg,2000,2000,False,8
4448,Train,t_8545.jpg,1000,1000,False,3
4453,Train,t_1561.jpg,1500,1500,False,12
4455,Train,t_3090.jpg,800,600,False,3
4457,Train,t_15820.jpg,1000,1000,False,7
4458,Train,t_9580.jpg,600,800,False,5
4460,Train,t_13968.jpg,800,600,False,5
4462,Train,t_6328.jpg,1000,1000,False,2
4468,Train,t_6717.jpg,2000,2000,False,10
4472,Train,t_4132.jpg,1000,1000,False,1
4473,Train,t_1250.jpg,1000,1000,False,30
4474,Train,t_2874.jpg,600,800,False,8
4476,Train,t_641.jpg,1500,1500,False,16
4479,Train,t_12867.jpg,1000,1000,True,0
4485,Train,t_3803.jpg,800,600,False,299
4492,Train,t_13726.jpg,800,600,False,10
4493,Train,t_15565.jpg,4000,4000,False,74
4497,Train,t_12151.jpg,600,800,False,2
4500,Train,t_11472.jpg,800,600,False,2
4505,Train,t_13444.jpg,1000,1000,False,33
4507,Train,t_4843.jpg,800,600,False,4
4509,Train,t_11699.jpg,600,800,False,1
4510,Train,t_13785.jpg,600,800,False,2
4512,Train,t_12293.jpg,800,600,False,3
4513,Train,t_1693.jpg,1000,1000,True,0
4517,Train,t_11039.jpg,800,600,True,0
4519,Train,t_11551.jpg,600,800,False,4
4520,Train,t_9078.jpg,600,800,False,1
4527,Train,t_11598.jpg,1000,1000,False,2
4531,Train,t_11163.jpg,600,800,False,8
4535,Train,t_4216.jpg,600,800,False,7
4536,Train,t_803.jpg,1500,1500,False,1
4537,Train,t_8213.jpg,800,600,False,1
4539,Train,t_11369.jpg,1000,1000,False,2
4540,Train,t_12855.jpg,1000,1000,False,1
4541,Train,t_14786.jpg,1000,1000,False,6
4542,Train,t_8952.jpg,600,800,False,3
4546,Train,t_9538.jpg,1000,1000,False,1
4547,Train,t_1601.jpg,1000,1000,True,0
4548,Train,t_6817.jpg,600,800,False,1
4549,Train,t_15419.jpg,1000,1000,False,4
4550,Train,t_3808.jpg,600,800,False,1
4552,Train,t_14163.jpg,800,600,False,3
4555,Train,t_15551.jpg,1000,1000,False,4
4564,Train,t_6996.jpg,1000,1000,False,1
4568,Train,t_1074.jpg,1500,1500,False,4
4571,Train,t_5300.jpg,800,600,False,7
4576,Train,t_9288.jpg,800,600,False,5
4580,Train,t_9980.jpg,800,600,False,1
4581,Train,t_7034.jpg,1000,1000,False,2
4583,Train,t_8347.jpg,800,600,True,0
4588,Train,t_10801.jpg,1000,1000,False,4
4592,Train,t_10390.jpg,600,800,True,0
4593,Train,t_9571.jpg,800,600,False,36
4601,Train,t_1509.jpg,1000,1000,True,0
4602,Train,t_13303.jpg,1000,1000,False,5
4605,Train,t_10308.jpg,1000,1000,False,1
4606,Train,t_4286.jpg,1000,1000,False,13
4608,Train,t_7391.jpg,600,800,False,3
4614,Train,t_8936.jpg,800,600,False,5
4620,Train,t_1120.jpg,1000,1000,True,0
4621,Train,t_2717.jpg,600,800,False,3
4622,Train,t_8159.jpg,1000,1000,False,4
4623,Train,t_15757.jpg,800,600,False,3
4624,Train,t_4796.jpg,1000,1000,True,0
4627,Train,t_668.jpg,1000,1000,False,1
4629,Train,t_265.jpg,1000,1000,False,1
4632,Train,t_6421.jpg,800,600,False,1
4635,Train,t_9030.jpg,1000,1000,True,0
4636,Train,t_2057.jpg,600,800,False,3
4641,Train,t_14006.jpg,1000,1000,False,3
4648,Train,t_7240.jpg,800,600,False,1
4650,Train,t_15433.jpg,1000,1000,True,0
4651,Train,t_292.jpg,1500,1500,False,1
4653,Train,t_14604.jpg,600,800,False,7
4656,Train,t_7185.jpg,600,800,False,5
4657,Train,t_2941.jpg,600,800,True,0
4659,Train,t_3447.jpg,1000,1000,True,0
4663,Train,t_14556.jpg,1000,1000,False,4
4664,Train,t_4973.jpg,800,600,False,9
4669,Train,t_12524.jpg,1000,1000,False,19
4674,Train,t_4306.jpg,800,600,False,1
4680,Train,t_414.jpg,1500,1500,False,4
4682,Train,t_10458.jpg,2000,2000,False,1
4687,Train,t_15993.jpg,1000,1000,False,2
4688,Train,t_10153.jpg,1000,1000,False,2
4692,Train,t_927.jpg,1500,1500,False,3
4696,Train,t_8316.jpg,1000,1000,False,5
4698,Train,t_4176.jpg,1000,1000,False,8
4699,Train,t_6.jpg,1000,1000,False,20
4700,Train,t_3564.jpg,1000,1000,False,2
4701,Train,t_7039.jpg,800,600,False,4
4703,Train,t_9198.jpg,1000,1000,False,1
4704,Train,t_4379.jpg,600,800,False,1
4714,Train,t_3295.jpg,800,600,False,28
4726,Train,t_11073.jpg,1000,1000,False,1
4734,Train,t_8535.jpg,600,800,False,1
4735,Train,t_4703.jpg,1000,1000,False,2
4736,Train,t_3026.jpg,600,800,True,0
4738,Train,t_876.jpg,1000,1000,False,1
4739,Train,t_11286.jpg,800,600,False,19
4742,Train,t_5144.jpg,800,600,False,8
4747,Train,t_6791.jpg,600,800,False,38
4754,Train,t_13149.jpg,800,600,False,1
4756,Train,t_5461.jpg,800,600,False,2
4759,Train,t_14196.jpg,600,800,False,5
4761,Train,t_15025.jpg,1000,1000,False,5
4762,Train,t_4634.jpg,1000,1000,False,3
4771,Train,t_3781.jpg,600,800,False,35
4775,Train,t_10391.jpg,1000,1000,False,3
4777,Train,t_1991.jpg,2000,2000,False,14
4778,Train,t_4665.jpg,2000,2000,False,9
4782,Train,t_4642.jpg,800,600,False,2
4786,Train,t_5406.jpg,1000,1000,False,6
4788,Train,t_3649.jpg,1000,1000,False,3
4789,Train,t_15406.jpg,600,800,False,1
4792,Train,t_9845.jpg,600,800,False,1
4793,Train,t_173.jpg,1500,1500,False,23
4794,Train,t_2851.jpg,800,600,False,7
4796,Train,t_1974.jpg,800,600,False,2
4797,Train,t_3072.jpg,1000,1000,False,6
4798,Train,t_14140.jpg,1000,1000,True,0
4800,Train,t_11507.jpg,800,600,False,2
4801,Train,t_14160.jpg,1000,1000,False,2
4803,Train,t_7955.jpg,600,800,False,1
4804,Train,t_7529.jpg,800,600,True,0
4806,Train,t_8578.jpg,800,600,False,4
4808,Train,t_6631.jpg,800,600,False,1
4816,Train,t_14882.jpg,800,600,False,17
4817,Train,t_1438.jpg,1500,1500,False,1
4818,Train,t_14090.jpg,1000,1000,False,16
4820,Train,t_15311.jpg,600,800,False,1
4833,Train,t_1672.jpg,1500,1500,False,2
4834,Train,t_5420.jpg,800,600,True,0
4838,Train,t_1187.jpg,1500,1500,False,6
4839,Train,t_7326.jpg,800,600,False,2
4840,Train,t_7273.jpg,600,800,False,6
4850,Train,t_10729.jpg,600,800,False,2
4857,Train,t_11515.jpg,1000,1000,False,1
4859,Train,t_15585.jpg,600,600,True,0
4860,Train,t_7495.jpg,800,600,True,0
4862,Train,t_13958.jpg,600,800,False,1
4863,Train,t_10903.jpg,800,600,True,0
4872,Train,t_6778.jpg,1000,1000,False,1
4873,Train,t_3014.jpg,600,800,False,1
4874,Train,t_2435.jpg,600,800,False,1
4876,Train,t_13616.jpg,800,600,False,8
4878,Train,t_2728.jpg,800,600,False,1
4887,Train,t_12023.jpg,800,600,False,3
4890,Train,t_8465.jpg,1000,1000,False,4
4907,Train,t_613.jpg,1500,1500,False,11
4912,Train,t_5460.jpg,1000,1000,False,7
4913,Train,t_12928.jpg,1000,1000,False,2
4914,Train,t_12256.jpg,600,800,False,1
4915,Train,t_11970.jpg,800,600,False,1
4916,Train,t_5208.jpg,1000,1000,True,0
4921,Train,t_8706.jpg,800,600,False,6
4929,Train,t_4615.jpg,1000,1000,True,0
4944,Train,t_3812.jpg,1000,1000,False,1
4952,Train,t_16281.jpg,800,600,False,3
4957,Train,t_224.jpg,1500,1500,False,7
4959,Train,t_11987.jpg,1000,1000,False,1
4961,Train,t_2202.jpg,1000,1000,True,0
4962,Train,t_12549.jpg,1000,1000,False,2
4963,Train,t_10795.jpg,800,600,False,3
4964,Train,t_5392.jpg,800,600,False,1
4968,Train,t_666.jpg,1500,1500,False,25
4970,Train,t_56.jpg,1500,1500,False,4
4974,Train,t_8645.jpg,600,800,False,8
4975,Train,t_5784.jpg,1000,1000,False,3
4976,Train,t_3560.jpg,1000,1000,False,2
4986,Train,t_2130.jpg,800,600,False,3
4995,Train,t_4297.jpg,1000,1000,False,3
4996,Train,t_120.jpg,1500,1500,False,5
5002,Train,t_404.jpg,1500,1500,False,7
5011,Train,t_11491.jpg,1000,1000,False,3
5012,Train,t_10767.jpg,1000,1000,False,2
5014,Train,t_7765.jpg,800,600,False,6
5015,Train,t_1878.jpg,1000,1000,True,0
5017,Train,t_10528.jpg,1000,1000,False,1
5018,Train,t_4624.jpg,600,800,False,3
5020,Train,t_381.jpg,1000,1000,True,0
5021,Train,t_3804.jpg,2000,2000,False,17
5023,Train,t_14768.jpg,1000,1000,False,1
5025,Train,t_14209.jpg,800,600,True,0
5033,Train,t_3702.jpg,1000,1000,False,1
5036,Train,t_6578.jpg,600,800,False,1
5038,Train,t_6186.jpg,600,800,True,0
5047,Train,t_508.jpg,1000,1000,True,0
5048,Train,t_7838.jpg,1000,1000,False,1
5049,Train,t_8067.jpg,800,600,False,1
5052,Train,t_3558.jpg,600,800,False,2
5055,Train,t_15265.jpg,1000,1000,True,0
5057,Train,t_16034.jpg,1000,1000,False,1
5059,Train,t_10759.jpg,800,600,False,1
5062,Train,t_4498.jpg,2000,2000,False,11
5063,Train,t_3657.jpg,600,800,False,6
5064,Train,t_13704.jpg,800,600,False,3
5066,Train,t_13011.jpg,600,800,False,25
5067,Train,t_785.jpg,1500,1500,False,3
5068,Train,t_10911.jpg,1000,1000,False,1
5072,Train,t_2051.jpg,800,600,False,2
5074,Train,t_12286.jpg,800,600,False,1
5075,Train,t_230.jpg,1500,1500,False,105
5077,Train,t_5152.jpg,800,600,False,1
5081,Train,t_12105.jpg,800,600,False,2
5085,Train,t_11309.jpg,600,800,False,1
5098,Train,t_10520.jpg,600,800,False,2
5112,Train,t_8299.jpg,600,800,False,6
5116,Train,t_5212.jpg,1000,1000,True,0
5119,Train,t_5050.jpg,600,800,False,1
5125,Train,t_4238.jpg,800,600,False,2
5126,Train,t_657.jpg,1500,1500,False,1
5129,Train,t_14704.jpg,800,600,False,5
5130,Train,t_4846.jpg,600,800,False,2
5135,Train,t_14897.jpg,600,800,False,15
5136,Train,t_7833.jpg,600,800,False,7
5137,Train,t_11056.jpg,800,600,False,1
5139,Train,t_12879.jpg,600,800,False,10
5140,Train,t_6913.jpg,1000,1000,False,2
5142,Train,t_5078.jpg,1000,1000,True,0
5143,Train,t_13934.jpg,800,600,False,3
5146,Train,t_7960.jpg,800,600,False,1
5148,Train,t_11971.jpg,1000,1000,False,17
5153,Train,t_7898.jpg,600,800,False,22
5154,Train,t_8756.jpg,600,800,False,5
5155,Train,t_5817.jpg,600,800,True,0
5158,Train,t_4549.jpg,800,600,False,9
5163,Train,t_13024.jpg,600,800,False,3
5166,Train,t_11422.jpg,600,800,False,4
5175,Train,t_5191.jpg,1000,1000,True,0
5178,Train,t_4256.jpg,1000,1000,False,6
5181,Train,t_862.jpg,1000,1000,True,0
5184,Train,t_8986.jpg,1000,1000,False,1
5186,Train,t_11457.jpg,1000,1000,False,1
5188,Train,t_13769.jpg,600,800,False,4
5189,Train,t_8547.jpg,2000,2000,False,63
5194,Train,t_14969.jpg,800,600,False,4
5197,Train,t_12425.jpg,1000,1000,False,1
5200,Train,t_701.jpg,1500,1500,False,18
5201,Train,t_1745.jpg,800,600,False,3
5214,Train,t_8504.jpg,1000,1000,True,0
5222,Train,t_5778.jpg,800,600,False,1
5224,Train,t_10175.jpg,800,600,False,5
5227,Train,t_126.jpg,1000,1000,False,26
5247,Train,t_2786.jpg,600,800,False,2
5248,Train,t_15840.jpg,1000,1000,False,4
5249,Train,t_11847.jpg,600,800,False,6
5256,Train,t_15548.jpg,800,600,False,2
5259,Train,t_8910.jpg,800,600,False,2
5262,Train,t_9738.jpg,800,600,False,1
5263,Train,t_3403.jpg,800,600,False,2
5266,Train,t_11908.jpg,600,800,False,3
5273,Train,t_1640.jpg,1500,1500,False,4
5281,Train,t_4223.jpg,1000,1000,True,0
5282,Train,t_14347.jpg,1000,1000,False,1
5290,Train,t_12315.jpg,1000,1000,False,1
5293,Train,t_5971.jpg,800,600,False,1
5294,Train,t_11359.jpg,800,600,False,1
5300,Train,t_15000.jpg,1000,1000,False,1
5304,Train,t_7223.jpg,1000,1000,False,14
5306,Train,t_471.jpg,1500,1500,False,6
5312,Train,t_2207.jpg,1000,1000,False,4
5315,Train,t_7099.jpg,800,600,False,2
5320,Train,t_8643.jpg,1000,1000,False,1
5325,Train,t_8709.jpg,1000,1000,False,5
5334,Train,t_9050.jpg,1000,1000,False,1
5337,Train,t_908.jpg,1500,1500,False,2
5343,Train,t_13476.jpg,600,800,True,0
5344,Train,t_12245.jpg,800,600,False,1
5356,Train,t_9634.jpg,1000,1000,False,1
5359,Train,t_15107.jpg,1000,1000,False,1
5360,Train,t_8114.jpg,600,800,False,1
5366,Train,t_3170.jpg,2000,2000,False,25
5367,Train,t_16193.jpg,1000,1000,False,1
5373,Train,t_2633.jpg,1000,1000,False,9
5374,Train,t_5445.jpg,800,600,False,2
5377,Train,t_399.jpg,1000,1000,True,0
5378,Train,t_7043.jpg,800,600,False,1
5383,Train,t_5532.jpg,800,600,False,2
5386,Train,t_8885.jpg,800,600,True,0
5388,Train,t_2178.jpg,800,600,False,1
5389,Train,t_9261.jpg,1000,1000,False,1
5393,Train,t_9422.jpg,600,800,False,1
5394,Train,t_12282.jpg,800,600,False,1
5395,Train,t_2105.jpg,1000,1000,False,3
5396,Train,t_12858.jpg,800,600,False,1
5398,Train,t_363.jpg,1000,1000,True,0
5400,Train,t_4783.jpg,600,800,False,1
5404,Train,t_3835.jpg,600,800,False,3
5406,Train,t_12964.jpg,600,800,False,1
5408,Train,t_8490.jpg,1000,1000,False,5
5412,Train,t_11354.jpg,600,800,False,1
5413,Train,t_6141.jpg,800,600,False,1
5418,Train,t_11066.jpg,6000,6000,False,36
5420,Train,t_12322.jpg,600,800,False,1
5421,Train,t_12492.jpg,1000,1000,True,0
5426,Train,t_16272.jpg,1000,1000,False,5
5427,Train,t_9831.jpg,1000,1000,False,2
5428,Train,t_5602.jpg,1000,1000,False,581
5429,Train,t_4091.jpg,1000,1000,False,3
5434,Train,t_3102.jpg,1000,1000,False,7
5435,Train,t_6493.jpg,2000,2000,False,30
5443,Train,t_9068.jpg,600,800,False,5
5444,Train,t_4053.jpg,600,800,False,17
5447,Train,t_9265.jpg,1000,1000,False,1
5454,Train,t_10360.jpg,600,800,False,92
5458,Train,t_534.jpg,1500,1500,False,4
5462,Train,t_7069.jpg,600,800,False,7
5463,Train,t_1412.jpg,1500,1500,False,102
5465,Train,t_1305.jpg,1500,1500,False,5
5466,Train,t_1729.jpg,1500,1500,False,4
5467,Train,t_9881.jpg,1000,1000,False,3
5469,Train,t_4314.jpg,1000,1000,False,5
5470,Train,t_637.jpg,1500,1500,False,7
5473,Train,t_1043.jpg,1000,1000,True,0
5481,Train,t_6608.jpg,800,600,False,14
5482,Train,t_12641.jpg,1000,1000,False,6
5485,Train,t_4787.jpg,800,600,False,1
5490,Train,t_6795.jpg,800,600,False,5
5495,Train,t_551.jpg,1500,1500,False,7
5497,Train,t_14628.jpg,600,800,True,0
5504,Train,t_2469.jpg,600,800,False,1
5511,Train,t_14517.jpg,600,800,False,1
5514,Train,t_10088.jpg,2000,2000,False,7
5515,Train,t_10551.jpg,1000,1000,False,18
5516,Train,t_1912.jpg,600,800,False,5
5518,Train,t_9970.jpg,1000,1000,False,7
5521,Train,t_6979.jpg,800,600,False,1
5523,Train,t_8137.jpg,600,800,False,3
5526,Train,t_10679.jpg,1000,1000,False,1
5529,Train,t_11495.jpg,1000,1000,False,2
5534,Train,t_5444.jpg,600,800,False,1
5542,Train,t_15920.jpg,2000,2000,False,11
5547,Train,t_7228.jpg,600,800,False,1
5549,Train,t_445.jpg,1500,1500,False,23
5551,Train,t_12834.jpg,1000,1000,False,19
5554,Train,t_5430.jpg,1000,1000,False,6
5558,Train,t_3631.jpg,800,600,True,0
5561,Train,t_597.jpg,1500,1500,False,2
5562,Train,t_9718.jpg,1000,1000,False,3
5564,Train,t_14592.jpg,600,800,False,1
5566,Train,t_7741.jpg,1000,1000,False,1
5572,Train,t_3880.jpg,1000,1000,False,7
5574,Train,t_16085.jpg,800,600,False,1
5575,Train,t_2862.jpg,600,800,False,1
5576,Train,t_1225.jpg,1000,1000,False,1
5582,Train,t_4745.jpg,800,600,False,9
5588,Train,t_13585.jpg,1000,1000,False,1
5592,Train,t_633.jpg,1500,1500,False,4
5593,Train,t_16016.jpg,800,600,False,2
5595,Train,t_5838.jpg,600,800,False,9
5597,Train,t_14370.jpg,1000,1000,False,5
5602,Train,t_5709.jpg,1000,1000,False,3
5604,Train,t_4875.jpg,2000,2000,False,2
5606,Train,t_13614.jpg,1000,1000,False,1
5609,Train,t_5413.jpg,800,600,False,6
5610,Train,t_7754.jpg,1000,1000,False,5
5619,Train,t_5003.jpg,1000,1000,False,1
5622,Train,t_9295.jpg,1000,1000,True,0
5624,Train,t_3025.jpg,1000,1000,False,1
5626,Train,t_4269.jpg,800,600,False,4
5627,Train,t_13446.jpg,600,800,False,4
5639,Train,t_1902.jpg,1000,1000,False,1
5643,Train,t_14200.jpg,800,600,False,6
5644,Train,t_13247.jpg,600,800,False,1
5649,Train,t_12610.jpg,1000,1000,False,2
5650,Train,t_2822.jpg,800,600,False,1
5654,Train,t_1138.jpg,1500,1500,False,3
5657,Train,t_15720.jpg,800,600,True,0
5658,Train,t_11976.jpg,1000,1000,False,1
5660,Train,t_6889.jpg,600,800,False,4
5666,Train,t_3658.jpg,600,800,False,1
5676,Train,t_8505.jpg,600,800,False,1
5677,Train,t_14261.jpg,800,600,False,1
5679,Train,t_13368.jpg,800,600,False,1
5680,Train,t_6693.jpg,1000,1000,False,1
5681,Train,t_15129.jpg,1000,1000,False,47
5682,Train,t_8087.jpg,600,800,False,1
5686,Train,t_12592.jpg,800,600,False,3
5690,Train,t_15768.jpg,1000,1000,False,5
5698,Train,t_3208.jpg,1000,1000,False,1
5701,Train,t_12912.jpg,600,800,False,1
5707,Train,t_13927.jpg,1000,1000,False,8
5708,Train,t_13217.jpg,1000,1000,False,2
5710,Train,t_9135.jpg,600,800,False,1
5711,Train,t_12500.jpg,2000,2000,False,4
5713,Train,t_9549.jpg,600,800,True,0
5726,Train,t_1876.jpg,600,800,True,0
5727,Train,t_4328.jpg,800,600,False,3
5731,Train,t_4895.jpg,1000,1000,False,2
5733,Train,t_10441.jpg,600,800,False,5
5737,Train,t_13096.jpg,800,600,False,18
5743,Train,t_4794.jpg,600,800,False,1
5745,Train,t_9145.jpg,1000,1000,False,15
5746,Train,t_4084.jpg,2000,2000,False,4
5748,Train,t_15313.jpg,1000,1000,False,1
5754,Train,t_10455.jpg,800,600,False,1
5757,Train,t_8155.jpg,2000,2000,False,3
5759,Train,t_1214.jpg,1500,1500,False,6
5765,Train,t_8111.jpg,800,600,False,7
5766,Train,t_576.jpg,1500,1500,False,1
5770,Train,t_4320.jpg,1000,1000,False,10
5772,Train,t_5920.jpg,1000,1000,False,19
5773,Train,t_15888.jpg,1000,1000,False,1
5782,Train,t_6610.jpg,1000,1000,False,4
5789,Train,t_13975.jpg,1000,1000,False,15
5792,Train,t_9073.jpg,1000,1000,False,2
5793,Train,t_3471.jpg,1000,1000,False,12
5794,Train,t_6020.jpg,600,800,False,3
5796,Train,t_2364.jpg,800,600,False,1
5803,Train,t_7824.jpg,1000,1000,False,6
5816,Train,t_10820.jpg,2000,2000,False,1
5820,Train,t_12010.jpg,600,800,False,11
5822,Train,t_2544.jpg,1000,1000,False,9
5826,Train,t_3944.jpg,1000,1000,False,2
5833,Train,t_10746.jpg,600,800,False,11
5839,Train,t_3935.jpg,2000,2000,False,39
5843,Train,t_3252.jpg,800,600,False,5
5846,Train,t_11498.jpg,800,600,False,2
5848,Train,t_6576.jpg,1000,1000,False,22
5850,Train,t_1045.jpg,1500,1500,False,1
5853,Train,t_3884.jpg,600,800,False,10
5856,Train,t_9031.jpg,1000,1000,False,1
5863,Train,t_5793.jpg,600,800,False,3
5875,Train,t_9020.jpg,600,800,False,1
5876,Train,t_4023.jpg,800,600,False,1
5880,Train,t_15843.jpg,1000,1000,False,1
5883,Train,t_9558.jpg,600,800,True,0
5885,Train,t_16325.jpg,1000,1000,False,1
5896,Train,t_1363.jpg,1500,1500,False,10
5898,Train,t_532.jpg,1500,1500,False,7
5899,Train,t_15613.jpg,600,800,False,3
5900,Train,t_10116.jpg,1000,1000,False,1
5902,Train,t_15969.jpg,1000,1000,False,6
5906,Train,t_4733.jpg,900,900,True,0
5913,Train,t_11293.jpg,600,800,True,0
5915,Train,t_1236.jpg,1500,1500,False,2
5916,Train,t_7621.jpg,800,600,False,2
5917,Train,t_178.jpg,1500,1500,False,4
5919,Train,t_3185.jpg,600,800,False,2
5920,Train,t_11802.jpg,800,600,False,2
5927,Train,t_16438.jpg,800,600,True,0
5930,Train,t_2783.jpg,1000,1000,False,17
5935,Train,t_13287.jpg,800,600,False,1
5946,Train,t_15976.jpg,800,600,False,2
5951,Train,t_8573.jpg,1000,1000,False,2
5955,Train,t_14327.jpg,600,800,False,5
5957,Train,t_6334.jpg,1000,1000,False,1
5960,Train,t_7459.jpg,800,600,False,2
5964,Train,t_4446.jpg,600,800,False,1
5966,Train,t_6511.jpg,600,800,False,3
5967,Train,t_10435.jpg,600,800,False,1
5968,Train,t_693.jpg,1500,1500,False,1
5969,Train,t_5753.jpg,1000,1000,False,48
5970,Train,t_8758.jpg,1000,1000,False,1
5974,Train,t_8016.jpg,800,600,True,0
5976,Train,t_3288.jpg,1000,1000,False,2
5977,Train,t_2266.jpg,600,800,False,1
5993,Train,t_4324.jpg,600,800,False,3
5994,Train,t_13776.jpg,800,600,True,0
5996,Train,t_6470.jpg,1000,1000,False,9
6001,Train,t_16236.jpg,1000,1000,True,0
6007,Train,t_8389.jpg,800,600,False,1
6008,Train,t_8627.jpg,1000,1000,False,2
6010,Train,t_14149.jpg,800,600,False,1
6011,Train,t_6363.jpg,800,600,False,3
6016,Train,t_1063.jpg,1500,1500,False,5
6019,Train,t_3276.jpg,600,800,False,28
6022,Train,t_1276.jpg,1500,1500,False,2
6023,Train,t_8809.jpg,1000,1000,False,1
6026,Train,t_5121.jpg,1000,1000,True,0
6027,Train,t_7808.jpg,600,800,False,37
6029,Train,t_12728.jpg,600,800,False,6
6031,Train,t_9989.jpg,1000,1000,False,323
6032,Train,t_12559.jpg,1000,1000,True,0
6036,Train,t_12568.jpg,600,800,False,14
6042,Train,t_6762.jpg,1000,1000,False,233
6044,Train,t_11690.jpg,800,600,False,8
6046,Train,t_270.jpg,1500,1500,False,6
6059,Train,t_6294.jpg,1000,1000,False,1
6066,Train,t_15462.jpg,1000,1000,True,0
6070,Train,t_1489.jpg,1500,1500,False,2
6071,Train,t_8771.jpg,800,600,False,2
6074,Train,t_1998.jpg,1000,1000,False,1
6076,Train,t_15527.jpg,1000,1000,False,7
6077,Train,t_12831.jpg,1000,1000,False,1
6078,Train,t_11216.jpg,1000,1000,False,4
6080,Train,t_6061.jpg,600,800,False,4
6082,Train,t_11020.jpg,600,800,False,1
6088,Train,t_8307.jpg,1000,1000,False,9
6089,Train,t_4959.jpg,800,600,False,1
6092,Train,t_510.jpg,1500,1500,False,35
6093,Train,t_2796.jpg,800,600,False,2
6097,Train,t_4596.jpg,1000,1000,False,1
6100,Train,t_10602.jpg,800,600,False,1
6103,Train,t_5718.jpg,600,800,False,3
6104,Train,t_13957.jpg,800,600,False,5
6106,Train,t_12955.jpg,600,800,False,1
6118,Train,t_6326.jpg,800,600,False,1
6119,Train,t_12689.jpg,1000,1000,False,1
6122,Train,t_13916.jpg,1000,1000,False,42
6124,Train,t_13808.jpg,600,800,False,7
6127,Train,t_7095.jpg,1000,1000,True,0
6131,Train,t_8391.jpg,1000,1000,True,0
6133,Train,t_1006.jpg,1500,1500,False,3
6136,Train,t_2025.jpg,1000,1000,False,1
6138,Train,t_15664.jpg,600,800,False,25
6141,Train,t_8943.jpg,1000,1000,False,1
6148,Train,t_7771.jpg,1000,1000,False,1
6155,Train,t_15928.jpg,1000,1000,False,1
6158,Train,t_4411.jpg,1000,1000,True,0
6166,Train,t_7463.jpg,1000,1000,False,36
6169,Train,t_626.jpg,1500,1500,False,2
6171,Train,t_4622.jpg,1000,1000,False,10
6179,Train,t_13824.jpg,600,800,False,1
6181,Train,t_11535.jpg,800,600,False,2
6187,Train,t_10697.jpg,1000,1000,False,3
6189,Train,t_10578.jpg,800,600,False,1
6190,Train,t_14169.jpg,1000,1000,False,1
6195,Train,t_10280.jpg,1000,1000,False,1
6196,Train,t_10944.jpg,1000,1000,False,1
6198,Train,t_673.jpg,1500,1500,False,102
6200,Train,t_3343.jpg,600,800,False,1
6206,Train,t_12544.jpg,1000,1000,False,7
6209,Train,t_14737.jpg,600,800,False,1
6210,Train,t_8003.jpg,600,800,False,1
6211,Train,t_3059.jpg,600,800,False,1
6219,Train,t_13822.jpg,800,600,False,3
6220,Train,t_7982.jpg,600,800,False,1
6230,Train,t_4494.jpg,1000,1000,False,1
6233,Train,t_9219.jpg,1000,1000,False,3
6238,Train,t_7825.jpg,1000,1000,True,0
6250,Train,t_2000.jpg,1000,1000,False,1
6254,Train,t_8765.jpg,800,600,False,2
6255,Train,t_11141.jpg,1000,1000,False,1
6256,Train,t_12.jpg,1500,1500,False,12
6264,Train,t_873.jpg,1500,1500,False,27
6265,Train,t_536.jpg,1500,1500,False,5
6266,Train,t_7212.jpg,1000,1000,False,3
6278,Train,t_2440.jpg,1000,1000,False,1
6282,Train,t_15995.jpg,1000,1000,False,11
6295,Train,t_1633.jpg,1000,1000,False,2
6299,Train,t_14473.jpg,600,800,False,3
6300,Train,t_16461.jpg,1000,1000,False,1
6305,Train,t_4144.jpg,600,800,False,1
6306,Train,t_13729.jpg,600,800,False,1
6312,Train,t_7939.jpg,600,800,False,1
6314,Train,t_16465.jpg,1000,1000,False,3
6315,Train,t_832.jpg,1500,1500,False,2
6316,Train,t_10079.jpg,2000,2000,False,5
6325,Train,t_12306.jpg,600,800,False,3
6329,Train,t_6270.jpg,2000,2000,False,31
6331,Train,t_9361.jpg,600,800,False,1
6332,Train,t_8751.jpg,1000,1000,False,1
6334,Train,t_11886.jpg,1000,1000,False,1
6340,Train,t_16406.jpg,800,600,False,3
6341,Train,t_7785.jpg,800,600,False,2
6348,Train,t_2427.jpg,1000,1000,False,13
6353,Train,t_12248.jpg,600,800,False,1
6357,Train,t_35.jpg,1500,1500,False,3
6361,Train,t_14434.jpg,1000,1000,False,1
6362,Train,t_6824.jpg,800,600,False,1
6365,Train,t_368.jpg,1000,1000,True,0
6370,Train,t_7547.jpg,800,600,False,2
6381,Train,t_10462.jpg,800,600,False,2
6383,Train,t_680.jpg,1500,1500,False,27
6384,Train,t_16296.jpg,800,600,True,0
6386,Train,t_11823.jpg,600,800,False,2
6387,Train,t_11288.jpg,1000,1000,False,2
6391,Train,t_12942.jpg,1000,1000,False,1
6394,Train,t_6862.jpg,1000,1000,False,4
6398,Train,t_5352.jpg,800,600,False,1
6401,Train,t_8377.jpg,600,800,False,6
6402,Train,t_8199.jpg,1000,1000,False,42
6423,Train,t_6737.jpg,1000,1000,False,1
6430,Train,t_8259.jpg,1000,1000,False,2
6432,Train,t_5661.jpg,800,600,False,3
6433,Train,t_8289.jpg,1000,1000,False,2
6434,Train,t_3188.jpg,1000,1000,False,1
6437,Train,t_11749.jpg,1000,1000,False,6
6438,Train,t_11518.jpg,800,600,False,13
6440,Train,t_14130.jpg,2000,2000,False,38
6441,Train,t_1832.jpg,800,600,False,1
6447,Train,t_15145.jpg,1000,1000,False,3
6451,Train,t_1147.jpg,1000,1000,False,14
6452,Train,t_8773.jpg,2000,2000,False,4
6456,Train,t_12815.jpg,1000,1000,False,1
6461,Train,t_14188.jpg,600,800,False,1
6470,Train,t_1272.jpg,1500,1500,False,2
6472,Train,t_7075.jpg,1000,1000,False,1
6477,Train,t_2580.jpg,800,600,False,2
6479,Train,t_2062.jpg,800,600,False,3
6489,Train,t_9292.jpg,800,600,False,1
6491,Train,t_4951.jpg,600,800,False,1
6497,Train,t_506.jpg,1500,1500,False,5
6499,Train,t_7591.jpg,4000,4000,False,64
6500,Train,t_7265.jpg,1000,1000,False,103
6504,Train,t_7057.jpg,1000,1000,False,4
6505,Train,t_15441.jpg,1000,1000,False,1
6508,Train,t_8940.jpg,800,600,False,2
6512,Train,t_8436.jpg,800,600,False,1
6527,Train,t_3198.jpg,1000,1000,False,3
6528,Train,t_8747.jpg,1000,1000,False,3
6530,Train,t_2387.jpg,800,600,False,2
6533,Train,t_15637.jpg,600,800,False,1
6537,Train,t_10122.jpg,600,800,False,2
6539,Train,t_3323.jpg,800,600,False,2
6544,Train,t_9726.jpg,600,800,False,1
6545,Train,t_12653.jpg,1000,1000,False,1
6547,Train,t_6119.jpg,1000,1000,False,2
6562,Train,t_12752.jpg,1000,1000,True,0
6563,Train,t_53.jpg,1500,1500,False,11
6564,Train,t_2195.jpg,1000,1000,False,2
6565,Train,t_4444.jpg,1000,1000,False,21
6566,Train,t_13977.jpg,600,800,False,1
6567,Train,t_1220.jpg,1500,1500,False,2
6574,Train,t_7274.jpg,1000,1000,False,1
6576,Train,t_7896.jpg,1000,1000,False,1
6577,Train,t_316.jpg,1500,1500,False,7
6579,Train,t_7253.jpg,600,800,False,2
6592,Train,t_13477.jpg,800,600,False,4
6595,Train,t_9321.jpg,800,600,True,0
6598,Train,t_11844.jpg,1000,1000,False,2
6602,Train,t_1823.jpg,1000,1000,False,1
6612,Train,t_2294.jpg,800,600,False,1
6614,Train,t_6471.jpg,1000,1000,False,1
6617,Train,t_3775.jpg,1000,1000,False,2
6620,Train,t_8728.jpg,1000,1000,False,1
6622,Train,t_11956.jpg,600,800,False,2
6623,Train,t_1189.jpg,1500,1500,False,72
6634,Train,t_2860.jpg,800,600,False,1
6639,Train,t_14799.jpg,600,800,False,1
6641,Train,t_1228.jpg,1500,1500,False,1
6644,Train,t_2518.jpg,1000,1000,False,1
6647,Train,t_6514.jpg,1000,1000,True,0
6650,Train,t_8150.jpg,600,800,False,3
6651,Train,t_13057.jpg,1000,1000,False,2
6654,Train,t_13202.jpg,1000,1000,False,6
6658,Train,t_8956.jpg,1000,1000,False,7
6659,Train,t_8633.jpg,800,600,False,3
6660,Train,t_6733.jpg,800,600,False,1
6661,Train,t_9305.jpg,1000,1000,True,0
6662,Train,t_11533.jpg,1000,1000,False,1
6663,Train,t_7321.jpg,600,800,False,1
6664,Train,t_12141.jpg,1000,1000,False,1
6671,Train,t_13639.jpg,600,800,False,1
6673,Train,t_14244.jpg,600,800,False,1
6676,Train,t_13463.jpg,1000,1000,True,0
6681,Train,t_360.jpg,1500,1500,False,12
6685,Train,t_10943.jpg,600,800,True,0
6687,Train,t_15938.jpg,600,800,False,2
6694,Train,t_9517.jpg,1000,1000,False,1
6695,Train,t_13900.jpg,1000,1000,True,0
6699,Train,t_11689.jpg,1000,1000,False,17
6701,Train,t_8564.jpg,1000,1000,False,3
6703,Train,t_11189.jpg,1000,1000,False,1
6704,Train,t_12998.jpg,800,600,False,8
6710,Train,t_5947.jpg,800,600,False,1
6712,Train,t_1663.jpg,1500,1500,False,21
6714,Train,t_10905.jpg,600,800,False,12
6719,Train,t_434.jpg,1000,1000,False,1
6720,Train,t_11101.jpg,1000,1000,False,2
6721,Train,t_11972.jpg,1000,1000,False,13
6722,Train,t_12550.jpg,600,800,False,3
6734,Train,t_619.jpg,1500,1500,False,3
6738,Train,t_2378.jpg,800,600,False,12
6740,Train,t_8877.jpg,800,600,False,1
6743,Train,t_2144.jpg,600,800,False,5
6746,Train,t_7025.jpg,1000,1000,False,1
6747,Train,t_15817.jpg,800,600,False,1
6755,Train,t_8138.jpg,1000,1000,False,19
6757,Train,t_5731.jpg,1000,1000,True,0
6765,Train,t_1130.jpg,1500,1500,False,15
6768,Train,t_4594.jpg,1000,1000,False,2
6769,Train,t_5426.jpg,1000,1000,False,5
6772,Train,t_13185.jpg,1000,1000,True,0
6776,Train,t_12682.jpg,800,600,True,0
6780,Train,t_15652.jpg,1000,1000,False,1
6782,Train,t_15566.jpg,600,800,False,4
6791,Train,t_9215.jpg,600,800,False,1
6792,Train,t_9672.jpg,800,600,False,7
6793,Train,t_7594.jpg,2000,2000,False,12
6796,Train,t_9059.jpg,800,600,False,1
6801,Train,t_5929.jpg,800,600,False,12
6808,Train,t_8359.jpg,1000,1000,False,2
6809,Train,t_1060.jpg,1500,1500,False,2
6813,Train,t_312.jpg,1500,1500,False,1
6820,Train,t_7303.jpg,1000,1000,False,1
6821,Train,t_6808.jpg,600,800,False,26
6826,Train,t_13124.jpg,800,600,False,7
6833,Train,t_7091.jpg,1000,1000,False,16
6834,Train,t_2524.jpg,800,600,False,3
6835,Train,t_11621.jpg,600,800,True,0
6836,Train,t_4305.jpg,800,600,False,1
6838,Train,t_10168.jpg,1000,1000,False,3
6842,Train,t_10369.jpg,1000,1000,False,1
6845,Train,t_10440.jpg,600,800,False,33
6848,Train,t_1286.jpg,1500,1500,False,12
6849,Train,t_1247.jpg,1500,1500,False,7
6858,Train,t_903.jpg,1500,1500,False,7
6860,Train,t_3104.jpg,600,800,False,3
6865,Train,t_2706.jpg,800,600,False,1
6867,Train,t_1273.jpg,1500,1500,False,7
6868,Train,t_8979.jpg,800,600,False,1
6876,Train,t_3383.jpg,1000,1000,False,3
6877,Train,t_13.jpg,1500,1500,False,2
6879,Train,t_10804.jpg,600,800,False,2
6881,Train,t_7064.jpg,600,800,False,5
6883,Train,t_14000.jpg,600,800,False,1
6886,Train,t_3991.jpg,600,800,False,1
6887,Train,t_9539.jpg,600,800,True,0
6888,Train,t_13570.jpg,4000,4000,False,53
6892,Train,t_3322.jpg,1000,1000,False,1
6900,Train,t_14669.jpg,1000,1000,False,4
6901,Train,t_7966.jpg,600,800,False,1
6902,Train,t_10574.jpg,800,600,False,3
6903,Train,t_3432.jpg,2000,2000,False,7
6905,Train,t_13688.jpg,1000,1000,False,2
6908,Train,t_6965.jpg,1000,1000,False,3
6916,Train,t_879.jpg,1500,1500,False,2
6921,Train,t_4049.jpg,600,800,False,9
6923,Train,t_7498.jpg,800,600,False,1
6924,Train,t_2895.jpg,1000,1000,False,1
6928,Train,t_14089.jpg,1000,1000,False,23
6929,Train,t_2215.jpg,1000,1000,False,7
6938,Train,t_3972.jpg,600,800,True,0
6949,Train,t_11790.jpg,2000,2000,False,22
6950,Train,t_5507.jpg,600,800,True,0
6953,Train,t_7684.jpg,600,800,False,5
6955,Train,t_11200.jpg,800,600,False,8
6957,Train,t_12704.jpg,600,800,False,5
6966,Train,t_12983.jpg,600,800,False,10
6980,Train,t_8305.jpg,1000,1000,False,1
6981,Train,t_8514.jpg,600,800,False,1
6987,Train,t_6505.jpg,1000,1000,False,2
6993,Train,t_210.jpg,1500,1500,False,4
6997,Train,t_12627.jpg,600,800,True,0
6999,Train,t_152.jpg,1500,1500,False,3
7003,Train,t_11093.jpg,1000,1000,False,1
7013,Train,t_6062.jpg,2000,2000,False,1
7015,Train,t_12243.jpg,1000,1000,True,0
7018,Train,t_2658.jpg,600,800,False,2
7021,Train,t_7262.jpg,1000,1000,False,1
7024,Train,t_1493.jpg,1500,1500,False,13
7030,Train,t_13556.jpg,1000,1000,False,2
7032,Train,t_122.jpg,1500,1500,False,41
7033,Train,t_5513.jpg,1000,1000,False,1
7035,Train,t_36.jpg,1500,1500,False,4
7041,Train,t_5023.jpg,800,600,False,36
7043,Train,t_3427.jpg,600,800,False,2
7044,Train,t_8924.jpg,600,800,False,1
7048,Train,t_11250.jpg,600,800,False,1
7050,Train,t_6888.jpg,800,600,False,1
7052,Train,t_11514.jpg,600,800,False,3
7055,Train,t_16243.jpg,1000,1000,False,3
7059,Train,t_9188.jpg,600,800,False,2
7063,Train,t_14363.jpg,1000,1000,False,1
7064,Train,t_8681.jpg,600,800,False,1
7066,Train,t_5395.jpg,1000,1000,False,1
7068,Train,t_14657.jpg,800,600,False,2
7075,Train,t_14285.jpg,2000,2000,False,7
7076,Train,t_6296.jpg,800,600,False,2
7084,Train,t_15383.jpg,800,600,False,67
7086,Train,t_4003.jpg,800,600,False,8
7092,Train,t_10580.jpg,1000,1000,True,0
7095,Train,t_14377.jpg,600,800,False,1
7096,Train,t_1851.jpg,600,800,False,6
7101,Train,t_2313.jpg,1000,1000,False,1
7102,Train,t_12889.jpg,800,600,False,1
7104,Train,t_15641.jpg,2000,2000,False,2
7105,Train,t_9286.jpg,1000,1000,True,0
7106,Train,t_5482.jpg,1000,1000,False,13
7107,Train,t_14080.jpg,1000,1000,False,1
7113,Train,t_11437.jpg,1000,1000,False,1
7118,Train,t_13014.jpg,600,800,False,1
7119,Train,t_8772.jpg,2000,2000,False,3
7120,Train,t_13008.jpg,800,600,False,1
7121,Train,t_4897.jpg,1000,1000,False,2
7122,Train,t_8660.jpg,600,800,False,1
7125,Train,t_6885.jpg,1000,1000,False,1
7126,Train,t_11304.jpg,2000,2000,False,2
7128,Train,t_1372.jpg,1500,1500,False,3
7129,Train,t_3716.jpg,800,600,False,1
7131,Train,t_1547.jpg,1500,1500,False,52
7134,Train,t_6338.jpg,800,600,False,5
7135,Train,t_7276.jpg,1000,1000,False,1
7138,Train,t_458.jpg,1000,1000,False,1
7143,Train,t_889.jpg,1500,1500,False,7
7145,Train,t_13386.jpg,1000,1000,False,1
7147,Train,t_15179.jpg,1000,1000,False,2
7149,Train,t_10503.jpg,1000,1000,False,1
7150,Train,t_7142.jpg,800,800,True,0
7156,Train,t_10062.jpg,600,800,False,1
7161,Train,t_5563.jpg,900,900,True,0
7165,Train,t_6853.jpg,800,600,True,0
7167,Train,t_8018.jpg,600,800,False,6
7175,Train,t_8183.jpg,1000,1000,False,1
7178,Train,t_70.jpg,1500,1500,False,8
7179,Train,t_3162.jpg,600,800,False,10
7180,Train,t_15698.jpg,1000,1000,True,0
7183,Train,t_14802.jpg,2000,2000,False,62
7186,Train,t_10831.jpg,600,800,False,1
7192,Train,t_3339.jpg,1000,1000,False,2
7195,Train,t_5416.jpg,800,600,False,2
7200,Train,t_16197.jpg,1000,1000,True,0
7203,Train,t_15960.jpg,1000,1000,False,10
7204,Train,t_1838.jpg,600,800,False,1
7206,Train,t_1733.jpg,1000,1000,False,5
7208,Train,t_7904.jpg,1000,1000,False,2
7212,Train,t_2982.jpg,1000,1000,False,9
7213,Train,t_921.jpg,1500,1500,False,1
7214,Train,t_12599.jpg,800,600,True,0
7218,Train,t_8919.jpg,800,600,True,0
7219,Train,t_15936.jpg,600,800,False,5
7226,Train,t_4977.jpg,800,600,False,5
7227,Train,t_14874.jpg,1000,1000,False,1
7231,Train,t_9958.jpg,1000,1000,False,1
7246,Train,t_7934.jpg,600,800,True,0
7247,Train,t_11953.jpg,600,800,False,2
7251,Train,t_10317.jpg,1000,1000,False,2
7256,Train,t_10115.jpg,800,600,False,4
7258,Train,t_3973.jpg,2000,2000,False,3
7259,Train,t_2828.jpg,600,800,False,1
7270,Train,t_15671.jpg,1000,1000,True,0
7272,Train,t_11144.jpg,600,800,True,0
7274,Train,t_15480.jpg,1000,1000,False,41
7278,Train,t_8989.jpg,1000,1000,False,1
7279,Train,t_14883.jpg,1000,1000,True,0
7289,Train,t_7314.jpg,800,600,False,2
7292,Train,t_10599.jpg,1000,1000,False,1
7293,Train,t_321.jpg,1500,1500,False,4
7295,Train,t_14248.jpg,600,800,False,7
7304,Train,t_1103.jpg,1500,1500,False,3
7306,Train,t_14640.jpg,1000,1000,False,1
7310,Train,t_15203.jpg,1000,1000,True,0
7316,Train,t_9372.jpg,1000,1000,False,4
7317,Train,t_12597.jpg,600,800,False,3
7319,Train,t_3742.jpg,1000,1000,False,9
7320,Train,t_4085.jpg,1000,1000,False,2
7325,Train,t_10816.jpg,600,800,True,0
7332,Train,t_7195.jpg,1000,1000,False,6
7335,Train,t_10608.jpg,1000,1000,False,2
7339,Train,t_4251.jpg,1000,1000,False,5
7348,Train,t_16264.jpg,800,600,True,0
7350,Train,t_9165.jpg,800,600,False,5
7352,Train,t_13946.jpg,1000,1000,False,4
7356,Train,t_4377.jpg,800,600,True,0
7358,Train,t_4933.jpg,800,600,False,9
7360,Train,t_1212.jpg,1500,1500,False,27
7372,Train,t_9257.jpg,1000,1000,False,1
7373,Train,t_16005.jpg,1000,1000,False,3
7374,Train,t_7541.jpg,800,600,False,3
7376,Train,t_10093.jpg,1000,1000,False,2
7378,Train,t_364.jpg,1500,1500,False,1
7379,Train,t_3224.jpg,1000,1000,False,6
7385,Train,t_7401.jpg,1000,1000,False,1
7389,Train,t_16367.jpg,2000,2000,False,6
7390,Train,t_9314.jpg,1000,1000,False,5
7401,Train,t_14866.jpg,800,600,True,0
7402,Train,t_3253.jpg,1000,1000,False,4
7403,Train,t_3945.jpg,800,600,False,5
7405,Train,t_4171.jpg,1000,1000,True,0
7407,Train,t_7305.jpg,600,800,False,1
7413,Train,t_799.jpg,1500,1500,False,2
7414,Train,t_13798.jpg,1000,1000,False,1
7416,Train,t_13138.jpg,800,600,False,12
7417,Train,t_15154.jpg,600,800,False,1
7418,Train,t_12770.jpg,1000,1000,False,4
7420,Train,t_4761.jpg,1000,1000,False,6
7431,Train,t_12391.jpg,800,600,True,0
7434,Train,t_10086.jpg,800,600,False,2
7435,Train,t_2389.jpg,800,600,False,3
7436,Train,t_3661.jpg,600,800,False,2
7438,Train,t_11871.jpg,800,600,False,2
7439,Train,t_964.jpg,1000,1000,True,0
7443,Train,t_10228.jpg,800,600,False,4
7444,Train,t_14606.jpg,600,800,True,0
7447,Train,t_13767.jpg,1000,1000,False,2
7451,Train,t_11994.jpg,800,600,False,2
7453,Train,t_7587.jpg,800,600,False,1
7456,Train,t_7693.jpg,1000,1000,False,14
7457,Train,t_11357.jpg,800,600,False,1
7459,Train,t_14666.jpg,1000,1000,False,1
7461,Train,t_14821.jpg,800,600,False,1
7467,Train,t_12571.jpg,1000,1000,False,1
7470,Train,t_6780.jpg,1000,1000,False,1
7474,Train,t_3352.jpg,1000,1000,False,3
7483,Train,t_10564.jpg,800,600,False,4
7491,Train,t_6364.jpg,800,600,False,1
7501,Train,t_10794.jpg,1000,1000,False,5
7502,Train,t_11490.jpg,1000,1000,False,1
7503,Train,t_7981.jpg,1000,1000,False,4
7508,Train,t_984.jpg,1500,1500,False,40
7510,Train,t_2553.jpg,600,800,False,2
7511,Train,t_75.jpg,1500,1500,False,13
7512,Train,t_11171.jpg,600,800,False,3
7514,Train,t_13809.jpg,1000,1000,False,1
7517,Train,t_3508.jpg,800,600,False,11
7521,Train,t_2211.jpg,1000,1000,True,0
7522,Train,t_1577.jpg,1000,1000,False,2
7525,Train,t_15108.jpg,1000,1000,True,0
7528,Train,t_11586.jpg,1000,1000,False,19
7531,Train,t_7175.jpg,600,800,True,0
7533,Train,t_7133.jpg,800,600,True,0
7535,Train,t_4103.jpg,1000,1000,True,0
7538,Train,t_11651.jpg,600,800,False,2
7543,Train,t_15925.jpg,800,600,False,1
7550,Train,t_13438.jpg,800,600,True,0
7558,Train,t_1819.jpg,1000,1000,False,4
7561,Train,t_10206.jpg,600,800,False,10
7568,Train,t_5125.jpg,800,600,False,15
7574,Train,t_3879.jpg,1000,1000,False,5
7580,Train,t_13813.jpg,600,800,False,7
7582,Train,t_15609.jpg,800,600,False,10
7587,Train,t_8601.jpg,600,800,False,1
7593,Train,t_16019.jpg,800,600,False,1
7598,Train,t_9500.jpg,600,800,False,9
7602,Train,t_1582.jpg,1500,1500,False,17
7605,Train,t_3442.jpg,600,800,False,18
7606,Train,t_11618.jpg,1000,1000,True,0
7607,Train,t_2588.jpg,1000,1000,False,17
7611,Train,t_1444.jpg,1500,1500,False,2
7629,Train,t_16433.jpg,800,600,False,1
7631,Train,t_12259.jpg,800,600,False,1
7634,Train,t_7913.jpg,1000,1000,False,1
7635,Train,t_11151.jpg,800,600,True,0
7641,Train,t_8598.jpg,600,800,False,1
7643,Train,t_16441.jpg,1000,1000,False,3
7648,Train,t_4891.jpg,1000,1000,False,1
7651,Train,t_15262.jpg,1000,1000,False,1
7652,Train,t_8829.jpg,1000,1000,False,4
7653,Train,t_16334.jpg,800,600,False,3
7657,Train,t_11070.jpg,1000,1000,False,4
7666,Train,t_14323.jpg,800,600,False,268
7674,Train,t_1668.jpg,1500,1500,False,5
7675,Train,t_15193.jpg,1000,1000,True,0
7677,Train,t_15137.jpg,800,600,False,1
7680,Train,t_11686.jpg,800,600,False,10
7692,Train,t_8371.jpg,800,600,False,1
7695,Train,t_5526.jpg,800,600,False,1
7697,Train,t_15445.jpg,800,600,False,1
7699,Train,t_10993.jpg,600,800,True,0
7706,Train,t_1521.jpg,1000,1000,True,0
7712,Train,t_12182.jpg,1000,1000,True,0
7713,Train,t_9677.jpg,800,600,False,1
7720,Train,t_16129.jpg,1000,1000,False,5
7721,Train,t_7006.jpg,600,800,False,2
7725,Train,t_8164.jpg,1000,1000,False,3
7727,Train,t_426.jpg,1000,1000,False,2
7734,Train,t_7600.jpg,600,800,False,25
7736,Train,t_13399.jpg,2000,2000,False,43
7737,Train,t_4206.jpg,1000,1000,False,1
7740,Train,t_12882.jpg,1000,1000,False,6
7741,Train,t_2666.jpg,1000,1000,False,1
7746,Train,t_11807.jpg,600,800,False,2
7750,Train,t_1723.jpg,1500,1500,False,196
7753,Train,t_11751.jpg,800,600,False,2
7755,Train,t_11388.jpg,800,600,False,1
7756,Train,t_1169.jpg,1000,1000,False,16
7767,Train,t_15421.jpg,800,600,False,18
7768,Train,t_9928.jpg,1000,1000,True,0
7769,Train,t_4715.jpg,800,600,False,3
7776,Train,t_3534.jpg,1000,1000,False,6
7777,Train,t_13369.jpg,1000,1000,False,1
7779,Train,t_8710.jpg,600,800,False,1
7780,Train,t_14536.jpg,1000,1000,True,0
7781,Train,t_6156.jpg,2000,2000,False,10
7784,Train,t_3369.jpg,1000,1000,False,1
7791,Train,t_7334.jpg,800,600,False,34
7793,Train,t_5966.jpg,1000,1000,False,34
7795,Train,t_14710.jpg,1000,1000,False,4
7798,Train,t_8282.jpg,800,600,False,2
7803,Train,t_197.jpg,1000,1000,True,0
7807,Train,t_15324.jpg,600,800,False,16
7808,Train,t_9561.jpg,800,600,False,4
7809,Train,t_518.jpg,1000,1000,False,8
7810,Train,t_335.jpg,1500,1500,False,5
7814,Train,t_15339.jpg,600,800,False,2
7821,Train,t_14868.jpg,1000,1000,False,1
7827,Train,t_15941.jpg,800,600,False,12
7828,Train,t_5840.jpg,1000,1000,False,7
7829,Train,t_489.jpg,1500,1500,False,4
7835,Train,t_2515.jpg,2000,2000,False,13
7838,Train,t_10983.jpg,600,800,False,14
7839,Train,t_13980.jpg,1000,1000,False,4
7841,Train,t_3007.jpg,1000,1000,False,3
7846,Train,t_858.jpg,1500,1500,False,30
7849,Train,t_15589.jpg,900,900,True,0
7852,Train,t_2673.jpg,600,800,False,3
7854,Train,t_12985.jpg,600,800,False,2
7855,Train,t_11574.jpg,600,800,False,1
7857,Train,t_4774.jpg,1000,1000,False,9
7866,Train,t_481.jpg,1500,1500,False,9
7869,Train,t_3160.jpg,1000,1000,False,1
7873,Train,t_4524.jpg,1000,1000,False,1
7874,Train,t_3766.jpg,800,600,False,1
7876,Train,t_1127.jpg,1500,1500,False,1
7878,Train,t_12054.jpg,1000,1000,False,1
7886,Train,t_11600.jpg,600,800,False,1
7889,Train,t_5294.jpg,800,600,False,3
7895,Train,t_15872.jpg,800,600,False,6
7899,Train,t_14970.jpg,1000,1000,False,1
7908,Train,t_13085.jpg,800,600,False,3
7910,Train,t_13015.jpg,600,800,True,0
7911,Train,t_15186.jpg,600,800,False,4
7918,Train,t_9323.jpg,600,800,False,2
7920,Train,t_14756.jpg,800,600,False,22
7922,Train,t_9990.jpg,800,600,False,12
7924,Train,t_9931.jpg,1000,1000,False,4
7925,Train,t_10808.jpg,1000,1000,False,1
7932,Train,t_13881.jpg,800,600,False,1
7933,Train,t_13366.jpg,600,800,False,7
7934,Train,t_4790.jpg,800,600,True,0
7936,Train,t_3243.jpg,1000,1000,False,1
7941,Train,t_12422.jpg,800,600,False,1
7942,Train,t_12835.jpg,1000,1000,False,1
7943,Train,t_2931.jpg,1000,1000,False,2
7949,Train,t_7586.jpg,1000,1000,False,2
7955,Train,t_3707.jpg,2000,2000,False,29
7957,Train,t_2562.jpg,2000,2000,False,8
7959,Train,t_4650.jpg,800,600,False,2
7961,Train,t_9641.jpg,1000,1000,False,7
7968,Train,t_1132.jpg,1000,1000,True,0
7971,Train,t_718.jpg,1500,1500,False,4
7974,Train,t_7777.jpg,1000,1000,False,1
7976,Train,t_7528.jpg,600,800,False,6
7979,Train,t_15237.jpg,800,600,False,4
7980,Train,t_4094.jpg,1000,1000,False,1
7981,Train,t_11991.jpg,800,600,False,1
7982,Train,t_13276.jpg,600,800,True,0
7983,Train,t_5481.jpg,2000,2000,False,2
7987,Train,t_2938.jpg,1000,1000,False,1
7990,Train,t_5562.jpg,800,600,True,0
7993,Train,t_14512.jpg,800,600,False,3
7994,Train,t_6579.jpg,600,800,True,0
8002,Train,t_12823.jpg,600,800,False,5
8008,Train,t_11080.jpg,1000,1000,False,5
8013,Train,t_12945.jpg,800,600,False,4
8015,Train,t_9182.jpg,600,800,False,3
8017,Train,t_8548.jpg,800,600,False,1
8022,Train,t_3052.jpg,800,600,False,2
8029,Train,t_744.jpg,1500,1500,False,5
8030,Train,t_11537.jpg,600,800,False,3
8036,Train,t_13971.jpg,800,600,True,0
8038,Train,t_2881.jpg,800,600,False,3
8039,Train,t_12346.jpg,600,800,False,1
8041,Train,t_9046.jpg,1000,1000,False,1
8044,Train,t_12020.jpg,800,600,False,1
8051,Train,t_1666.jpg,1500,1500,False,2
8055,Train,t_305.jpg,1500,1500,False,4
8056,Train,t_12655.jpg,600,800,False,1
8058,Train,t_866.jpg,1000,1000,True,0
8060,Train,t_11034.jpg,800,600,False,1
8065,Train,t_3570.jpg,600,800,False,1
8066,Train,t_13820.jpg,1000,1000,False,1
8069,Train,t_8073.jpg,2000,2000,False,10
8071,Train,t_8844.jpg,600,800,True,0
8082,Train,t_15136.jpg,800,600,True,0
8084,Train,t_545.jpg,1000,1000,True,0
8086,Train,t_5157.jpg,1000,1000,False,5
8087,Train,t_7769.jpg,1000,1000,False,3
8088,Train,t_10929.jpg,1000,1000,False,3
8089,Train,t_15683.jpg,1000,1000,False,1
8092,Train,t_13330.jpg,1000,1000,False,3
8099,Train,t_15023.jpg,1000,1000,False,2
8103,Train,t_16439.jpg,1000,1000,False,4
8106,Train,t_6253.jpg,1000,1000,False,10
8115,Train,t_5081.jpg,800,600,False,13
8116,Train,t_6522.jpg,600,800,False,1
8124,Train,t_2653.jpg,800,600,False,6
8135,Train,t_5794.jpg,2000,2000,False,7
8137,Train,t_5826.jpg,1000,1000,False,4
8141,Train,t_1526.jpg,1500,1500,False,7
8142,Train,t_3047.jpg,800,600,False,1
8143,Train,t_6981.jpg,1000,1000,False,31
8145,Train,t_4805.jpg,600,800,False,1
8146,Train,t_3146.jpg,800,600,True,0
8155,Train,t_13458.jpg,1000,1000,False,1
8157,Train,t_7157.jpg,1000,1000,False,2
8159,Train,t_7414.jpg,600,800,False,6
8162,Train,t_6858.jpg,1000,1000,False,2
8163,Train,t_13021.jpg,800,600,False,1
8166,Train,t_5476.jpg,1000,1000,False,1
8172,Train,t_10515.jpg,800,600,False,4
8174,Train,t_10777.jpg,1000,1000,False,1
8176,Train,t_11266.jpg,800,600,False,1
8178,Train,t_13761.jpg,1000,1000,False,14
8179,Train,t_15599.jpg,1000,1000,False,4
8180,Train,t_3268.jpg,800,600,False,1
8182,Train,t_10384.jpg,1000,1000,True,0
8183,Train,t_6451.jpg,1000,1000,False,6
8192,Train,t_4866.jpg,1000,1000,False,1
8200,Train,t_8062.jpg,600,800,False,3
8201,Train,t_3069.jpg,1000,1000,False,3
8206,Train,t_2641.jpg,1000,1000,False,3
8209,Train,t_4273.jpg,800,600,False,2
8214,Train,t_823.jpg,1500,1500,False,1
8223,Train,t_1333.jpg,1500,1500,False,18
8224,Train,t_7373.jpg,600,800,False,1
8225,Train,t_5899.jpg,1000,1000,True,0
8227,Train,t_8256.jpg,2000,2000,False,10
8229,Train,t_12160.jpg,800,600,False,2
8230,Train,t_8914.jpg,1000,1000,False,1
8232,Train,t_614.jpg,1500,1500,False,70
8235,Train,t_14579.jpg,600,800,False,3
8241,Train,t_16052.jpg,600,800,False,1
8245,Train,t_8095.jpg,1000,1000,True,0
8255,Train,t_4804.jpg,600,800,False,2
8257,Train,t_13789.jpg,1000,1000,True,0
8259,Train,t_12662.jpg,800,600,False,9
8263,Train,t_5913.jpg,600,800,True,0
8267,Train,t_15418.jpg,600,800,False,1
8272,Train,t_5019.jpg,600,800,False,2
8273,Train,t_12960.jpg,1000,1000,False,1
8275,Train,t_8345.jpg,800,600,False,1
8277,Train,t_14749.jpg,1000,1000,True,0
8279,Train,t_8064.jpg,600,800,False,1
8285,Train,t_5241.jpg,1000,1000,False,11
8286,Train,t_12763.jpg,800,600,False,1
8287,Train,t_1097.jpg,1500,1500,False,27
8288,Train,t_3142.jpg,1000,1000,False,1
8289,Train,t_1242.jpg,1500,1500,False,2
8290,Train,t_10268.jpg,600,800,False,2
8294,Train,t_10265.jpg,800,600,False,2
8296,Train,t_14687.jpg,800,600,False,1
8300,Train,t_5736.jpg,1000,1000,False,11
8304,Train,t_7796.jpg,800,600,False,4
8306,Train,t_3864.jpg,800,600,True,0
8309,Train,t_14221.jpg,800,600,False,7
8312,Train,t_4271.jpg,800,600,False,1
8315,Train,t_16114.jpg,800,600,False,3
8316,Train,t_6771.jpg,1000,1000,False,7
8317,Train,t_8414.jpg,1000,1000,False,1
8323,Train,t_5608.jpg,800,600,False,12
8326,Train,t_9529.jpg,800,600,False,2
8333,Train,t_14039.jpg,1000,1000,False,6
8335,Train,t_4203.jpg,800,600,False,3
8337,Train,t_583.jpg,1500,1500,False,80
8340,Train,t_13896.jpg,1000,1000,False,1
8341,Train,t_3967.jpg,800,600,False,7
8345,Train,t_11363.jpg,1000,1000,False,14
8346,Train,t_16105.jpg,1000,1000,False,17
8348,Train,t_401.jpg,1500,1500,False,12
8353,Train,t_10971.jpg,800,600,False,1
8357,Train,t_12098.jpg,1000,1000,False,13
8366,Train,t_5271.jpg,600,800,False,3
8369,Train,t_7514.jpg,1000,1000,False,7
8370,Train,t_9526.jpg,1000,1000,False,1
8374,Train,t_16329.jpg,1000,1000,False,2
8377,Train,t_12897.jpg,2000,2000,False,6
8380,Train,t_11237.jpg,2000,2000,False,17
8383,Train,t_978.jpg,1500,1500,False,15
8385,Train,t_436.jpg,1000,1000,False,2
8386,Train,t_2220.jpg,800,600,False,1
8390,Train,t_11775.jpg,800,600,True,0
8392,Train,t_14801.jpg,1000,1000,False,1
8394,Train,t_7995.jpg,800,600,False,3
8401,Train,t_10133.jpg,1000,1000,True,0
8402,Train,t_2010.jpg,600,800,False,1
8410,Train,t_13555.jpg,2000,2000,False,15
8411,Train,t_374.jpg,1000,1000,False,1
8412,Train,t_12515.jpg,600,800,False,4
8413,Train,t_15850.jpg,800,600,False,1
8414,Train,t_10771.jpg,800,800,True,0
8421,Train,t_2635.jpg,1000,1000,False,7
8425,Train,t_4317.jpg,600,800,False,2
8428,Train,t_10726.jpg,600,800,False,2
8438,Train,t_4410.jpg,1000,1000,False,39
8444,Train,t_16004.jpg,1000,1000,False,1
8451,Train,t_14790.jpg,1000,1000,False,5
8458,Train,t_14635.jpg,600,800,True,0
8460,Train,t_15759.jpg,1000,1000,False,2
8461,Train,t_2732.jpg,1000,1000,False,1
8469,Train,t_3846.jpg,2000,2000,False,2
8481,Train,t_11978.jpg,1000,1000,False,5
8486,Train,t_176.jpg,1500,1500,False,16
8488,Train,t_3359.jpg,800,600,False,3
8492,Train,t_288.jpg,1000,1000,False,1
8493,Train,t_15360.jpg,600,800,False,14
8496,Train,t_3905.jpg,1000,1000,False,35
8498,Train,t_11296.jpg,800,600,False,3
8503,Train,t_1390.jpg,1500,1500,False,17
8505,Train,t_11794.jpg,1000,1000,False,3
8507,Train,t_3895.jpg,1000,1000,False,18
8508,Train,t_16.jpg,1000,1000,False,4
8509,Train,t_8647.jpg,1000,1000,False,1
8511,Train,t_8925.jpg,600,800,False,1
8529,Train,t_14225.jpg,1000,1000,False,1
8534,Train,t_14257.jpg,600,800,False,2
8538,Train,t_11528.jpg,800,600,True,0
8539,Train,t_1501.jpg,1500,1500,False,1
8543,Train,t_4740.jpg,800,600,False,2
8551,Train,t_13827.jpg,600,800,False,6
8556,Train,t_15135.jpg,1000,1000,False,1
8557,Train,t_130.jpg,1500,1500,False,34
8562,Train,t_11009.jpg,1000,1000,False,3
8565,Train,t_15639.jpg,600,800,False,3
8568,Train,t_7817.jpg,800,600,False,6
8574,Train,t_2077.jpg,1000,1000,False,3
8584,Train,t_16231.jpg,800,600,False,1
8588,Train,t_4885.jpg,1000,1000,False,2
8589,Train,t_6904.jpg,800,600,False,2
8598,Train,t_12035.jpg,600,800,False,1
8602,Train,t_13090.jpg,1000,1000,False,12
8606,Train,t_8367.jpg,600,800,False,6
8611,Train,t_5220.jpg,600,800,False,2
8614,Train,t_386.jpg,1500,1500,False,6
8617,Train,t_5746.jpg,1000,1000,False,3
8618,Train,t_2265.jpg,1000,1000,False,8
8621,Train,t_4927.jpg,2000,2000,False,41
8624,Train,t_9778.jpg,800,600,False,3
8627,Train,t_10664.jpg,800,600,False,10
8628,Train,t_3524.jpg,2000,2000,False,2
8629,Train,t_4097.jpg,600,800,False,1
8632,Train,t_2855.jpg,600,800,False,1
8635,Train,t_12449.jpg,1000,1000,False,1
8636,Train,t_11426.jpg,1000,1000,False,3
8639,Train,t_9536.jpg,600,800,False,3
8648,Train,t_1106.jpg,1500,1500,False,6
8649,Train,t_2129.jpg,600,800,False,1
8654,Train,t_11264.jpg,1000,1000,False,2
8658,Train,t_15288.jpg,1000,1000,False,11
8660,Train,t_11804.jpg,1000,1000,False,19
8661,Train,t_11128.jpg,600,800,False,1
8668,Train,t_3981.jpg,1000,1000,False,12
8671,Train,t_15933.jpg,800,600,False,6
8674,Train,t_10354.jpg,600,800,False,1
8675,Train,t_4676.jpg,1000,1000,False,7
8676,Train,t_1145.jpg,1500,1500,False,11
8678,Train,t_5805.jpg,1000,1000,True,0
8679,Train,t_16210.jpg,7000,6921,False,4
8681,Train,t_15078.jpg,1000,1000,False,5
8682,Train,t_3977.jpg,600,800,False,17
8694,Train,t_7120.jpg,2000,2000,False,21
8696,Train,t_3394.jpg,800,600,False,1
8697,Train,t_5639.jpg,800,600,False,1
8698,Train,t_12754.jpg,600,800,False,2
8702,Train,t_11743.jpg,1000,1000,False,6
8703,Train,t_13442.jpg,800,600,False,7
8706,Train,t_476.jpg,1500,1500,False,1
8714,Train,t_4958.jpg,600,800,False,1
8720,Train,t_5752.jpg,600,800,False,1
8723,Train,t_13474.jpg,600,800,False,12
8729,Train,t_11674.jpg,700,700,True,0
8731,Train,t_4198.jpg,600,800,True,0
8732,Train,t_16239.jpg,1000,1000,False,1
8743,Train,t_6757.jpg,1000,1000,False,1
8744,Train,t_2994.jpg,1000,1000,False,1
8745,Train,t_9406.jpg,600,800,False,1
8749,Train,t_7308.jpg,1000,1000,False,1
8752,Train,t_9744.jpg,600,800,False,1
8757,Train,t_4911.jpg,800,600,False,6
8759,Train,t_3843.jpg,1000,1000,False,1
8760,Train,t_12003.jpg,800,600,False,5
8763,Train,t_6087.jpg,800,600,False,5
8764,Train,t_2566.jpg,1000,1000,False,1
8765,Train,t_10118.jpg,1000,1000,False,5
8766,Train,t_1779.jpg,600,800,False,1
8767,Train,t_14409.jpg,800,600,False,8
8769,Train,t_1550.jpg,1500,1500,False,2
8771,Train,t_7749.jpg,800,600,False,1
8774,Train,t_218.jpg,1500,1500,False,2
8777,Train,t_8873.jpg,800,600,True,0
8778,Train,t_7323.jpg,1000,1000,False,5
8779,Train,t_7015.jpg,1000,1000,True,0
8783,Train,t_2704.jpg,600,800,False,2
8784,Train,t_5813.jpg,800,600,False,1
8788,Train,t_16200.jpg,800,600,False,11
8789,Train,t_7104.jpg,800,600,False,1
8790,Train,t_1158.jpg,1500,1500,False,11
8792,Train,t_2375.jpg,800,600,False,7
8795,Train,t_6813.jpg,800,600,False,1
8798,Train,t_2718.jpg,600,800,False,1
8802,Train,t_13093.jpg,1000,1000,False,1
8804,Train,t_14033.jpg,600,800,False,1
8809,Train,t_5248.jpg,600,800,False,2
8811,Train,t_6551.jpg,1000,1000,False,5
8817,Train,t_9147.jpg,600,800,False,1
8822,Train,t_13844.jpg,800,600,True,0
8823,Train,t_12598.jpg,600,800,False,1
8824,Train,t_6805.jpg,600,800,False,1
8828,Train,t_10792.jpg,800,600,False,1
8830,Train,t_10984.jpg,1000,1000,False,1
8832,Train,t_3362.jpg,1000,1000,False,5
8838,Train,t_16084.jpg,600,800,False,3
8846,Train,t_7486.jpg,1000,1000,False,1
8849,Train,t_12520.jpg,1000,1000,False,9
8850,Train,t_9229.jpg,1000,1000,False,5
8853,Train,t_9891.jpg,600,800,False,19
8854,Train,t_11407.jpg,600,800,False,3
8855,Train,t_985.jpg,1500,1500,False,3
8857,Train,t_1688.jpg,1500,1500,False,5
8861,Train,t_1129.jpg,1500,1500,False,2
8862,Train,t_6135.jpg,600,800,False,3
8863,Train,t_2870.jpg,1000,1000,False,3
8865,Train,t_2623.jpg,1000,1000,True,0
8868,Train,t_13104.jpg,1000,1000,False,2
8869,Train,t_6242.jpg,2000,2000,False,15
8872,Train,t_2985.jpg,800,600,False,1
8873,Train,t_6446.jpg,2000,2000,False,12
8874,Train,t_13002.jpg,1000,1000,False,1
8879,Train,t_5707.jpg,1000,1000,False,2
8880,Train,t_5839.jpg,2000,2000,False,59
8882,Train,t_379.jpg,1500,1500,False,4
8883,Train,t_807.jpg,1000,1000,False,2
8885,Train,t_2695.jpg,1000,1000,False,1
8889,Train,t_15729.jpg,1000,1000,False,2
8893,Train,t_12150.jpg,6000,6000,False,47
8895,Train,t_10701.jpg,800,600,False,2
8903,Train,t_12074.jpg,800,600,False,3
8907,Train,t_2579.jpg,800,600,False,10
8908,Train,t_8007.jpg,600,800,False,7
8909,Train,t_9114.jpg,600,800,False,1
8912,Train,t_8911.jpg,800,600,False,2
8920,Train,t_1877.jpg,600,800,False,2
8923,Train,t_3141.jpg,1000,1000,True,0
8924,Train,t_5314.jpg,1000,1000,False,1
8925,Train,t_1720.jpg,1000,1000,False,1
8927,Train,t_2264.jpg,800,600,True,0
8933,Train,t_15463.jpg,1000,1000,False,3
8940,Train,t_15033.jpg,800,600,False,4
8945,Train,t_10888.jpg,600,800,False,1
8949,Train,t_10386.jpg,1000,1000,False,2
8953,Train,t_10612.jpg,800,600,False,5
8956,Train,t_2803.jpg,800,600,False,3
8960,Train,t_11692.jpg,800,600,False,9
8966,Train,t_3627.jpg,1000,1000,False,1
8968,Train,t_6298.jpg,1000,1000,False,1
8982,Train,t_11059.jpg,1000,1000,False,1
8986,Train,t_15726.jpg,800,800,True,0
8988,Train,t_10324.jpg,1000,1000,True,0
8989,Train,t_16212.jpg,2000,2000,False,61
8992,Train,t_791.jpg,1000,1000,False,2
8993,Train,t_7659.jpg,600,800,False,10
8995,Train,t_9339.jpg,600,800,False,1
8996,Train,t_11948.jpg,800,600,False,1
8998,Train,t_7335.jpg,600,800,False,1
8999,Train,t_6164.jpg,2000,2000,False,4
9006,Train,t_15250.jpg,600,800,False,1
9024,Train,t_14234.jpg,1000,1000,False,2
9027,Train,t_7730.jpg,1000,1000,False,2
9030,Train,t_14337.jpg,600,800,True,0
9034,Train,t_6964.jpg,1000,1000,False,2
9040,Train,t_4403.jpg,600,800,False,1
9041,Train,t_3940.jpg,800,600,True,0
9054,Train,t_15301.jpg,1000,1000,False,3
9056,Train,t_9658.jpg,800,600,False,1
9059,Train,t_1388.jpg,1000,1000,False,1
9060,Train,t_9589.jpg,600,800,False,31
9061,Train,t_13898.jpg,600,800,False,3
9066,Train,t_5463.jpg,1000,1000,False,1
9067,Train,t_12949.jpg,1000,1000,False,13
9068,Train,t_8186.jpg,1000,1000,False,2
9070,Train,t_8766.jpg,800,600,False,1
9072,Train,t_3970.jpg,1000,1000,False,1
9076,Train,t_14486.jpg,800,600,False,1
9078,Train,t_868.jpg,1500,1500,False,4
9080,Train,t_6775.jpg,1000,1000,True,0
9081,Train,t_2369.jpg,800,600,False,1
9082,Train,t_6383.jpg,1000,1000,False,1
9088,Train,t_80.jpg,1500,1500,False,5
9089,Train,t_6553.jpg,800,600,False,1
9091,Train,t_14201.jpg,800,600,False,1
9093,Train,t_13904.jpg,600,800,True,0
9102,Train,t_5625.jpg,1000,1000,False,1
9107,Train,t_3239.jpg,800,600,False,1
9116,Train,t_6368.jpg,1000,1000,False,1
9122,Train,t_14727.jpg,1000,1000,False,1
9123,Train,t_1035.jpg,1500,1500,False,8
9124,Train,t_15753.jpg,600,800,False,1
9125,Train,t_15281.jpg,1000,1000,False,4
9126,Train,t_1570.jpg,1500,1500,False,5
9127,Train,t_11308.jpg,1000,1000,False,1
9128,Train,t_11176.jpg,800,600,False,1
9129,Train,t_9156.jpg,600,800,False,1
9135,Train,t_14834.jpg,800,600,True,0
9136,Train,t_7287.jpg,600,800,True,0
9137,Train,t_13045.jpg,800,600,False,9
9138,Train,t_12668.jpg,2000,2000,False,60
9144,Train,t_1114.jpg,1500,1500,False,2
9150,Train,t_3539.jpg,1000,1000,False,10
9153,Train,t_8301.jpg,600,800,False,1
9157,Train,t_8641.jpg,7000,7000,False,2
9159,Train,t_1502.jpg,1500,1500,False,3
9163,Train,t_5790.jpg,7000,7000,False,1
9165,Train,t_14305.jpg,1000,1000,False,16
9167,Train,t_4566.jpg,600,800,False,2
9180,Train,t_4773.jpg,600,800,False,12
9185,Train,t_973.jpg,1500,1500,False,7
9186,Train,t_14856.jpg,1000,1000,False,2
9191,Train,t_3223.jpg,600,800,False,7
9192,Train,t_2495.jpg,800,600,False,4
9197,Train,t_14052.jpg,600,800,False,5
9199,Train,t_829.jpg,1000,1000,False,1
9201,Train,t_12996.jpg,800,600,False,4
9203,Train,t_5339.jpg,1000,1000,False,2
9204,Train,t_12448.jpg,600,800,False,4
9205,Train,t_14499.jpg,600,800,False,2
9207,Train,t_11135.jpg,600,800,False,1
9210,Train,t_12740.jpg,800,600,False,2
9214,Train,t_588.jpg,1500,1500,False,1
9216,Train,t_9910.jpg,600,800,False,1
9220,Train,t_6848.jpg,600,800,False,2
9223,Train,t_6103.jpg,1000,1000,True,0
9225,Train,t_13319.jpg,1000,1000,False,1
9226,Train,t_11068.jpg,1000,1000,False,7
9228,Train,t_9616.jpg,1000,1000,False,4
9229,Train,t_11155.jpg,1000,1000,False,3
9234,Train,t_5928.jpg,600,800,False,1
9238,Train,t_5903.jpg,800,600,False,2
9241,Train,t_6502.jpg,1000,1000,False,1
9244,Train,t_3227.jpg,600,600,True,0
9245,Train,t_15274.jpg,1000,1000,True,0
9250,Train,t_1251.jpg,1500,1500,False,4
9253,Train,t_16445.jpg,800,600,False,1
9254,Train,t_9367.jpg,1000,1000,False,1
9260,Train,t_8953.jpg,600,800,False,1
9261,Train,t_1805.jpg,2000,2000,False,8
9267,Train,t_13336.jpg,800,600,True,0
9268,Train,t_2322.jpg,800,600,False,2
9269,Train,t_1555.jpg,1000,1000,True,0
9271,Train,t_7827.jpg,1000,1000,False,1
9281,Train,t_9635.jpg,1000,1000,False,1
9283,Train,t_15407.jpg,600,800,False,6
9289,Train,t_9936.jpg,800,600,False,1
9291,Train,t_3008.jpg,1000,1000,False,9
9294,Train,t_14899.jpg,600,800,False,1
9302,Train,t_3367.jpg,1000,1000,False,1
9305,Train,t_12877.jpg,600,800,True,0
9306,Train,t_7607.jpg,1000,1000,False,7
9309,Train,t_3012.jpg,1000,1000,False,3
9311,Train,t_2250.jpg,1000,1000,False,3
9313,Train,t_9275.jpg,2000,2000,False,4
9316,Train,t_6524.jpg,1000,1000,False,12
9322,Train,t_6656.jpg,600,800,False,14
9324,Train,t_16451.jpg,1000,1000,False,4
9328,Train,t_14549.jpg,2000,2000,False,5
9329,Train,t_9428.jpg,1000,1000,False,1
9331,Train,t_9757.jpg,1000,1000,False,3
9333,Train,t_7624.jpg,800,600,False,1
9335,Train,t_11099.jpg,800,600,False,9
9336,Train,t_13393.jpg,2000,2000,False,7
9337,Train,t_13341.jpg,800,600,False,1
9340,Train,t_15739.jpg,600,800,False,1
9348,Train,t_261.jpg,1500,1500,False,5
9352,Train,t_11217.jpg,800,600,False,3
9354,Train,t_15019.jpg,800,600,False,2
9355,Train,t_762.jpg,1500,1500,False,16
9360,Train,t_2442.jpg,600,800,False,1
9365,Train,t_7608.jpg,800,600,False,3
9366,Train,t_1940.jpg,1000,1000,False,10
9372,Train,t_15635.jpg,600,800,False,1
9375,Train,t_2323.jpg,1000,1000,False,3
9381,Train,t_5141.jpg,800,600,False,6
9384,Train,t_5082.jpg,1000,1000,False,1
9385,Train,t_15796.jpg,1000,1000,False,3
9386,Train,t_10310.jpg,800,600,False,1
9388,Train,t_7628.jpg,800,600,False,1
9392,Train,t_12791.jpg,600,800,False,2
9396,Train,t_8248.jpg,600,800,True,0
9398,Train,t_14602.jpg,1000,1000,True,0
9399,Train,t_900.jpg,1500,1500,False,56
9402,Train,t_8333.jpg,800,600,False,10
9404,Train,t_15118.jpg,600,800,False,1
9406,Train,t_4931.jpg,1000,1000,True,0
9409,Train,t_4744.jpg,1000,1000,False,2
9411,Train,t_7042.jpg,1000,1000,False,1
9414,Train,t_9654.jpg,1000,1000,False,6
9415,Train,t_422.jpg,1500,1500,False,11
9422,Train,t_12063.jpg,1000,1000,False,1
9425,Train,t_6108.jpg,1000,1000,False,3
9428,Train,t_1924.jpg,600,800,False,3
9429,Train,t_5918.jpg,600,800,False,5
9432,Train,t_2668.jpg,800,600,False,1
9433,Train,t_12409.jpg,600,800,False,18
9440,Train,t_11855.jpg,600,800,False,1
9445,Train,t_2245.jpg,800,600,False,3
9448,Train,t_9075.jpg,600,800,False,1
9456,Train,t_10448.jpg,1000,1000,False,2
9459,Train,t_15381.jpg,800,600,False,1
9460,Train,t_514.jpg,1500,1500,False,2
9461,Train,t_139.jpg,1500,1500,False,4
9466,Train,t_8669.jpg,1000,1000,False,3
9467,Train,t_8228.jpg,800,600,True,0
9468,Train,t_1379.jpg,1500,1500,False,4
9471,Train,t_535.jpg,1500,1500,False,8
9473,Train,t_4293.jpg,1000,1000,False,4
9476,Train,t_13528.jpg,600,800,True,0
9478,Train,t_3796.jpg,1000,1000,False,13
9484,Train,t_16297.jpg,1000,1000,False,3
9485,Train,t_15870.jpg,600,800,False,3
9488,Train,t_11817.jpg,1000,1000,False,1
9489,Train,t_13751.jpg,800,600,False,2
9490,Train,t_3119.jpg,1000,1000,False,3
9493,Train,t_219.jpg,1500,1500,False,6
9494,Train,t_13003.jpg,1000,1000,False,1
9496,Train,t_3592.jpg,800,600,False,1
9503,Train,t_3057.jpg,700,700,True,0
9506,Train,t_9430.jpg,800,600,False,1
9507,Train,t_6136.jpg,1000,1000,False,6
9508,Train,t_15216.jpg,1000,1000,False,1
9511,Train,t_5868.jpg,2000,2000,False,6
9513,Train,t_9104.jpg,600,800,False,1
9515,Train,t_4107.jpg,1000,1000,True,0
9520,Train,t_15483.jpg,600,800,False,3
9527,Train,t_11830.jpg,800,600,False,6
9532,Train,t_7544.jpg,800,600,False,1
9534,Train,t_8931.jpg,600,800,False,6
9547,Train,t_438.jpg,1500,1500,False,19
9553,Train,t_12031.jpg,600,800,False,15
9554,Train,t_8384.jpg,1000,1000,True,0
9555,Train,t_12302.jpg,2000,2000,False,45
9559,Train,t_11057.jpg,2000,2000,False,19
9564,Train,t_4837.jpg,600,800,False,1
9566,Train,t_9759.jpg,800,600,True,0
9567,Train,t_6428.jpg,2000,2000,False,5
9571,Train,t_9088.jpg,1000,1000,False,1
9572,Train,t_5396.jpg,1000,1000,False,1
9574,Train,t_2639.jpg,800,600,False,3
9586,Train,t_15611.jpg,800,600,True,0
9590,Train,t_11695.jpg,800,600,False,16
9599,Train,t_15208.jpg,2000,2000,False,6
9600,Train,t_7998.jpg,1000,1000,False,6
9602,Train,t_1344.jpg,1000,1000,False,1
9610,Train,t_8032.jpg,1000,1000,True,0
9614,Train,t_485.jpg,1500,1500,False,22
9615,Train,t_13348.jpg,1000,1000,False,12
9624,Train,t_6256.jpg,800,600,False,1
9626,Train,t_12863.jpg,1000,1000,False,5
9629,Train,t_11602.jpg,800,600,False,1
9630,Train,t_1614.jpg,1500,1500,False,2
9639,Train,t_11879.jpg,1000,1000,False,5
9642,Train,t_3155.jpg,600,800,False,3
9643,Train,t_13508.jpg,600,800,False,1
9646,Train,t_10291.jpg,600,800,False,4
9648,Train,t_6093.jpg,1000,1000,False,2
9653,Train,t_1202.jpg,1500,1500,False,9
9654,Train,t_15584.jpg,1000,1000,False,2
9659,Train,t_4673.jpg,600,800,False,1
9662,Train,t_1630.jpg,1500,1500,False,17
9671,Train,t_5942.jpg,1000,1000,False,1
9672,Train,t_6682.jpg,2000,2000,False,21
9673,Train,t_14563.jpg,800,600,False,1
9676,Train,t_13377.jpg,800,600,False,1
9678,Train,t_14038.jpg,2000,2000,False,76
9680,Train,t_16381.jpg,600,800,False,14
9682,Train,t_1579.jpg,1500,1500,False,1
9698,Train,t_7466.jpg,800,600,False,2
9699,Train,t_5039.jpg,1000,1000,False,1
9705,Train,t_14419.jpg,600,800,False,1
9710,Train,t_15403.jpg,600,800,False,17
9713,Train,t_14332.jpg,1000,1000,False,3
9714,Train,t_15048.jpg,1000,1000,False,2
9719,Train,t_11654.jpg,1000,1000,False,20
9720,Train,t_10325.jpg,600,800,False,4
9721,Train,t_4616.jpg,1000,1000,False,9
9723,Train,t_4248.jpg,600,800,False,7
9726,Train,t_14400.jpg,1000,1000,False,7
9737,Train,t_610.jpg,1500,1500,False,14
9747,Train,t_10865.jpg,2000,2000,False,3
9750,Train,t_2456.jpg,1000,1000,False,5
9751,Train,t_14792.jpg,1000,1000,False,1
9752,Train,t_14892.jpg,600,800,False,3
9758,Train,t_15987.jpg,2000,2000,False,2
9759,Train,t_867.jpg,1500,1500,False,4
9762,Train,t_12493.jpg,2000,2000,False,23
9763,Train,t_11541.jpg,800,600,False,3
9767,Train,t_4575.jpg,1000,1000,False,2
9778,Train,t_3222.jpg,1000,1000,False,3
9785,Train,t_15114.jpg,1000,1000,False,2
9787,Train,t_2340.jpg,1000,1000,False,2
9795,Train,t_6759.jpg,600,800,False,2
9802,Train,t_2274.jpg,800,600,False,1
9807,Train,t_3873.jpg,1000,1000,False,3
9808,Train,t_4349.jpg,1000,1000,False,1
9809,Train,t_9521.jpg,800,600,False,26
9811,Train,t_9667.jpg,600,800,False,1
9814,Train,t_8981.jpg,600,800,False,2
9816,Train,t_9289.jpg,600,800,False,1
9825,Train,t_6750.jpg,600,800,False,4
9830,Train,t_4415.jpg,1000,1000,False,1
9836,Train,t_2421.jpg,1000,1000,False,9
9838,Train,t_11102.jpg,800,600,False,3
9842,Train,t_9017.jpg,1000,1000,False,14
9843,Train,t_2519.jpg,1000,1000,False,1
9846,Train,t_15831.jpg,800,600,True,0
9848,Train,t_15082.jpg,600,800,False,4
9851,Train,t_1075.jpg,1500,1500,False,9
9852,Train,t_9062.jpg,600,800,False,1
9854,Train,t_16443.jpg,1000,1000,False,1
9857,Train,t_3671.jpg,1000,1000,False,57
9865,Train,t_9097.jpg,800,600,False,1
9870,Train,t_925.jpg,1500,1500,False,45
9871,Train,t_16477.jpg,800,600,False,3
9872,Train,t_10150.jpg,1000,1000,False,3
9873,Train,t_9334.jpg,1000,1000,False,2
9874,Train,t_749.jpg,1000,1000,True,0
9876,Train,t_1239.jpg,1500,1500,False,30
9878,Train,t_7181.jpg,1000,1000,False,10
9882,Train,t_655.jpg,1500,1500,False,4
9885,Train,t_15740.jpg,1000,1000,False,5
9886,Train,t_15505.jpg,1000,1000,False,2
9887,Train,t_1096.jpg,1000,1000,True,0
9888,Train,t_15948.jpg,1000,1000,False,1
9891,Train,t_12152.jpg,600,800,False,2
9894,Train,t_15687.jpg,600,800,False,4
9898,Train,t_6866.jpg,600,800,False,1
9899,Train,t_16475.jpg,600,800,True,0
9903,Train,t_13025.jpg,2000,2000,False,19
9916,Train,t_4545.jpg,800,600,False,5
9917,Train,t_3639.jpg,1000,1000,False,1
9920,Train,t_14135.jpg,800,600,False,1
9925,Train,t_3161.jpg,800,600,False,11
9928,Train,t_11440.jpg,1000,1000,False,9
9930,Train,t_7792.jpg,800,600,False,2
9932,Train,t_2971.jpg,1000,1000,False,3
9933,Train,t_11917.jpg,1000,1000,False,1
9936,Train,t_5728.jpg,800,600,False,1
9938,Train,t_14315.jpg,600,800,False,1
9939,Train,t_15076.jpg,2000,2000,False,4
9940,Train,t_2036.jpg,600,800,False,31
9942,Train,t_15560.jpg,1000,1000,False,3
9944,Train,t_12843.jpg,1000,1000,False,1
9949,Train,t_10927.jpg,1000,1000,False,1
9952,Train,t_6756.jpg,1000,1000,False,1
9954,Train,t_15300.jpg,600,800,False,4
9956,Train,t_4583.jpg,1000,1000,False,46
9962,Train,t_14303.jpg,600,800,False,10
9963,Train,t_11989.jpg,600,800,False,4
9971,Train,t_871.jpg,1500,1500,False,1
9974,Train,t_407.jpg,1500,1500,False,12
9987,Train,t_8768.jpg,600,800,True,0
9988,Train,t_675.jpg,1500,1500,False,31
9992,Train,t_15715.jpg,800,600,False,1
9994,Train,t_10288.jpg,1000,1000,False,2
10000,Train,t_6049.jpg,1000,1000,False,1
10006,Train,t_8417.jpg,1000,1000,False,1
10008,Train,t_16241.jpg,600,800,False,1
10013,Train,t_15905.jpg,1000,1000,False,2
10019,Train,t_15409.jpg,800,600,False,2
10020,Train,t_15296.jpg,1000,1000,False,2
10021,Train,t_5821.jpg,800,600,False,3
10035,Train,t_327.jpg,1500,1500,False,1
10038,Train,t_7936.jpg,600,800,False,2
10041,Train,t_8204.jpg,800,600,False,1
10042,Train,t_2158.jpg,800,600,False,2
10043,Train,t_5424.jpg,1000,1000,False,4
10045,Train,t_6986.jpg,800,600,False,2
10052,Train,t_16447.jpg,1000,1000,False,9
10053,Train,t_6972.jpg,800,600,False,2
10056,Train,t_8834.jpg,1000,1000,False,4
10057,Train,t_10107.jpg,600,800,False,1
10062,Train,t_5761.jpg,1000,1000,False,4
10067,Train,t_11619.jpg,600,800,False,1
10069,Train,t_1092.jpg,1500,1500,False,7
10071,Train,t_708.jpg,1500,1500,False,32
10072,Train,t_7840.jpg,1000,1000,False,3
10074,Train,t_158.jpg,1000,1000,True,0
10075,Train,t_1346.jpg,1500,1500,False,12
10078,Train,t_6441.jpg,800,600,False,2
10083,Train,t_5523.jpg,600,800,True,0
10086,Train,t_15648.jpg,600,800,False,1
10090,Train,t_9681.jpg,800,600,False,5
10099,Train,t_95.jpg,1500,1500,False,2
10100,Train,t_1918.jpg,1000,1000,False,1
10101,Train,t_16149.jpg,1000,1000,False,2
10106,Train,t_16464.jpg,1000,1000,False,3
10112,Train,t_7655.jpg,1000,1000,False,2
10116,Train,t_14593.jpg,800,600,False,6
10121,Train,t_12673.jpg,800,600,False,1
10122,Train,t_9700.jpg,600,800,False,4
10123,Train,t_14692.jpg,1000,1000,False,3
10128,Train,t_6825.jpg,800,600,False,1
10129,Train,t_12040.jpg,600,800,False,5
10140,Train,t_8330.jpg,600,800,False,3
10141,Train,t_5883.jpg,600,800,False,1
10142,Train,t_1837.jpg,600,800,False,6
10144,Train,t_7863.jpg,1000,1000,False,11
10145,Train,t_3137.jpg,600,800,False,1
10154,Train,t_11945.jpg,1000,1000,False,19
10156,Train,t_2487.jpg,1000,1000,False,3
10162,Train,t_12178.jpg,1000,1000,True,0
10164,Train,t_4611.jpg,2000,2000,False,8
10168,Train,t_15308.jpg,800,600,False,1
10169,Train,t_2970.jpg,1000,1000,False,6
10170,Train,t_13331.jpg,1000,1000,False,2
10177,Train,t_12572.jpg,800,600,False,2
10179,Train,t_958.jpg,1500,1500,False,30
10180,Train,t_8365.jpg,1000,1000,False,1
10183,Train,t_10998.jpg,1000,1000,True,0
10185,Train,t_729.jpg,1000,1000,False,1
10189,Train,t_13495.jpg,600,800,False,3
10191,Train,t_810.jpg,1500,1500,False,20
10197,Train,t_9228.jpg,1000,1000,True,0
10199,Train,t_94.jpg,1500,1500,False,2
10202,Train,t_6816.jpg,2000,2000,False,63
10204,Train,t_8621.jpg,600,800,False,1
10205,Train,t_3435.jpg,2000,2000,False,5
10206,Train,t_11596.jpg,1000,1000,False,11
10207,Train,t_430.jpg,1500,1500,False,1
10211,Train,t_15791.jpg,1000,1000,False,1
10219,Train,t_1763.jpg,800,600,False,1
10223,Train,t_1112.jpg,1000,1000,False,4
10229,Train,t_14144.jpg,800,600,False,10
10235,Train,t_824.jpg,1500,1500,False,5
10239,Train,t_1180.jpg,1500,1500,False,5
10242,Train,t_15691.jpg,1000,1000,False,1
10243,Train,t_15798.jpg,2000,2000,False,5
10247,Train,t_2354.jpg,1000,1000,False,7
10248,Train,t_3986.jpg,1000,1000,False,3
10251,Train,t_8624.jpg,1000,1000,False,1
10253,Train,t_6618.jpg,1000,1000,False,15
10256,Train,t_4015.jpg,1000,1000,True,0
10258,Train,t_14087.jpg,800,600,False,1
10259,Train,t_1558.jpg,1500,1500,False,7
10269,Train,t_8036.jpg,1000,1000,False,2
10274,Train,t_113.jpg,1500,1500,False,1
10280,Train,t_12014.jpg,1000,1000,False,1
10281,Train,t_13166.jpg,1000,1000,False,6
10283,Train,t_10604.jpg,1000,1000,False,1
10284,Train,t_5054.jpg,800,600,False,1
10288,Train,t_4188.jpg,600,800,False,2
10289,Train,t_954.jpg,1500,1500,False,1
10291,Train,t_5147.jpg,800,600,False,3
10293,Train,t_13491.jpg,800,600,False,4
10295,Train,t_12808.jpg,2000,2000,False,9
10301,Train,t_2481.jpg,800,600,False,13
10302,Train,t_5343.jpg,600,800,False,10
10310,Train,t_11129.jpg,600,800,False,1
10311,Train,t_12202.jpg,600,800,False,1
10316,Train,t_2342.jpg,600,800,False,1
10319,Train,t_4360.jpg,800,600,False,2
10321,Train,t_15338.jpg,2000,2000,False,1
10323,Train,t_2932.jpg,1000,1000,False,3
10329,Train,t_5884.jpg,800,600,False,1
10332,Train,t_2474.jpg,800,600,False,1
10333,Train,t_4352.jpg,800,600,False,1
10334,Train,t_319.jpg,1000,1000,False,1
10336,Train,t_7000.jpg,600,800,True,0
10338,Train,t_8531.jpg,2000,2000,False,3
10339,Train,t_6168.jpg,1000,1000,False,19
10342,Train,t_13786.jpg,800,600,False,2
10345,Train,t_3364.jpg,1000,1000,True,0
10349,Train,t_1053.jpg,1500,1500,False,2
10350,Train,t_2893.jpg,1000,1000,False,3
10351,Train,t_13756.jpg,600,800,False,15
10353,Train,t_8800.jpg,1000,1000,False,1
10354,Train,t_786.jpg,1500,1500,False,1
10362,Train,t_8603.jpg,600,800,False,6
10363,Train,t_1731.jpg,1500,1500,False,3
10365,Train,t_6708.jpg,800,600,False,5
10366,Train,t_3121.jpg,600,800,False,4
10370,Train,t_14365.jpg,1000,1000,False,1
10374,Train,t_9886.jpg,600,800,False,1
10375,Train,t_3782.jpg,2000,2000,False,5
10378,Train,t_15287.jpg,600,800,False,2
10379,Train,t_6794.jpg,1000,1000,False,1
10383,Train,t_6800.jpg,800,600,False,3
10384,Train,t_13033.jpg,600,800,False,17
10390,Train,t_10736.jpg,1000,1000,False,1
10393,Train,t_1451.jpg,1500,1500,False,2
10394,Train,t_16168.jpg,800,600,False,4
10395,Train,t_9519.jpg,800,600,False,2
10396,Train,t_3557.jpg,1000,1000,True,0
10397,Train,t_1894.jpg,1000,1000,False,1
10413,Train,t_13742.jpg,1000,1000,False,3
10415,Train,t_4294.jpg,600,800,False,7
10417,Train,t_4252.jpg,2000,2000,False,1
10420,Train,t_13353.jpg,600,800,True,0
10425,Train,t_15268.jpg,2000,2000,False,4
10427,Train,t_15886.jpg,1000,1000,False,1
10434,Train,t_15656.jpg,800,600,False,1
10435,Train,t_7821.jpg,800,600,False,1
10439,Train,t_5595.jpg,600,800,False,1
10447,Train,t_3975.jpg,600,800,False,18
10450,Train,t_3725.jpg,600,800,True,0
10454,Train,t_9181.jpg,1000,1000,False,2
10456,Train,t_4934.jpg,1000,1000,False,1
10457,Train,t_134.jpg,1500,1500,False,2
10460,Train,t_11022.jpg,600,800,False,1
10463,Train,t_14668.jpg,1000,1000,False,1
10473,Train,t_2136.jpg,800,600,False,4
10476,Train,t_12048.jpg,800,600,False,1
10480,Train,t_3448.jpg,1000,1000,False,2
10483,Train,t_8226.jpg,800,600,False,1
10484,Train,t_1385.jpg,1000,1000,False,2
10489,Train,t_13224.jpg,2000,2000,False,12
10491,Train,t_7652.jpg,1000,1000,False,9
10495,Train,t_8075.jpg,800,600,False,1
10500,Train,t_1282.jpg,1000,1000,False,1
10502,Train,t_12723.jpg,600,800,False,1
10503,Train,t_11450.jpg,1000,1000,False,2
10505,Train,t_9735.jpg,800,600,False,6
10508,Train,t_7386.jpg,1000,1000,False,9
10509,Train,t_9056.jpg,800,600,False,1
10510,Train,t_8049.jpg,2000,2000,False,4
10511,Train,t_351.jpg,1500,1500,False,2
10514,Train,t_8071.jpg,800,600,False,1
10519,Train,t_5138.jpg,1000,1000,False,2
10523,Train,t_10239.jpg,800,600,False,4
10524,Train,t_11095.jpg,600,800,False,3
10529,Train,t_8590.jpg,800,600,False,26
10531,Train,t_15425.jpg,1000,1000,False,1
10533,Train,t_16065.jpg,7000,7000,False,2
10534,Train,t_1548.jpg,1000,1000,False,3
10542,Train,t_9029.jpg,600,800,False,17
10543,Train,t_9836.jpg,800,600,False,1
10544,Train,t_13594.jpg,1000,1000,True,0
10546,Train,t_8788.jpg,1000,1000,False,3
10551,Train,t_8127.jpg,1000,1000,True,0
10552,Train,t_13089.jpg,600,800,False,3
10560,Train,t_16410.jpg,1000,1000,False,4
10562,Train,t_2162.jpg,1000,1000,False,7
10568,Train,t_10484.jpg,800,600,True,0
10569,Train,t_12249.jpg,1000,1000,False,2
10577,Train,t_15030.jpg,1000,1000,False,13
10578,Train,t_3982.jpg,1000,1000,False,2
10580,Train,t_13990.jpg,1000,1000,False,3
10582,Train,t_8312.jpg,800,600,False,8
10583,Train,t_6872.jpg,1000,1000,False,1
10584,Train,t_14955.jpg,1000,1000,False,34
10591,Train,t_3053.jpg,800,600,False,2
10593,Train,t_11801.jpg,1000,1000,False,2
10601,Train,t_16246.jpg,1000,1000,False,1
10602,Train,t_395.jpg,1500,1500,False,5
10604,Train,t_5173.jpg,600,800,False,9
10609,Train,t_15361.jpg,600,800,False,4
10612,Train,t_8741.jpg,800,600,False,2
10614,Train,t_15111.jpg,800,600,False,3
10617,Train,t_5411.jpg,1000,1000,False,2
10619,Train,t_10976.jpg,600,800,True,0
10621,Train,t_7014.jpg,800,600,False,1
10623,Train,t_2349.jpg,600,800,False,2
10627,Train,t_14524.jpg,1000,1000,False,5
10632,Train,t_5620.jpg,1000,1000,False,1
10634,Train,t_16205.jpg,600,800,True,0
10637,Train,t_4247.jpg,600,800,True,0
10647,Train,t_7278.jpg,1000,1000,False,1
10654,Train,t_12989.jpg,600,800,False,44
10659,Train,t_7920.jpg,1000,1000,False,2
10668,Train,t_5022.jpg,600,800,False,3
10669,Train,t_10323.jpg,800,600,False,3
10674,Train,t_12377.jpg,1000,1000,False,1
10676,Train,t_15561.jpg,2000,2000,False,7
10677,Train,t_14190.jpg,600,800,False,2
10679,Train,t_11614.jpg,1000,1000,False,49
10680,Train,t_5600.jpg,600,800,False,1
10685,Train,t_65.jpg,1000,1000,False,1
10692,Train,t_3312.jpg,1000,1000,False,55
10696,Train,t_10195.jpg,600,800,False,1
10700,Train,t_13412.jpg,1000,1000,False,1
10702,Train,t_4765.jpg,600,600,True,0
10713,Train,t_4693.jpg,800,600,False,2
10716,Train,t_5035.jpg,700,700,True,0
10717,Train,t_7661.jpg,800,600,False,1
10726,Train,t_3152.jpg,800,600,False,4
10728,Train,t_3298.jpg,800,600,False,15
10731,Train,t_10064.jpg,1000,1000,False,1
10733,Train,t_8351.jpg,1000,1000,False,1
10734,Train,t_4092.jpg,1000,1000,True,0
10736,Train,t_15582.jpg,800,600,False,2
10738,Train,t_13938.jpg,600,800,False,1
10743,Train,t_6475.jpg,600,800,False,2
10747,Train,t_396.jpg,1500,1500,False,1
10753,Train,t_11786.jpg,600,800,False,4
10755,Train,t_15349.jpg,1000,1000,False,1
10758,Train,t_2219.jpg,600,800,True,0
10759,Train,t_3976.jpg,800,600,False,1
10762,Train,t_4486.jpg,1000,1000,False,2
10766,Train,t_12923.jpg,1000,1000,False,11
10768,Train,t_4800.jpg,600,800,False,1
10769,Train,t_10061.jpg,1000,1000,False,3
10773,Train,t_1108.jpg,1500,1500,False,4
10777,Train,t_1916.jpg,800,600,False,4
10779,Train,t_10098.jpg,600,800,False,2
10787,Train,t_8667.jpg,800,600,False,9
10788,Train,t_11444.jpg,1000,1000,False,11
10789,Train,t_3341.jpg,800,600,False,4
10797,Train,t_6115.jpg,800,600,False,4
10798,Train,t_5447.jpg,600,800,False,2
10804,Train,t_14467.jpg,1000,1000,False,1
10805,Train,t_9926.jpg,800,600,False,8
10808,Train,t_961.jpg,1500,1500,False,9
10810,Train,t_11641.jpg,600,800,False,1
10812,Train,t_12757.jpg,800,600,True,0
10813,Train,t_5440.jpg,1000,1000,False,3
10816,Train,t_2181.jpg,1000,1000,False,2
10819,Train,t_5873.jpg,1000,1000,False,2
10823,Train,t_16219.jpg,600,800,False,1
10827,Train,t_10026.jpg,800,600,True,0
10828,Train,t_12681.jpg,800,600,True,0
10830,Train,t_12819.jpg,1000,1000,False,6
10831,Train,t_7116.jpg,1000,1000,False,5
10832,Train,t_6018.jpg,800,600,False,3
10837,Train,t_15123.jpg,600,800,True,0
10838,Train,t_7396.jpg,800,600,False,2
10839,Train,t_8013.jpg,800,600,False,3
10841,Train,t_727.jpg,1500,1500,False,4
10844,Train,t_9477.jpg,800,600,False,8
10847,Train,t_3960.jpg,600,800,True,0
10848,Train,t_15882.jpg,2000,2000,False,12
10849,Train,t_10917.jpg,800,600,False,1
10853,Train,t_12064.jpg,800,600,False,1
10856,Train,t_15290.jpg,1000,1000,False,1
10882,Train,t_13036.jpg,800,600,False,1
10886,Train,t_5748.jpg,800,600,False,1
10892,Train,t_13723.jpg,600,800,False,3
10894,Train,t_13419.jpg,600,800,False,2
10895,Train,t_14091.jpg,600,800,False,2
10896,Train,t_7218.jpg,800,600,False,5
10897,Train,t_2251.jpg,2000,2000,False,22
10901,Train,t_1192.jpg,1000,1000,False,1
10902,Train,t_1822.jpg,800,600,False,2
10903,Train,t_10711.jpg,800,600,False,45
10904,Train,t_10939.jpg,1000,1000,True,0
10909,Train,t_15346.jpg,1000,1000,False,2
10915,Train,t_5436.jpg,800,600,False,23
10918,Train,t_5847.jpg,600,800,False,1
10921,Train,t_10091.jpg,1000,1000,False,2
10932,Train,t_5722.jpg,800,600,False,6
10935,Train,t_101.jpg,1500,1500,False,16
10937,Train,t_13725.jpg,800,600,False,1
10944,Train,t_5007.jpg,5748,5237,True,0
10952,Train,t_6990.jpg,600,800,False,39
10953,Train,t_2400.jpg,800,600,False,4
10954,Train,t_16298.jpg,600,800,False,1
10955,Train,t_12068.jpg,2000,2000,False,9
10960,Train,t_6529.jpg,800,600,False,2
10963,Train,t_11256.jpg,800,600,False,1
10967,Train,t_14853.jpg,1000,1000,False,3
10969,Train,t_9426.jpg,1000,1000,False,2
10972,Train,t_12816.jpg,600,800,True,0
10974,Train,t_6774.jpg,1000,1000,False,3
10979,Train,t_3209.jpg,1000,1000,False,41
10981,Train,t_3547.jpg,600,800,False,1
10983,Train,t_8510.jpg,1000,1000,False,3
10986,Train,t_11884.jpg,600,800,False,1
10998,Train,t_4259.jpg,600,800,False,2
10999,Train,t_256.jpg,1500,1500,False,5
11004,Train,t_8424.jpg,1000,1000,True,0
11007,Train,t_5197.jpg,1000,1000,False,12
11008,Train,t_3333.jpg,1000,1000,False,85
11011,Train,t_748.jpg,1500,1500,False,4
11013,Train,t_5796.jpg,800,600,False,3
11014,Train,t_4010.jpg,1000,1000,False,13
11023,Train,t_3429.jpg,1000,1000,False,4
11032,Train,t_8868.jpg,600,800,False,3
11037,Train,t_16468.jpg,1000,1000,False,6
11055,Train,t_14362.jpg,1000,1000,False,1
11057,Train,t_6260.jpg,1000,1000,False,1
11060,Train,t_8553.jpg,1000,1000,False,1
11062,Train,t_14649.jpg,1000,1000,False,49
11063,Train,t_7456.jpg,600,800,False,4
11067,Train,t_3406.jpg,800,600,False,18
11074,Train,t_4639.jpg,800,800,True,0
11076,Train,t_15011.jpg,600,800,False,16
11081,Train,t_11563.jpg,1000,1000,False,11
11085,Train,t_6007.jpg,600,800,False,10
11088,Train,t_12712.jpg,800,600,False,37
11090,Train,t_15366.jpg,600,800,False,8
11093,Train,t_12849.jpg,2000,2000,False,2
11104,Train,t_5961.jpg,600,800,False,1
11105,Train,t_16003.jpg,1000,1000,False,1
11107,Train,t_6500.jpg,1000,1000,False,10
11118,Train,t_9942.jpg,1000,1000,True,0
11123,Train,t_6139.jpg,800,600,False,6
11125,Train,t_6519.jpg,1000,1000,False,1
11128,Train,t_5782.jpg,1000,1000,False,2
11135,Train,t_540.jpg,1500,1500,False,3
11139,Train,t_14329.jpg,800,600,False,1
11141,Train,t_504.jpg,1000,1000,False,2
11142,Train,t_15763.jpg,800,600,False,8
11145,Train,t_10950.jpg,1000,1000,False,1
11146,Train,t_3921.jpg,800,600,False,1
11147,Train,t_11604.jpg,1000,1000,False,2
11151,Train,t_16213.jpg,1000,1000,False,1
11155,Train,t_7890.jpg,600,800,False,2
11156,Train,t_3677.jpg,1000,1000,False,30
11158,Train,t_9769.jpg,800,600,False,1
11159,Train,t_15747.jpg,800,600,True,0
11167,Train,t_5727.jpg,600,800,False,1
11169,Train,t_16233.jpg,1000,1000,False,15
11170,Train,t_9523.jpg,1000,1000,False,1
11172,Train,t_10226.jpg,800,600,False,1
11176,Train,t_2555.jpg,1000,1000,False,1
11182,Train,t_6455.jpg,600,800,False,1
11183,Train,t_1313.jpg,1500,1500,False,1
11188,Train,t_16402.jpg,800,600,False,1
11189,Train,t_9816.jpg,600,800,False,5
11190,Train,t_12439.jpg,600,800,True,0
11197,Train,t_9252.jpg,1000,1000,False,8
11198,Train,t_6152.jpg,600,800,False,1
11202,Train,t_9546.jpg,1000,1000,False,1
11205,Train,t_2464.jpg,1000,1000,False,1
11206,Train,t_420.jpg,1500,1500,False,9
11210,Train,t_15143.jpg,1000,1000,False,1
11214,Train,t_9445.jpg,1000,1000,False,2
11221,Train,t_6803.jpg,1000,1000,False,19
11224,Train,t_1343.jpg,1500,1500,False,9
11230,Train,t_2958.jpg,2000,2000,False,4
11232,Train,t_1131.jpg,1000,1000,True,0
11238,Train,t_16145.jpg,1000,1000,False,1
11243,Train,t_12589.jpg,1000,1000,False,4
11244,Train,t_9345.jpg,1000,1000,False,6
11245,Train,t_2740.jpg,800,600,False,1
11247,Train,t_7070.jpg,600,800,False,1
11248,Train,t_7415.jpg,600,800,False,2
11252,Train,t_12305.jpg,1000,1000,False,2
11258,Train,t_9417.jpg,800,600,False,2
11262,Train,t_1908.jpg,800,600,False,2
11264,Train,t_6920.jpg,600,800,False,1
11273,Train,t_14667.jpg,800,600,True,0
11274,Train,t_1252.jpg,1500,1500,False,112
11276,Train,t_6974.jpg,600,800,False,1
11279,Train,t_2896.jpg,600,800,False,7
11281,Train,t_13918.jpg,600,800,False,1
11284,Train,t_9675.jpg,1000,1000,False,7
11290,Train,t_12631.jpg,1000,1000,False,1
11295,Train,t_3340.jpg,600,800,False,3
11298,Train,t_5906.jpg,800,600,False,1
11302,Train,t_16041.jpg,1000,1000,False,4
11312,Train,t_6580.jpg,1000,1000,False,2
11316,Train,t_1591.jpg,1500,1500,False,5
11318,Train,t_14218.jpg,600,800,False,10
11326,Train,t_9730.jpg,800,600,False,2
11327,Train,t_8053.jpg,2000,2000,False,29
11330,Train,t_4711.jpg,600,800,True,0
11332,Train,t_11003.jpg,600,800,False,7
11337,Train,t_4742.jpg,800,600,False,1
11343,Train,t_15638.jpg,1000,1000,True,0
11351,Train,t_11826.jpg,1000,1000,False,11
11353,Train,t_14775.jpg,1000,1000,False,6
11357,Train,t_5702.jpg,600,800,False,1
11358,Train,t_6860.jpg,1000,1000,False,2
11359,Train,t_4857.jpg,800,600,False,2
11362,Train,t_12197.jpg,1000,1000,False,2
11363,Train,t_3700.jpg,1000,1000,False,9
11365,Train,t_13420.jpg,600,800,True,0
11367,Train,t_11119.jpg,600,800,False,1
11374,Train,t_3772.jpg,600,800,False,20
11376,Train,t_2733.jpg,1000,1000,False,11
11383,Train,t_3303.jpg,1000,1000,False,3
11385,Train,t_15962.jpg,1000,1000,False,4
11386,Train,t_5502.jpg,1000,1000,False,1
11388,Train,t_12799.jpg,1000,1000,False,1
11389,Train,t_12403.jpg,2000,2000,False,11
11391,Train,t_206.jpg,1500,1500,False,8
11392,Train,t_12839.jpg,800,600,False,1
11395,Train,t_2174.jpg,1000,1000,False,88
11397,Train,t_15651.jpg,600,800,False,11
11399,Train,t_5262.jpg,1000,1000,False,3
11400,Train,t_13849.jpg,2000,2000,False,23
11404,Train,t_3337.jpg,1000,1000,False,5
11405,Train,t_14170.jpg,1000,1000,False,1
11406,Train,t_14472.jpg,600,800,True,0
11408,Train,t_8717.jpg,600,800,False,1
11413,Train,t_14466.jpg,1000,1000,False,1
11421,Train,t_8221.jpg,1000,1000,True,0
11422,Train,t_821.jpg,1000,1000,False,15
11425,Train,t_6172.jpg,600,800,False,11
11429,Train,t_317.jpg,1500,1500,False,3
11430,Train,t_2951.jpg,1000,1000,False,2
11434,Train,t_6019.jpg,600,800,False,2
11436,Train,t_6570.jpg,1000,1000,False,2
11439,Train,t_3321.jpg,800,600,False,3
11440,Train,t_16240.jpg,600,800,False,1
11443,Train,t_884.jpg,1500,1500,False,5
11449,Train,t_4279.jpg,600,800,False,11
11454,Train,t_15080.jpg,600,800,False,3
11455,Train,t_14741.jpg,800,600,False,1
11458,Train,t_2773.jpg,800,600,False,4
11460,Train,t_5151.jpg,800,600,False,7
11462,Train,t_10446.jpg,600,800,False,2
11463,Train,t_11167.jpg,1000,1000,False,6
11465,Train,t_9853.jpg,600,800,False,2
11472,Train,t_4965.jpg,1000,1000,False,2
11473,Train,t_16257.jpg,600,800,False,1
11474,Train,t_1899.jpg,1000,1000,False,2
11476,Train,t_15358.jpg,600,800,False,1
11479,Train,t_10152.jpg,1000,1000,False,1
11481,Train,t_8991.jpg,800,600,False,9
11492,Train,t_3916.jpg,1000,1000,False,2
11495,Train,t_2383.jpg,1000,1000,False,2
11496,Train,t_1529.jpg,1500,1500,False,32
11498,Train,t_4899.jpg,600,800,True,0
11504,Train,t_8831.jpg,1000,1000,True,0
11506,Train,t_425.jpg,1000,1000,False,1
11508,Train,t_15342.jpg,600,800,False,1
11509,Train,t_6039.jpg,2000,2000,False,31
11510,Train,t_12304.jpg,2000,2000,False,8
11514,Train,t_6612.jpg,1000,1000,False,2
11517,Train,t_14672.jpg,2000,2000,False,10
11518,Train,t_4148.jpg,600,800,True,0
11521,Train,t_9900.jpg,1000,1000,False,1
11525,Train,t_7593.jpg,1000,1000,False,3
11526,Train,t_1602.jpg,1000,1000,True,0
11528,Train,t_1480.jpg,1000,1000,False,2
11530,Train,t_5363.jpg,800,600,False,1
11533,Train,t_15949.jpg,1000,1000,False,44
11535,Train,t_798.jpg,1500,1500,False,9
11536,Train,t_13987.jpg,800,600,False,2
11537,Train,t_13194.jpg,1000,1000,False,5
11541,Train,t_3454.jpg,1000,1000,False,1
11546,Train,t_4073.jpg,800,600,True,0
11548,Train,t_3819.jpg,1000,1000,False,14
11549,Train,t_12875.jpg,1000,1000,False,3
11556,Train,t_7430.jpg,800,600,False,1
11558,Train,t_7239.jpg,1000,1000,False,1
11559,Train,t_15789.jpg,800,600,True,0
11560,Train,t_11040.jpg,1000,1000,False,8
11561,Train,t_162.jpg,1500,1500,False,8
11568,Train,t_5946.jpg,1000,1000,False,6
11569,Train,t_2620.jpg,600,800,False,3
11573,Train,t_7151.jpg,1000,1000,False,64
11574,Train,t_16404.jpg,1000,1000,False,1
11578,Train,t_6413.jpg,800,600,False,3
11584,Train,t_6938.jpg,600,800,False,1
11585,Train,t_6878.jpg,800,600,False,2
11586,Train,t_11928.jpg,1000,1000,False,21
11589,Train,t_11255.jpg,600,800,False,1
11593,Train,t_11611.jpg,1000,1000,False,8
11594,Train,t_9668.jpg,1000,1000,False,4
11595,Train,t_5127.jpg,1000,1000,False,1
11601,Train,t_4571.jpg,1000,1000,False,2
11605,Train,t_12216.jpg,1000,1000,False,3
11611,Train,t_10646.jpg,1000,1000,False,5
11613,Train,t_15508.jpg,800,600,False,4
11618,Train,t_4153.jpg,1000,1000,False,9
11622,Train,t_9157.jpg,1000,1000,False,8
11626,Train,t_4912.jpg,600,800,False,8
11631,Train,t_6742.jpg,600,800,False,6
11634,Train,t_4106.jpg,1000,1000,False,4
11636,Train,t_2170.jpg,1000,1000,False,27
11637,Train,t_1861.jpg,800,600,False,1
11639,Train,t_2509.jpg,1000,1000,False,14
11640,Train,t_6450.jpg,600,800,False,5
11645,Train,t_12179.jpg,600,800,False,5
11654,Train,t_6073.jpg,600,800,True,0
11655,Train,t_5789.jpg,1000,1000,False,1
11656,Train,t_2084.jpg,800,600,False,2
11661,Train,t_15849.jpg,800,600,False,3
11663,Train,t_10681.jpg,1000,1000,False,1
11664,Train,t_12642.jpg,600,800,False,1
11667,Train,t_8158.jpg,1000,1000,False,5
11669,Train,t_12404.jpg,600,800,False,5
11671,Train,t_2403.jpg,1000,1000,False,13
11672,Train,t_3656.jpg,1000,1000,False,24
11673,Train,t_4557.jpg,1000,1000,False,1
11676,Train,t_8896.jpg,800,600,False,2
11679,Train,t_14442.jpg,700,700,True,0
11680,Train,t_1496.jpg,1500,1500,False,3
11690,Train,t_15094.jpg,600,800,False,1
11694,Train,t_6227.jpg,800,600,False,2
11695,Train,t_15786.jpg,800,600,True,0
11700,Train,t_15517.jpg,1000,1000,False,1
11711,Train,t_1621.jpg,1500,1500,False,24
11713,Train,t_10010.jpg,600,800,True,0
11714,Train,t_1687.jpg,1500,1500,False,5
11718,Train,t_8560.jpg,600,800,False,3
11719,Train,t_2726.jpg,800,600,True,0
11721,Train,t_3315.jpg,600,800,False,2
11733,Train,t_11589.jpg,800,600,False,3
11734,Train,t_9814.jpg,1000,1000,False,4
11737,Train,t_10416.jpg,800,600,False,5
11739,Train,t_16050.jpg,1000,1000,True,0
11749,Train,t_13930.jpg,1000,1000,False,3
11753,Train,t_3444.jpg,600,800,False,2
11760,Train,t_3401.jpg,1000,1000,False,1
11762,Train,t_13136.jpg,1000,1000,True,0
11764,Train,t_9201.jpg,4000,4000,False,63
11765,Train,t_14565.jpg,600,800,False,1
11774,Train,t_3989.jpg,1000,1000,True,0
11775,Train,t_14112.jpg,1000,1000,False,12
11776,Train,t_4082.jpg,800,600,False,1
11779,Train,t_2420.jpg,600,800,False,4
11784,Train,t_9750.jpg,1000,1000,True,0
11787,Train,t_5758.jpg,800,600,False,1
11789,Train,t_15575.jpg,1000,1000,False,1
11796,Train,t_8636.jpg,1000,1000,False,5
11799,Train,t_5385.jpg,800,600,False,9
11801,Train,t_8339.jpg,1000,1000,False,1
11802,Train,t_8147.jpg,1000,1000,True,0
11805,Train,t_191.jpg,1500,1500,False,3
11808,Train,t_5279.jpg,800,600,False,2
11812,Train,t_13779.jpg,600,800,False,10
11813,Train,t_4537.jpg,1000,1000,False,1
11814,Train,t_9520.jpg,800,600,False,2
11815,Train,t_8274.jpg,1000,1000,False,2
11816,Train,t_7249.jpg,600,800,False,10
11817,Train,t_12801.jpg,1000,1000,False,1
11818,Train,t_380.jpg,1500,1500,False,1
11820,Train,t_7950.jpg,1000,1000,True,0
11826,Train,t_13563.jpg,1000,1000,False,1
11830,Train,t_14902.jpg,1000,1000,False,1
11832,Train,t_7632.jpg,600,800,False,7
11836,Train,t_690.jpg,1500,1500,False,1
11837,Train,t_15177.jpg,1000,1000,False,48
11844,Train,t_5925.jpg,600,800,False,24
11845,Train,t_6233.jpg,2000,2000,False,6
11851,Train,t_3314.jpg,1000,1000,False,1
11852,Train,t_2445.jpg,800,600,False,1
11854,Train,t_5812.jpg,800,600,False,1
11857,Train,t_968.jpg,1500,1500,False,2
11858,Train,t_11797.jpg,800,600,True,0
11859,Train,t_8273.jpg,800,600,False,1
11873,Train,t_15758.jpg,1000,1000,False,1
11874,Train,t_277.jpg,1000,1000,False,2
11875,Train,t_8781.jpg,1000,1000,False,2
11880,Train,t_5900.jpg,1000,1000,False,1
11882,Train,t_14530.jpg,2000,2000,False,2
11885,Train,t_6919.jpg,800,600,False,8
11895,Train,t_8609.jpg,1000,1000,False,1
11904,Train,t_11996.jpg,1000,1000,False,43
11909,Train,t_9986.jpg,800,600,True,0
11910,Train,t_15898.jpg,600,800,False,15
11911,Train,t_14312.jpg,1000,1000,False,1
11914,Train,t_12091.jpg,800,600,False,1
11918,Train,t_5675.jpg,600,800,False,3
11925,Train,t_11397.jpg,800,600,False,1
11927,Train,t_1020.jpg,1500,1500,False,50
11928,Train,t_9544.jpg,1000,1000,False,1
11943,Train,t_772.jpg,1500,1500,False,7
11946,Train,t_1891.jpg,1000,1000,False,10
11948,Train,t_1597.jpg,1000,1000,True,0
11951,Train,t_236.jpg,1500,1500,False,9
11954,Train,t_6210.jpg,800,600,False,4
11956,Train,t_6024.jpg,600,800,False,2
11959,Train,t_5908.jpg,1000,1000,False,1
11962,Train,t_4573.jpg,1000,1000,True,0
11966,Train,t_9939.jpg,800,600,False,3
11967,Train,t_5280.jpg,600,800,False,7
11969,Train,t_12615.jpg,800,600,True,0
11973,Train,t_5163.jpg,1000,1000,False,1
11978,Train,t_12518.jpg,600,800,False,1
11979,Train,t_4637.jpg,1000,1000,False,14
11982,Train,t_12659.jpg,800,600,False,1
11990,Train,t_16369.jpg,800,600,False,2
11992,Train,t_14360.jpg,800,600,False,15
11998,Train,t_7764.jpg,800,600,False,3
12000,Train,t_11559.jpg,2000,2000,False,18
12007,Train,t_8099.jpg,1000,1000,True,0
12009,Train,t_10361.jpg,1000,1000,False,1
12017,Train,t_8291.jpg,1000,1000,False,21
12018,Train,t_1712.jpg,1500,1500,False,10
12025,Train,t_1159.jpg,1500,1500,False,1
12026,Train,t_5079.jpg,600,800,False,1
12029,Train,t_2739.jpg,600,800,False,3
12031,Train,t_8867.jpg,800,600,False,1
12034,Train,t_16386.jpg,1000,1000,False,1
12039,Train,t_4640.jpg,7000,7000,False,8
12043,Train,t_15573.jpg,600,800,False,1
12044,Train,t_7669.jpg,800,600,False,3
12048,Train,t_767.jpg,1500,1500,False,1
12051,Train,t_2152.jpg,600,800,False,1
12058,Train,t_7429.jpg,600,800,False,27
12062,Train,t_9856.jpg,600,800,False,2
12063,Train,t_12121.jpg,1000,1000,False,2
12073,Train,t_13424.jpg,1000,1000,False,27
12076,Train,t_11124.jpg,1000,1000,False,1
12077,Train,t_14796.jpg,800,600,False,10
12082,Train,t_4130.jpg,1000,1000,False,1
12084,Train,t_5636.jpg,1000,1000,False,6
12085,Train,t_15199.jpg,800,600,False,1
12091,Train,t_1194.jpg,1500,1500,False,2
12102,Train,t_7846.jpg,1000,1000,False,1
12105,Train,t_3650.jpg,1000,1000,False,1
12110,Train,t_13122.jpg,1000,1000,False,17
12119,Train,t_8173.jpg,1000,1000,False,39
12126,Train,t_9566.jpg,800,600,False,1
12127,Train,t_15745.jpg,1000,1000,False,3
12131,Train,t_3469.jpg,600,800,False,2
12132,Train,t_6588.jpg,1000,1000,False,1
12133,Train,t_8685.jpg,1000,1000,True,0
12138,Train,t_2432.jpg,600,800,False,11
12139,Train,t_14967.jpg,800,600,False,1
12142,Train,t_3638.jpg,1000,1000,False,1
12146,Train,t_6574.jpg,1000,1000,True,0
12153,Train,t_14685.jpg,1000,1000,False,1
12155,Train,t_6212.jpg,1000,1000,False,3
12157,Train,t_9402.jpg,800,600,False,5
12158,Train,t_11593.jpg,600,800,False,2
12172,Train,t_6623.jpg,1000,1000,False,1
12173,Train,t_5972.jpg,1000,1000,False,15
12178,Train,t_4567.jpg,800,600,False,2
12181,Train,t_3593.jpg,1000,1000,False,7
12193,Train,t_3997.jpg,600,800,False,1
12195,Train,t_14777.jpg,2000,2000,False,3
12198,Train,t_15958.jpg,800,600,False,1
12202,Train,t_6767.jpg,1000,1000,False,2
12203,Train,t_43.jpg,1000,1000,False,1
12212,Train,t_11041.jpg,1000,1000,False,1
12213,Train,t_6074.jpg,1000,1000,True,0
12215,Train,t_4871.jpg,800,600,False,2
12216,Train,t_9784.jpg,600,800,False,114
12219,Train,t_12317.jpg,1000,1000,True,0
12220,Train,t_5656.jpg,1000,1000,False,7
12221,Train,t_12881.jpg,800,600,False,5
12227,Train,t_9164.jpg,600,800,False,1
12228,Train,t_12103.jpg,1000,1000,False,11
12231,Train,t_6440.jpg,2000,2000,False,11
12234,Train,t_11500.jpg,600,800,False,1
12236,Train,t_6603.jpg,800,600,False,1
12239,Train,t_6793.jpg,800,600,False,1
12241,Train,t_16097.jpg,1000,1000,False,22
12243,Train,t_8652.jpg,1000,1000,False,89
12244,Train,t_13359.jpg,1000,1000,False,2
12245,Train,t_5539.jpg,1000,1000,True,0
12258,Train,t_14451.jpg,600,800,True,0
12260,Train,t_745.jpg,1500,1500,False,1
12262,Train,t_13091.jpg,600,800,False,1
12265,Train,t_4718.jpg,600,800,False,8
12267,Train,t_13078.jpg,800,600,False,2
12268,Train,t_8960.jpg,1000,1000,False,7
12269,Train,t_8863.jpg,600,800,False,5
12271,Train,t_513.jpg,1500,1500,False,2
12285,Train,t_14345.jpg,600,800,False,4
12286,Train,t_4493.jpg,800,600,False,1
12289,Train,t_13159.jpg,1000,1000,True,0
12291,Train,t_15039.jpg,600,800,False,9
12302,Train,t_4502.jpg,1000,1000,False,11
12305,Train,t_6300.jpg,1000,1000,False,1
12308,Train,t_6611.jpg,1000,1000,False,174
12314,Train,t_14001.jpg,1000,1000,False,1
12316,Train,t_8425.jpg,1000,1000,False,5
12319,Train,t_8701.jpg,1000,1000,False,1
12324,Train,t_774.jpg,1500,1500,False,15
12325,Train,t_6492.jpg,1000,1000,False,1
12334,Train,t_8372.jpg,600,800,False,1
12338,Train,t_10821.jpg,1000,1000,False,2
12340,Train,t_14734.jpg,1000,1000,False,1
12343,Train,t_14008.jpg,600,800,False,2
12345,Train,t_2133.jpg,600,800,False,1
12346,Train,t_4873.jpg,800,600,False,1
12348,Train,t_5034.jpg,600,800,False,2
12353,Train,t_12794.jpg,800,600,False,13
12357,Train,t_834.jpg,1500,1500,False,2
12361,Train,t_11417.jpg,600,800,False,3
12362,Train,t_12512.jpg,600,800,True,0
12363,Train,t_8707.jpg,1000,1000,False,5
12364,Train,t_8618.jpg,1000,1000,False,14
12365,Train,t_2330.jpg,600,800,True,0
12366,Train,t_15541.jpg,800,600,False,1
12383,Train,t_1122.jpg,1500,1500,False,18
12384,Train,t_6148.jpg,1000,1000,False,1
12387,Train,t_3992.jpg,800,600,False,10
12389,Train,t_7742.jpg,600,800,False,2
12398,Train,t_10953.jpg,1000,1000,False,1
12404,Train,t_7356.jpg,1000,1000,False,1
12405,Train,t_1868.jpg,1000,1000,True,0
12410,Train,t_8197.jpg,600,800,True,0
12412,Train,t_12921.jpg,1000,1000,False,2
12415,Train,t_4292.jpg,1000,1000,False,11
12416,Train,t_8997.jpg,800,600,False,4
12417,Train,t_10807.jpg,1000,1000,False,1
12421,Train,t_5509.jpg,2000,2000,False,4
12423,Train,t_1704.jpg,1500,1500,False,5
12429,Train,t_16436.jpg,800,600,False,1
12431,Train,t_2569.jpg,1000,1000,False,14
12437,Train,t_14156.jpg,600,800,False,35
12443,Train,t_3635.jpg,1000,1000,False,1
12445,Train,t_6089.jpg,1000,1000,False,2
12446,Train,t_13252.jpg,800,600,False,6
12447,Train,t_6660.jpg,1000,1000,False,4
12451,Train,t_4923.jpg,1000,1000,True,0
12457,Train,t_11247.jpg,2000,2000,False,88
12458,Train,t_13861.jpg,1000,1000,False,1
12459,Train,t_1994.jpg,1000,1000,False,5
12461,Train,t_8210.jpg,800,600,False,1
12466,Train,t_1973.jpg,800,600,False,1
12472,Train,t_11193.jpg,600,800,False,1
12476,Train,t_10687.jpg,900,900,True,0
12484,Train,t_8870.jpg,800,600,False,7
12490,Train,t_6857.jpg,600,800,False,7
12493,Train,t_6508.jpg,1000,1000,False,13
12494,Train,t_14863.jpg,600,800,True,0
12497,Train,t_10532.jpg,600,800,True,0
12500,Train,t_91.jpg,1500,1500,False,1
12508,Train,t_14759.jpg,600,800,False,1
12512,Train,t_13766.jpg,600,800,False,1
12513,Train,t_15060.jpg,800,600,False,2
12522,Train,t_7887.jpg,1000,1000,False,8
12523,Train,t_11449.jpg,1000,1000,False,1
12526,Train,t_14930.jpg,800,600,False,1
12530,Train,t_14813.jpg,1000,1000,False,1
12531,Train,t_2193.jpg,1000,1000,False,5
12533,Train,t_13380.jpg,800,600,False,6
12534,Train,t_4855.jpg,1000,1000,False,8
12536,Train,t_1768.jpg,1000,1000,False,2
12543,Train,t_4050.jpg,1000,1000,False,4
12545,Train,t_6554.jpg,2000,2000,False,6
12548,Train,t_3277.jpg,600,800,False,13
12552,Train,t_13152.jpg,600,800,True,0
12553,Train,t_15722.jpg,2000,2000,False,4
12556,Train,t_10457.jpg,1000,1000,True,0
12563,Train,t_8839.jpg,800,600,False,4
12565,Train,t_1418.jpg,1500,1500,False,4
12578,Train,t_1764.jpg,1000,1000,True,0
12583,Train,t_930.jpg,1500,1500,False,5
12584,Train,t_5924.jpg,800,600,False,5
12586,Train,t_15778.jpg,1000,1000,False,12
12589,Train,t_12729.jpg,2000,2000,False,30
12592,Train,t_12454.jpg,1000,1000,False,4
12597,Train,t_7013.jpg,2000,2000,False,8
12599,Train,t_1807.jpg,800,600,False,1
12600,Train,t_14446.jpg,800,600,False,1
12602,Train,t_3020.jpg,1000,1000,False,1
12603,Train,t_6971.jpg,1000,1000,False,7
12614,Train,t_7723.jpg,800,600,False,1
12620,Train,t_16123.jpg,800,600,True,0
12622,Train,t_16159.jpg,800,600,False,1
12623,Train,t_7567.jpg,800,600,True,0
12624,Train,t_10569.jpg,600,800,False,2
12627,Train,t_11815.jpg,600,800,False,4
12629,Train,t_7160.jpg,800,600,True,0
12635,Train,t_1021.jpg,1500,1500,False,1
12638,Train,t_10562.jpg,1000,1000,False,1
12646,Train,t_7086.jpg,800,600,False,1
12647,Train,t_6809.jpg,2000,2000,False,18
12651,Train,t_263.jpg,1500,1500,False,28
12654,Train,t_129.jpg,1500,1500,False,18
12656,Train,t_10587.jpg,1000,1000,False,17
12658,Train,t_6597.jpg,1000,1000,False,10
12661,Train,t_14441.jpg,1000,1000,False,1
12667,Train,t_2923.jpg,600,800,False,182
12668,Train,t_15215.jpg,600,800,False,4
12671,Train,t_10451.jpg,1000,1000,False,14
12672,Train,t_13772.jpg,800,600,False,2
12673,Train,t_14712.jpg,800,600,False,22
12676,Train,t_2172.jpg,800,600,False,1
12681,Train,t_15423.jpg,1000,1000,False,1
12684,Train,t_13713.jpg,1000,1000,False,1
12686,Train,t_5530.jpg,1000,1000,False,1
12688,Train,t_12079.jpg,1000,1000,False,15
12692,Train,t_13544.jpg,800,600,False,1
12693,Train,t_5000.jpg,1000,1000,False,3
12696,Train,t_6730.jpg,800,600,False,4
12697,Train,t_12497.jpg,1000,1000,False,3
12698,Train,t_1123.jpg,1000,1000,False,1
12704,Train,t_5423.jpg,6000,6000,False,15
12706,Train,t_9997.jpg,1000,1000,False,15
12716,Train,t_15292.jpg,1000,1000,False,1
12717,Train,t_6038.jpg,600,800,False,8
12723,Train,t_12708.jpg,600,800,False,11
12724,Train,t_9331.jpg,800,600,True,0
12735,Train,t_7412.jpg,1000,1000,False,4
12736,Train,t_13840.jpg,800,600,False,2
12738,Train,t_6897.jpg,600,800,False,1
12740,Train,t_8757.jpg,600,800,False,1
12752,Train,t_8422.jpg,800,600,False,1
12754,Train,t_1759.jpg,800,600,False,9
12757,Train,t_15439.jpg,800,800,True,0
12758,Train,t_6814.jpg,1000,1000,False,1
12761,Train,t_6429.jpg,600,800,False,4
12762,Train,t_2652.jpg,600,800,False,2
12763,Train,t_10716.jpg,1000,1000,False,2
12768,Train,t_8481.jpg,2000,2000,False,2
12769,Train,t_372.jpg,1000,1000,True,0
12772,Train,t_7251.jpg,600,800,False,2
12774,Train,t_1512.jpg,1000,1000,True,0
12782,Train,t_3648.jpg,1000,1000,False,15
12783,Train,t_2223.jpg,600,800,False,5
12784,Train,t_14929.jpg,1000,1000,False,4
12785,Train,t_13517.jpg,600,800,False,1
12790,Train,t_15010.jpg,800,600,False,10
12793,Train,t_2535.jpg,600,800,False,5
12795,Train,t_8272.jpg,1000,1000,False,17
12796,Train,t_10972.jpg,600,800,True,0
12797,Train,t_8276.jpg,1000,1000,True,0
12801,Train,t_6945.jpg,600,800,False,1
12804,Train,t_1430.jpg,1000,1000,True,0
12805,Train,t_5806.jpg,600,800,False,10
12810,Train,t_5065.jpg,1000,1000,False,5
12814,Train,t_6902.jpg,800,600,True,0
12817,Train,t_11655.jpg,600,800,False,5
12821,Train,t_15992.jpg,800,600,False,6
12824,Train,t_2045.jpg,800,600,False,1
12827,Train,t_12702.jpg,1000,1000,False,2
12829,Train,t_1142.jpg,1500,1500,False,5
12833,Train,t_7842.jpg,1000,1000,False,6
12836,Train,t_625.jpg,1500,1500,False,1
12847,Train,t_7843.jpg,1000,1000,False,1
12848,Train,t_15666.jpg,600,800,False,6
12853,Train,t_3384.jpg,800,600,False,1
12854,Train,t_11108.jpg,800,600,False,3
12862,Train,t_7502.jpg,600,800,False,1
12864,Train,t_15334.jpg,1000,1000,False,1
12866,Train,t_12352.jpg,1000,1000,False,12
12868,Train,t_16318.jpg,800,600,False,2
12871,Train,t_6033.jpg,1000,1000,False,1
12873,Train,t_16463.jpg,600,800,False,2
12874,Train,t_1151.jpg,1500,1500,False,8
12876,Train,t_7737.jpg,800,600,True,0
12877,Train,t_14310.jpg,800,600,True,0
12879,Train,t_7300.jpg,1000,1000,False,1
12883,Train,t_998.jpg,1500,1500,False,2
12888,Train,t_3791.jpg,1000,1000,False,1
12901,Train,t_8699.jpg,800,600,False,19
12902,Train,t_16211.jpg,800,600,False,14
12904,Train,t_4602.jpg,800,600,True,0
12906,Train,t_13942.jpg,600,800,False,1
12910,Train,t_9072.jpg,800,600,False,5
12911,Train,t_6499.jpg,600,800,False,1
12913,Train,t_14576.jpg,1000,1000,False,15
12915,Train,t_14504.jpg,1000,1000,False,6
12917,Train,t_4938.jpg,1000,1000,False,1
12919,Train,t_7714.jpg,600,800,False,1
12920,Train,t_5021.jpg,800,600,False,3
12921,Train,t_14142.jpg,600,800,False,1
12926,Train,t_8115.jpg,2000,2000,False,11
12935,Train,t_15997.jpg,600,800,False,5
12937,Train,t_10207.jpg,1000,1000,False,3
12940,Train,t_3446.jpg,1000,1000,False,15
12946,Train,t_11179.jpg,800,600,False,1
12947,Train,t_15090.jpg,600,800,False,4
12950,Train,t_9551.jpg,1000,1000,False,1
12958,Train,t_186.jpg,1000,1000,True,0
12960,Train,t_12339.jpg,600,800,False,5
12961,Train,t_17.jpg,1500,1500,False,3
12963,Train,t_7665.jpg,1000,1000,False,5
12969,Train,t_16444.jpg,1000,1000,False,1
12971,Train,t_2660.jpg,600,800,True,0
12973,Train,t_542.jpg,1000,1000,False,4
12974,Train,t_3793.jpg,1000,1000,False,1
12977,Train,t_6263.jpg,800,600,True,0
12987,Train,t_9545.jpg,1000,1000,False,9
12990,Train,t_477.jpg,1500,1500,False,6
12993,Train,t_1919.jpg,800,600,False,11
12994,Train,t_10422.jpg,1000,1000,False,1
12995,Train,t_8887.jpg,1000,1000,False,1
12996,Train,t_6801.jpg,800,600,False,1
13003,Train,t_4284.jpg,600,800,False,1
13004,Train,t_4608.jpg,1000,1000,False,1
13007,Train,t_11881.jpg,600,800,False,2
13011,Train,t_13174.jpg,600,800,True,0
13018,Train,t_15649.jpg,600,800,False,3
13020,Train,t_13522.jpg,1000,1000,False,5
13024,Train,t_4260.jpg,800,600,False,4
13030,Train,t_989.jpg,1500,1500,False,2
13036,Train,t_6507.jpg,1000,1000,True,0
13038,Train,t_8658.jpg,800,600,False,4
13046,Train,t_13158.jpg,600,800,False,1
13052,Train,t_6936.jpg,600,800,True,0
13057,Train,t_4424.jpg,1000,1000,False,16
13059,Train,t_2287.jpg,800,600,False,8
13061,Train,t_6478.jpg,800,600,False,2
13062,Train,t_12374.jpg,1000,1000,False,5
13063,Train,t_2141.jpg,800,600,False,4
13067,Train,t_2721.jpg,800,600,False,3
13071,Train,t_9741.jpg,600,800,False,1
13072,Train,t_8236.jpg,1000,1000,False,2
13086,Train,t_13964.jpg,600,800,False,3
13090,Train,t_8463.jpg,1000,1000,True,0
13091,Train,t_615.jpg,1500,1500,False,1
13093,Train,t_14022.jpg,2000,2000,False,3
13101,Train,t_5858.jpg,1000,1000,False,1
13103,Train,t_1308.jpg,1500,1500,False,4
13104,Train,t_12432.jpg,600,800,False,1
13106,Train,t_8999.jpg,600,800,False,1
13108,Train,t_12090.jpg,800,600,False,1
13109,Train,t_7330.jpg,800,600,False,2
13111,Train,t_3527.jpg,800,600,False,5
13117,Train,t_11098.jpg,1000,1000,False,1
13120,Train,t_11183.jpg,800,600,False,1
13128,Train,t_348.jpg,1500,1500,False,21
13129,Train,t_11351.jpg,1000,1000,False,2
13132,Train,t_10987.jpg,1000,1000,False,2
13139,Train,t_14063.jpg,1000,1000,True,0
13144,Train,t_13774.jpg,1000,1000,False,1
13148,Train,t_9553.jpg,800,600,False,1
13161,Train,t_3904.jpg,600,800,False,7
13162,Train,t_4344.jpg,800,600,False,2
13164,Train,t_12486.jpg,1000,1000,False,7
13165,Train,t_8967.jpg,1000,1000,True,0
13170,Train,t_4418.jpg,1000,1000,False,3
13173,Train,t_5393.jpg,800,600,True,0
13174,Train,t_1482.jpg,1500,1500,False,16
13179,Train,t_14637.jpg,800,600,False,1
13183,Train,t_9599.jpg,800,600,False,4
13186,Train,t_3183.jpg,600,800,False,6
13190,Train,t_2165.jpg,800,600,False,1
13192,Train,t_1321.jpg,1500,1500,False,1
13195,Train,t_11773.jpg,600,800,False,3
13196,Train,t_14354.jpg,1000,1000,False,4
13198,Train,t_8501.jpg,2000,2000,False,6
13200,Train,t_10045.jpg,800,600,False,1
13212,Train,t_16407.jpg,800,600,False,6
13215,Train,t_13525.jpg,600,800,False,3
13236,Train,t_5080.jpg,600,800,True,0
13239,Train,t_13182.jpg,800,600,False,3
13240,Train,t_14505.jpg,600,800,False,1
13244,Train,t_1089.jpg,1500,1500,False,3
13246,Train,t_1283.jpg,1500,1500,False,1
13250,Train,t_11459.jpg,600,800,False,2
13258,Train,t_7217.jpg,1000,1000,False,4
13261,Train,t_15482.jpg,1000,1000,False,3
13262,Train,t_11984.jpg,1000,1000,True,0
13271,Train,t_8174.jpg,1000,1000,False,1
13272,Train,t_814.jpg,1500,1500,False,3
13273,Train,t_544.jpg,1000,1000,True,0
13278,Train,t_6394.jpg,600,800,True,0
13283,Train,t_12135.jpg,600,800,False,1
13286,Train,t_7423.jpg,1000,1000,False,3
13287,Train,t_12749.jpg,1000,1000,False,1
13291,Train,t_2200.jpg,600,800,False,3
13295,Train,t_6100.jpg,800,600,False,1
13297,Train,t_13357.jpg,600,800,False,3
13299,Train,t_13682.jpg,600,800,True,0
13301,Train,t_11919.jpg,600,800,False,2
13303,Train,t_1649.jpg,1500,1500,False,1
13304,Train,t_14550.jpg,600,800,False,1
13310,Train,t_15.jpg,1000,1000,False,1
13312,Train,t_11706.jpg,600,800,False,1
13313,Train,t_1873.jpg,800,600,False,2
13314,Train,t_5049.jpg,1000,1000,False,1
13316,Train,t_9947.jpg,1000,1000,False,1
13319,Train,t_1427.jpg,1000,1000,False,2
13327,Train,t_2735.jpg,1000,1000,False,6
13329,Train,t_14532.jpg,1000,1000,False,6
13334,Train,t_5774.jpg,800,600,False,2
13335,Train,t_14714.jpg,800,600,True,0
13349,Train,t_5233.jpg,800,600,False,2
13350,Train,t_14646.jpg,1000,1000,False,4
13359,Train,t_10053.jpg,1000,1000,False,16
13361,Train,t_7826.jpg,1000,1000,False,1
13363,Train,t_2224.jpg,600,800,False,2
13364,Train,t_1386.jpg,1000,1000,False,5
13365,Train,t_4861.jpg,1000,1000,False,1
13368,Train,t_13459.jpg,600,800,False,2
13376,Train,t_408.jpg,1000,1000,True,0
13378,Train,t_15204.jpg,600,800,False,1
13380,Train,t_7993.jpg,600,800,False,5
13386,Train,t_14048.jpg,1000,1000,False,1
13387,Train,t_578.jpg,1500,1500,False,3
13404,Train,t_3740.jpg,1000,1000,False,3
13405,Train,t_9090.jpg,600,800,True,0
13414,Train,t_2145.jpg,600,800,False,1
13423,Train,t_1979.jpg,800,600,False,1
13424,Train,t_1389.jpg,1500,1500,False,1
13425,Train,t_9137.jpg,1000,1000,False,2
13431,Train,t_3464.jpg,600,800,False,3
13433,Train,t_9753.jpg,1000,1000,False,8
13435,Train,t_5950.jpg,800,600,False,10
13437,Train,t_13973.jpg,600,800,False,1
13445,Train,t_13641.jpg,1000,1000,False,1
13447,Train,t_1081.jpg,1500,1500,False,9
13448,Train,t_7445.jpg,800,600,False,6
13449,Train,t_14367.jpg,1000,1000,False,9
13454,Train,t_12558.jpg,1000,1000,False,1
13459,Train,t_9287.jpg,800,600,False,2
13461,Train,t_3089.jpg,600,800,False,1
13465,Train,t_11010.jpg,1000,1000,False,12
13467,Train,t_16361.jpg,800,600,False,1
13476,Train,t_4879.jpg,1000,1000,False,1
13484,Train,t_5931.jpg,1000,1000,False,6
13488,Train,t_9186.jpg,600,800,False,11
13493,Train,t_1933.jpg,1000,1000,False,9
13494,Train,t_11575.jpg,600,800,False,2
13499,Train,t_12971.jpg,800,600,False,3
13501,Train,t_1402.jpg,1500,1500,False,26
13505,Train,t_10377.jpg,800,600,False,8
13506,Train,t_9179.jpg,600,800,False,2
13510,Train,t_7162.jpg,1000,1000,False,1
13511,Train,t_214.jpg,1500,1500,False,6
13514,Train,t_9971.jpg,600,800,False,2
13516,Train,t_9434.jpg,600,800,True,0
13517,Train,t_1552.jpg,1500,1500,False,3
13518,Train,t_3632.jpg,800,600,False,31
13524,Train,t_16268.jpg,800,800,True,0
13527,Train,t_5704.jpg,800,600,False,4
13534,Train,t_6003.jpg,600,800,False,2
13538,Train,t_11494.jpg,1000,1000,False,2
13539,Train,t_2894.jpg,600,800,False,11
13540,Train,t_9861.jpg,1000,1000,False,2
13541,Train,t_8497.jpg,1000,1000,False,1
13546,Train,t_160.jpg,1500,1500,False,3
13548,Train,t_10549.jpg,2000,2000,False,4
13553,Train,t_5759.jpg,800,600,False,5
13557,Train,t_5552.jpg,2000,2000,False,6
13558,Train,t_375.jpg,1500,1500,False,5
13560,Train,t_14822.jpg,7000,7000,False,8
13566,Train,t_14298.jpg,800,600,False,14
13568,Train,t_16429.jpg,1000,1000,False,6
13569,Train,t_6822.jpg,600,800,False,1
13570,Train,t_10581.jpg,1000,1000,False,1
13572,Train,t_8626.jpg,1000,1000,False,1
13574,Train,t_14415.jpg,1000,1000,False,3
13581,Train,t_13913.jpg,1000,1000,False,3
13582,Train,t_12285.jpg,800,600,False,1
13583,Train,t_6162.jpg,600,800,False,3
13585,Train,t_10727.jpg,800,600,False,1
13588,Train,t_1992.jpg,600,800,False,1
13589,Train,t_13689.jpg,800,600,False,1
13590,Train,t_14433.jpg,800,600,False,8
13594,Train,t_14990.jpg,1000,1000,False,3
13599,Train,t_3375.jpg,600,800,False,3
13601,Train,t_128.jpg,1500,1500,False,23
13603,Train,t_12502.jpg,600,800,False,1
13604,Train,t_2716.jpg,1000,1000,False,1
13605,Train,t_7658.jpg,1000,1000,True,0
13607,Train,t_3734.jpg,1000,1000,False,1
13615,Train,t_7590.jpg,600,800,True,0
13616,Train,t_11605.jpg,1000,1000,False,10
13617,Train,t_443.jpg,1500,1500,False,1
13618,Train,t_1408.jpg,1500,1500,False,2
13621,Train,t_11895.jpg,900,900,True,0
13622,Train,t_13880.jpg,1000,1000,False,2
13625,Train,t_1417.jpg,1500,1500,False,3
13626,Train,t_11587.jpg,800,600,False,4
13627,Train,t_15284.jpg,1000,1000,False,7
13628,Train,t_5679.jpg,800,600,False,2
13630,Train,t_13801.jpg,800,600,False,13
13634,Train,t_14675.jpg,800,600,False,1
13635,Train,t_14051.jpg,1000,1000,False,1
13636,Train,t_7050.jpg,600,800,False,5
13640,Train,t_7563.jpg,800,600,True,0
13650,Train,t_4192.jpg,1000,1000,False,6
13654,Train,t_12240.jpg,1000,1000,False,45
13658,Train,t_7361.jpg,1000,1000,False,14
13664,Train,t_11769.jpg,1000,1000,False,3
13668,Train,t_10378.jpg,1000,1000,True,0
13673,Train,t_1976.jpg,600,800,False,3
13678,Train,t_3179.jpg,600,800,False,7
13682,Train,t_11026.jpg,1000,1000,False,3
13688,Train,t_479.jpg,1500,1500,False,4
13690,Train,t_9436.jpg,600,800,False,1
13692,Train,t_7024.jpg,800,600,False,1
13696,Train,t_10686.jpg,1000,1000,False,1
13697,Train,t_14733.jpg,600,800,False,1
13701,Train,t_14820.jpg,600,800,False,8
13702,Train,t_9883.jpg,600,800,False,2
13705,Train,t_5515.jpg,600,800,False,4
13707,Train,t_15624.jpg,1000,1000,False,11
13709,Train,t_2075.jpg,600,800,True,0
13710,Train,t_3882.jpg,1000,1000,False,15
13714,Train,t_15531.jpg,1000,1000,False,2
13716,Train,t_11506.jpg,2000,2000,False,17
13717,Train,t_7638.jpg,1000,1000,False,1
13719,Train,t_937.jpg,1500,1500,False,2
13721,Train,t_8969.jpg,1000,1000,False,2
13726,Train,t_1706.jpg,1000,1000,False,1
13730,Train,t_3004.jpg,1000,1000,True,0
13731,Train,t_1198.jpg,1500,1500,False,17
13732,Train,t_647.jpg,1500,1500,False,17
13736,Train,t_682.jpg,1500,1500,False,3
13737,Train,t_7646.jpg,1000,1000,False,1
13739,Train,t_1287.jpg,1500,1500,False,1
13744,Train,t_9533.jpg,800,600,False,3
13746,Train,t_184.jpg,1500,1500,False,2
13751,Train,t_4402.jpg,1000,1000,False,1
13752,Train,t_12455.jpg,800,600,False,1
13754,Train,t_4768.jpg,1000,1000,False,5
13756,Train,t_2921.jpg,600,800,True,0
13765,Train,t_11077.jpg,600,800,False,1
13773,Train,t_14725.jpg,1000,1000,False,1
13775,Train,t_1840.jpg,2000,2000,False,7
13777,Train,t_12556.jpg,1000,1000,True,0
13781,Train,t_3300.jpg,800,600,False,1
13786,Train,t_3927.jpg,600,800,False,8
13793,Train,t_6806.jpg,600,800,False,4
13795,Train,t_3045.jpg,1000,1000,False,1
13796,Train,t_13325.jpg,600,800,False,4
13797,Train,t_13659.jpg,2000,2000,False,9
13803,Train,t_8541.jpg,1000,1000,False,17
13805,Train,t_4548.jpg,1000,1000,False,1
13807,Train,t_10932.jpg,600,800,False,1
13815,Train,t_15391.jpg,600,800,False,1
13823,Train,t_6125.jpg,800,600,False,3
13824,Train,t_9067.jpg,1000,1000,False,3
13828,Train,t_9773.jpg,1000,1000,False,4
13829,Train,t_4924.jpg,1000,1000,True,0
13831,Train,t_3533.jpg,800,600,False,1
13837,Train,t_7867.jpg,800,600,False,3
13838,Train,t_10627.jpg,1000,1000,False,1
13839,Train,t_7844.jpg,600,800,False,5
13842,Train,t_1466.jpg,1000,1000,False,1
13843,Train,t_11520.jpg,600,800,False,1
13848,Train,t_2425.jpg,1000,1000,False,8
13850,Train,t_3287.jpg,1000,1000,False,1
13855,Train,t_13921.jpg,800,600,False,3
13858,Train,t_12013.jpg,1000,1000,False,14
13860,Train,t_478.jpg,1000,1000,True,0
13863,Train,t_11005.jpg,1000,1000,False,11
13865,Train,t_9611.jpg,600,800,False,1
13872,Train,t_10120.jpg,1000,1000,False,11
13876,Train,t_3282.jpg,1000,1000,False,1
13879,Train,t_6288.jpg,600,800,False,1
13880,Train,t_7060.jpg,800,600,False,2
13881,Train,t_9206.jpg,1000,1000,False,1
13886,Train,t_3134.jpg,1000,1000,False,9
13887,Train,t_12866.jpg,1000,1000,False,4
13888,Train,t_14841.jpg,600,800,False,33
13890,Train,t_15098.jpg,800,600,False,31
13896,Train,t_572.jpg,1500,1500,False,2
13902,Train,t_8718.jpg,800,600,False,3
13907,Train,t_15784.jpg,800,600,False,4
13908,Train,t_14010.jpg,600,800,False,1
13910,Train,t_12124.jpg,600,800,False,2
13911,Train,t_5479.jpg,1000,1000,True,0
13918,Train,t_15473.jpg,600,800,False,2
13921,Train,t_13211.jpg,2000,2000,False,12
13922,Train,t_1963.jpg,600,800,False,3
13923,Train,t_14785.jpg,600,800,False,1
13925,Train,t_11742.jpg,600,800,True,0
13928,Train,t_8926.jpg,1000,1000,False,1
13934,Train,t_3082.jpg,800,600,False,1
13940,Train,t_10722.jpg,800,600,True,0
13941,Train,t_12489.jpg,600,800,False,1
13943,Train,t_14793.jpg,2000,2000,False,9
13944,Train,t_2583.jpg,800,600,False,3
13948,Train,t_5126.jpg,800,600,False,3
13950,Train,t_8408.jpg,1000,1000,False,1
13953,Train,t_10385.jpg,800,600,False,2
13957,Train,t_14470.jpg,800,600,True,0
13961,Train,t_6667.jpg,800,600,True,0
13967,Train,t_3280.jpg,1000,1000,False,2
13970,Train,t_2365.jpg,800,600,False,4
13972,Train,t_4357.jpg,800,600,False,16
13974,Train,t_1139.jpg,1500,1500,False,2
13978,Train,t_14490.jpg,600,800,False,4
13980,Train,t_10157.jpg,600,800,False,13
13985,Train,t_4310.jpg,1000,1000,False,2
13987,Train,t_859.jpg,1500,1500,False,11
13990,Train,t_981.jpg,1500,1500,False,1
13996,Train,t_13883.jpg,1000,1000,False,1
13998,Train,t_9319.jpg,1000,1000,False,8
14000,Train,t_7888.jpg,600,800,False,4
14002,Train,t_1799.jpg,600,800,False,5
14005,Train,t_1575.jpg,1500,1500,False,2
14006,Train,t_9335.jpg,800,600,False,13
14009,Train,t_8631.jpg,2000,2000,False,6
14011,Train,t_12033.jpg,800,600,False,4
14024,Train,t_1880.jpg,1000,1000,False,2
14025,Train,t_8810.jpg,800,600,False,1
14026,Train,t_10959.jpg,800,600,False,1
14033,Train,t_4467.jpg,1000,1000,False,1
14035,Train,t_4381.jpg,800,600,False,1
14040,Train,t_7566.jpg,1000,1000,False,2
14046,Train,t_10542.jpg,1000,1000,False,2
14049,Train,t_16270.jpg,1000,1000,False,23
14050,Train,t_15058.jpg,800,600,False,16
14051,Train,t_1739.jpg,1000,1000,False,15
14056,Train,t_6127.jpg,1000,1000,False,1
14064,Train,t_354.jpg,1500,1500,False,2
14071,Train,t_11253.jpg,1000,1000,False,21
14073,Train,t_2237.jpg,800,600,False,3
14075,Train,t_13257.jpg,800,600,False,3
14076,Train,t_13552.jpg,600,800,False,2
14078,Train,t_14278.jpg,600,800,False,5
14081,Train,t_6728.jpg,1000,1000,False,1
14083,Train,t_9723.jpg,2000,2000,False,6
14086,Train,t_2961.jpg,2000,2000,False,11
14087,Train,t_13953.jpg,800,600,False,13
14088,Train,t_14055.jpg,1000,1000,False,4
14089,Train,t_7761.jpg,2000,2000,False,3
14093,Train,t_10773.jpg,1000,1000,False,1
14102,Train,t_13373.jpg,1000,1000,False,1
14104,Train,t_15537.jpg,600,800,False,1
14106,Train,t_9578.jpg,1000,1000,False,136
14112,Train,t_11905.jpg,1000,1000,False,2
14116,Train,t_12126.jpg,600,800,False,1
14120,Train,t_13220.jpg,800,600,False,12
14122,Train,t_5626.jpg,600,800,True,0
14132,Train,t_8070.jpg,800,600,False,3
14135,Train,t_10677.jpg,1000,1000,False,2
14139,Train,t_2074.jpg,600,800,False,13
14140,Train,t_7368.jpg,800,600,False,7
14145,Train,t_6648.jpg,600,800,False,1
14151,Train,t_6267.jpg,1000,1000,False,7
14152,Train,t_13741.jpg,600,800,False,5
14158,Train,t_6671.jpg,800,600,False,16
14160,Train,t_13115.jpg,800,600,True,0
14167,Train,t_2258.jpg,800,600,True,0
14169,Train,t_3554.jpg,800,600,False,7
14170,Train,t_7885.jpg,600,800,False,3
14190,Train,t_6712.jpg,1000,1000,False,10
14191,Train,t_10526.jpg,600,800,False,1
14192,Train,t_4109.jpg,1000,1000,False,3
14198,Train,t_12987.jpg,600,800,False,2
14199,Train,t_15042.jpg,1000,1000,False,24
14201,Train,t_409.jpg,1500,1500,False,6
14202,Train,t_11812.jpg,1000,1000,False,1
14203,Train,t_198.jpg,1500,1500,False,7
14204,Train,t_367.jpg,1500,1500,False,2
14210,Train,t_8081.jpg,2000,2000,False,6
14211,Train,t_10485.jpg,1000,1000,False,1
14215,Train,t_9128.jpg,600,800,False,2
14216,Train,t_10393.jpg,600,800,False,2
14217,Train,t_2185.jpg,1000,1000,False,1
14218,Train,t_3361.jpg,1000,1000,False,1
14224,Train,t_2545.jpg,1000,1000,False,18
14229,Train,t_5584.jpg,800,600,False,2
14230,Train,t_12551.jpg,800,600,False,8
14232,Train,t_1058.jpg,1500,1500,False,11
14240,Train,t_7379.jpg,1000,1000,False,3
14243,Train,t_4078.jpg,600,800,True,0
14254,Train,t_11097.jpg,1000,1000,True,0
14258,Train,t_10311.jpg,1000,1000,False,2
14259,Train,t_16043.jpg,800,600,False,1
14267,Train,t_5117.jpg,600,800,False,1
14271,Train,t_10555.jpg,1000,1000,True,0
14273,Train,t_2205.jpg,800,600,False,169
14278,Train,t_16427.jpg,1000,1000,False,1
14282,Train,t_16372.jpg,600,800,False,1
14284,Train,t_9801.jpg,800,600,False,4
14285,Train,t_16393.jpg,800,600,False,10
14290,Train,t_15271.jpg,1000,1000,False,1
14291,Train,t_10904.jpg,800,600,False,6
14293,Train,t_2476.jpg,800,600,False,1
14294,Train,t_5136.jpg,800,600,True,0
14301,Train,t_10147.jpg,600,800,False,4
14304,Train,t_12895.jpg,1000,1000,False,8
14305,Train,t_11166.jpg,1000,1000,False,1
14306,Train,t_15598.jpg,800,600,False,3
14314,Train,t_2312.jpg,800,600,False,1
14315,Train,t_11087.jpg,600,800,False,2
14316,Train,t_5301.jpg,600,800,False,6
14319,Train,t_6798.jpg,600,800,False,1
14324,Train,t_2568.jpg,1000,1000,False,3
14329,Train,t_10508.jpg,800,600,False,4
14332,Train,t_3785.jpg,1000,1000,False,16
14340,Train,t_10866.jpg,800,600,False,8
14343,Train,t_10721.jpg,600,800,False,2
14345,Train,t_11497.jpg,800,600,False,11
14346,Train,t_13107.jpg,600,800,False,1
14347,Train,t_14464.jpg,600,800,False,1
14351,Train,t_15120.jpg,600,800,False,2
14358,Train,t_7505.jpg,1000,1000,False,4
14363,Train,t_10113.jpg,2000,2000,False,15
14364,Train,t_136.jpg,1000,1000,False,8
14371,Train,t_8516.jpg,800,600,False,5
14372,Train,t_1073.jpg,1000,1000,False,1
14387,Train,t_13911.jpg,2000,2000,False,2
14392,Train,t_12638.jpg,1000,1000,False,2
14394,Train,t_2353.jpg,1000,1000,False,1
14404,Train,t_1850.jpg,800,600,False,16
14406,Train,t_8184.jpg,1000,1000,True,0
14411,Train,t_12228.jpg,1000,1000,False,6
14416,Train,t_2869.jpg,1000,1000,False,24
14417,Train,t_6140.jpg,1000,1000,False,4
14419,Train,t_13099.jpg,1000,1000,False,3
14422,Train,t_16255.jpg,1000,1000,False,1
14423,Train,t_8078.jpg,600,800,False,3
14430,Train,t_4631.jpg,800,600,False,4
14433,Train,t_8962.jpg,600,800,False,2
14434,Train,t_8959.jpg,1000,1000,False,1
14439,Train,t_11419.jpg,600,800,False,1
14441,Train,t_13753.jpg,1000,1000,False,1
14445,Train,t_7021.jpg,800,600,False,13
14455,Train,t_12419.jpg,1000,1000,False,2
14459,Train,t_13939.jpg,1000,1000,False,13
14461,Train,t_6057.jpg,600,800,False,3
14462,Train,t_13545.jpg,800,600,False,7
14467,Train,t_418.jpg,1000,1000,False,10
14468,Train,t_1813.jpg,1000,1000,False,4
14469,Train,t_11492.jpg,1000,1000,False,6
14470,Train,t_3483.jpg,1000,1000,False,3
14477,Train,t_13496.jpg,1000,1000,False,1
14488,Train,t_1608.jpg,1500,1500,False,1
14495,Train,t_16036.jpg,800,600,False,3
14497,Train,t_15500.jpg,2000,2000,False,73
14503,Train,t_7201.jpg,800,600,True,0
14504,Train,t_8037.jpg,1000,1000,False,2
14506,Train,t_4184.jpg,600,800,False,2
14512,Train,t_228.jpg,1500,1500,False,43
14518,Train,t_13546.jpg,1000,1000,False,4
14521,Train,t_10781.jpg,1000,1000,False,2
14531,Train,t_15263.jpg,1000,1000,False,27
14532,Train,t_13644.jpg,800,600,False,3
14536,Train,t_9607.jpg,800,600,False,2
14539,Train,t_9828.jpg,600,800,False,1
14540,Train,t_12484.jpg,2000,2000,False,4
14544,Train,t_5556.jpg,1000,1000,False,1
14547,Train,t_11887.jpg,600,800,False,2
14549,Train,t_13949.jpg,1000,1000,False,6
14551,Train,t_8908.jpg,800,600,False,1
14566,Train,t_2621.jpg,1000,1000,False,19
14567,Train,t_5592.jpg,800,600,False,1
14572,Train,t_5304.jpg,600,800,False,2
14574,Train,t_16328.jpg,1000,1000,False,6
14576,Train,t_5652.jpg,1000,1000,False,1
14580,Train,t_10806.jpg,600,800,False,3
14583,Train,t_10252.jpg,1000,1000,False,6
14586,Train,t_5756.jpg,800,600,False,2
14587,Train,t_10844.jpg,2000,2000,False,6
14590,Train,t_4683.jpg,1000,1000,False,9
14595,Train,t_9282.jpg,1000,1000,True,0
14597,Train,t_7402.jpg,1000,1000,False,3
14599,Train,t_14461.jpg,1000,1000,False,4
14600,Train,t_14297.jpg,1000,1000,False,2
14601,Train,t_1719.jpg,1500,1500,False,32
14604,Train,t_3265.jpg,1000,1000,False,1
14605,Train,t_4013.jpg,800,600,False,1
14611,Train,t_8856.jpg,1000,1000,True,0
14612,Train,t_14258.jpg,600,800,False,1
14615,Train,t_4480.jpg,800,600,False,2
14620,Train,t_11662.jpg,1000,1000,False,1
14621,Train,t_546.jpg,1500,1500,False,5
14622,Train,t_2003.jpg,1000,1000,False,4
14626,Train,t_10.jpg,1500,1500,False,5
14628,Train,t_6082.jpg,600,800,False,5
14630,Train,t_373.jpg,1000,1000,False,1
14633,Train,t_7927.jpg,1000,1000,True,0
14639,Train,t_1341.jpg,1500,1500,False,3
14640,Train,t_13222.jpg,800,600,False,1
14642,Train,t_5965.jpg,1000,1000,False,1
14647,Train,t_10667.jpg,600,800,True,0
14648,Train,t_2642.jpg,600,800,False,2
14657,Train,t_10692.jpg,1000,1000,False,1
14662,Train,t_4215.jpg,1000,1000,False,2
14665,Train,t_14109.jpg,1000,1000,False,2
14666,Train,t_6231.jpg,5891,5786,False,1
14667,Train,t_987.jpg,1500,1500,False,4
14668,Train,t_6341.jpg,800,600,False,2
14670,Train,t_4257.jpg,800,600,True,0
14672,Train,t_15893.jpg,1000,1000,False,42
14677,Train,t_5029.jpg,800,600,False,1
14680,Train,t_3474.jpg,800,600,True,0
14688,Train,t_4874.jpg,1000,1000,False,2
14691,Train,t_11722.jpg,800,600,True,0
14696,Train,t_9216.jpg,800,600,True,0
14697,Train,t_14746.jpg,800,600,False,1
14700,Train,t_5334.jpg,1000,1000,False,2
14702,Train,t_12738.jpg,1000,1000,False,1
14708,Train,t_10497.jpg,1000,1000,False,1
14712,Train,t_13932.jpg,600,800,False,8
14714,Train,t_12969.jpg,1000,1000,False,2
14718,Train,t_1946.jpg,1000,1000,False,9
14723,Train,t_4255.jpg,800,600,False,1
14728,Train,t_8913.jpg,600,800,False,1
14729,Train,t_1030.jpg,1000,1000,True,0
14731,Train,t_12295.jpg,600,800,False,3
14733,Train,t_11121.jpg,600,800,False,2
14735,Train,t_4044.jpg,1000,1000,False,3
14737,Train,t_10028.jpg,600,800,False,3
14739,Train,t_8131.jpg,600,800,True,0
14743,Train,t_16113.jpg,600,800,False,9
14744,Train,t_5432.jpg,1000,1000,False,5
14745,Train,t_12368.jpg,600,800,False,4
14746,Train,t_15195.jpg,1000,1000,False,12
14748,Train,t_2610.jpg,800,600,False,3
14749,Train,t_5456.jpg,800,600,False,1
14760,Train,t_15209.jpg,600,800,True,0
14762,Train,t_9141.jpg,1000,1000,False,2
14763,Train,t_159.jpg,1000,1000,True,0
14764,Train,t_4278.jpg,800,600,False,60
14779,Train,t_9112.jpg,1000,1000,False,3
14780,Train,t_7084.jpg,600,800,False,1
14783,Train,t_9194.jpg,600,800,True,0
14787,Train,t_10502.jpg,800,600,False,1
14797,Train,t_3145.jpg,1000,1000,False,1
14804,Train,t_14527.jpg,600,800,False,1
14809,Train,t_7869.jpg,800,600,False,8
14810,Train,t_15059.jpg,1000,1000,False,15
14811,Train,t_12411.jpg,2000,2000,False,1
14812,Train,t_6040.jpg,600,800,False,4
14817,Train,t_16354.jpg,1000,1000,False,4
14829,Train,t_3965.jpg,2000,2000,False,6
14838,Train,t_2473.jpg,1000,1000,True,0
14845,Train,t_14546.jpg,600,800,False,1
14852,Train,t_16418.jpg,1000,1000,False,17
14856,Train,t_2293.jpg,600,800,False,14
14859,Train,t_12583.jpg,800,600,False,9
14863,Train,t_6000.jpg,1000,1000,False,3
14866,Train,t_6437.jpg,2000,2000,False,63
14870,Train,t_4708.jpg,600,800,True,0
14877,Train,t_547.jpg,1500,1500,False,27
14883,Train,t_12193.jpg,1000,1000,False,7
14889,Train,t_4798.jpg,1000,1000,False,3
14890,Train,t_1711.jpg,1500,1500,False,3
14892,Train,t_13437.jpg,600,800,False,2
14894,Train,t_5519.jpg,800,600,False,1
14895,Train,t_8407.jpg,600,800,False,1
14900,Train,t_11636.jpg,600,800,False,5
14901,Train,t_1776.jpg,800,600,False,2
14904,Train,t_13618.jpg,1000,1000,False,2
14907,Train,t_5587.jpg,900,900,True,0
14908,Train,t_14731.jpg,800,600,False,3
14909,Train,t_953.jpg,1500,1500,False,13
14910,Train,t_5938.jpg,800,600,False,2
14916,Train,t_8233.jpg,800,600,False,2
14917,Train,t_16294.jpg,600,800,False,1
14918,Train,t_13871.jpg,2000,2000,False,1
14919,Train,t_9293.jpg,1000,1000,False,2
14924,Train,t_3942.jpg,600,800,False,2
14928,Train,t_3003.jpg,600,800,True,0
14929,Train,t_14612.jpg,800,600,False,1
14933,Train,t_13280.jpg,600,800,False,1
14934,Train,t_733.jpg,1000,1000,False,2
14935,Train,t_1105.jpg,1000,1000,False,1
14939,Train,t_4681.jpg,800,600,False,1
14944,Train,t_2521.jpg,1000,1000,False,16
14946,Train,t_8563.jpg,600,800,False,3
14947,Train,t_6121.jpg,600,800,False,2
14950,Train,t_13727.jpg,600,800,True,0
14953,Train,t_16249.jpg,1000,1000,False,3
14954,Train,t_107.jpg,1500,1500,False,2
14965,Train,t_15887.jpg,800,600,False,2
14967,Train,t_1505.jpg,1500,1500,False,1
14972,Train,t_5120.jpg,1000,1000,False,3
14975,Train,t_2853.jpg,1000,1000,False,3
14977,Train,t_6983.jpg,1000,1000,False,1
14980,Train,t_13796.jpg,600,800,True,0
14986,Train,t_2168.jpg,2000,2000,False,2
14987,Train,t_12938.jpg,1000,1000,False,6
14993,Train,t_12019.jpg,800,600,False,2
14994,Train,t_9178.jpg,600,800,False,41
15000,Train,t_6644.jpg,600,800,False,1
15004,Train,t_9202.jpg,800,600,False,7
15011,Train,t_14852.jpg,1000,1000,False,14
15013,Train,t_7704.jpg,1000,1000,False,4
15014,Train,t_905.jpg,1500,1500,False,7
15021,Train,t_7096.jpg,1000,1000,False,1
15022,Train,t_10355.jpg,600,800,False,2
15033,Train,t_720.jpg,1500,1500,False,4
15035,Train,t_15931.jpg,800,600,False,2
15039,Train,t_421.jpg,1500,1500,False,2
15042,Train,t_6005.jpg,1000,1000,False,1
15052,Train,t_3114.jpg,1000,1000,False,1
15054,Train,t_1638.jpg,1500,1500,False,21
15056,Train,t_1117.jpg,1500,1500,False,2
15057,Train,t_888.jpg,1000,1000,True,0
15059,Train,t_12790.jpg,1000,1000,False,16
15061,Train,t_3871.jpg,600,800,False,1
15063,Train,t_3400.jpg,1000,1000,False,5
15072,Train,t_12336.jpg,800,600,False,1
15078,Train,t_754.jpg,1500,1500,False,12
15080,Train,t_12087.jpg,1000,1000,False,1
15083,Train,t_1650.jpg,1000,1000,False,1
15084,Train,t_8171.jpg,600,800,True,0
15085,Train,t_1691.jpg,1500,1500,False,45
15090,Train,t_4865.jpg,1000,1000,False,1
15096,Train,t_1360.jpg,1500,1500,False,3
15097,Train,t_15351.jpg,600,800,False,7
15098,Train,t_6591.jpg,800,600,False,4
15099,Train,t_1024.jpg,1500,1500,False,187
15102,Train,t_3151.jpg,1000,1000,False,3
15103,Train,t_12324.jpg,2000,2000,False,1
15111,Train,t_2841.jpg,800,600,False,1
15114,Train,t_7791.jpg,800,600,False,1
15116,Train,t_13171.jpg,1000,1000,False,1
15120,Train,t_7474.jpg,800,600,False,1
15121,Train,t_11069.jpg,4000,4000,False,56
15122,Train,t_9084.jpg,800,600,True,0
15124,Train,t_10454.jpg,800,600,True,0
15125,Train,t_12323.jpg,600,800,False,3
15129,Train,t_12783.jpg,1000,1000,False,6
15131,Train,t_4722.jpg,1000,1000,False,2
15132,Train,t_14545.jpg,1000,1000,True,0
15137,Train,t_10576.jpg,600,800,False,3
15140,Train,t_1917.jpg,1000,1000,False,1
15143,Train,t_10964.jpg,1000,1000,False,1
15145,Train,t_10272.jpg,800,600,False,14
15149,Train,t_11982.jpg,600,800,False,3
15153,Train,t_1845.jpg,600,800,False,7
15154,Train,t_2405.jpg,1000,1000,False,22
15156,Train,t_7110.jpg,600,800,False,1
15158,Train,t_13349.jpg,1000,1000,False,16
15163,Train,t_1629.jpg,1500,1500,False,6
15164,Train,t_13678.jpg,1000,1000,False,14
15166,Train,t_329.jpg,1000,1000,True,0
15167,Train,t_5935.jpg,1000,1000,False,13
15168,Train,t_4204.jpg,2000,2000,False,3
15169,Train,t_15873.jpg,1000,1000,False,13
15170,Train,t_2989.jpg,800,600,False,1
15174,Train,t_11335.jpg,1000,1000,False,9
15191,Train,t_10296.jpg,600,800,False,3
15194,Train,t_1141.jpg,1500,1500,False,13
15198,Train,t_3263.jpg,1000,1000,False,4
15200,Train,t_6412.jpg,1000,1000,False,1
15202,Train,t_7618.jpg,800,600,False,2
15204,Train,t_12917.jpg,600,800,False,8
15206,Train,t_16437.jpg,600,800,True,0
15211,Train,t_7048.jpg,800,600,False,1
15215,Train,t_9870.jpg,600,800,False,3
15220,Train,t_12481.jpg,6000,6000,False,50
15223,Train,t_2278.jpg,600,800,False,1
15224,Train,t_1457.jpg,1500,1500,False,10
15228,Train,t_14381.jpg,1000,1000,True,0
15230,Train,t_8562.jpg,1000,1000,False,1
15231,Train,t_14980.jpg,1000,1000,False,3
15236,Train,t_13901.jpg,1000,1000,True,0
15241,Train,t_14989.jpg,800,600,False,1
15242,Train,t_14997.jpg,600,800,False,1
15244,Train,t_1462.jpg,1000,1000,True,0
15246,Train,t_3358.jpg,2000,2000,False,8
15248,Train,t_8426.jpg,1000,1000,False,2
15251,Train,t_11901.jpg,800,600,False,1
15253,Train,t_14958.jpg,1000,1000,False,1
15261,Train,t_8092.jpg,600,800,False,4
15262,Train,t_12937.jpg,600,800,True,0
15269,Train,t_6058.jpg,1000,1000,False,67
15270,Train,t_10006.jpg,1000,1000,False,8
15279,Train,t_16072.jpg,800,600,False,1
15292,Train,t_13400.jpg,1000,1000,False,6
15299,Train,t_14420.jpg,600,800,False,1
15302,Train,t_15166.jpg,600,800,True,0
15310,Train,t_2082.jpg,1000,1000,False,3
15313,Train,t_12096.jpg,600,800,False,1
15314,Train,t_10486.jpg,800,600,False,1
15320,Train,t_5808.jpg,1000,1000,False,31
15325,Train,t_12999.jpg,800,600,False,2
15328,Train,t_2275.jpg,800,600,True,0
15329,Train,t_6527.jpg,1000,1000,False,1
15338,Train,t_13314.jpg,600,800,False,1
15339,Train,t_15394.jpg,800,600,False,3
15340,Train,t_14617.jpg,800,600,False,2
15342,Train,t_9676.jpg,1000,1000,False,1
15343,Train,t_3417.jpg,1000,1000,False,1
15350,Train,t_10319.jpg,600,800,False,1
15351,Train,t_10577.jpg,800,600,False,5
15359,Train,t_8202.jpg,600,800,False,2
15361,Train,t_2513.jpg,1000,1000,False,6
15364,Train,t_12573.jpg,1000,1000,False,1
15368,Train,t_1199.jpg,1500,1500,False,21
15370,Train,t_8315.jpg,600,800,False,5
15371,Train,t_12591.jpg,800,600,False,2
15382,Train,t_4187.jpg,800,600,True,0
15383,Train,t_6452.jpg,2000,2000,False,12
15391,Train,t_16242.jpg,600,800,False,5
15393,Train,t_1469.jpg,1500,1500,False,3
15396,Train,t_1950.jpg,2000,2000,False,7
15398,Train,t_2749.jpg,800,600,False,1
15400,Train,t_16107.jpg,1000,1000,False,6
15401,Train,t_2779.jpg,600,800,False,3
15402,Train,t_3493.jpg,600,800,False,1
15404,Train,t_1929.jpg,1000,1000,False,1
15409,Train,t_13956.jpg,1000,1000,False,1
15411,Train,t_5295.jpg,600,800,False,2
15415,Train,t_12337.jpg,800,600,False,6
15417,Train,t_8421.jpg,2000,2000,False,34
15418,Train,t_12453.jpg,600,800,False,5
15419,Train,t_5103.jpg,600,800,True,0
15420,Train,t_6628.jpg,600,800,False,3
15424,Train,t_5629.jpg,800,600,False,3
15426,Train,t_3334.jpg,1000,1000,True,0
15432,Train,t_12292.jpg,800,600,True,0
15437,Train,t_12978.jpg,800,600,False,1
15440,Train,t_2702.jpg,1000,1000,False,2
15444,Train,t_4382.jpg,1000,1000,False,2
15445,Train,t_8736.jpg,1000,1000,True,0
15453,Train,t_15856.jpg,600,800,False,6
15456,Train,t_10082.jpg,800,600,False,13
15461,Train,t_247.jpg,1500,1500,False,6
15468,Train,t_1607.jpg,1500,1500,False,55
15470,Train,t_7479.jpg,800,600,True,0
15471,Train,t_314.jpg,1500,1500,False,15
15482,Train,t_10970.jpg,800,600,False,1
15483,Train,t_4919.jpg,800,600,False,1
15484,Train,t_2458.jpg,1000,1000,False,1
15485,Train,t_16186.jpg,800,600,False,11
15491,Train,t_1022.jpg,1500,1500,False,2
15494,Train,t_2531.jpg,1000,1000,True,0
15505,Train,t_6361.jpg,800,600,False,7
15512,Train,t_7778.jpg,800,600,False,2
15513,Train,t_14909.jpg,800,600,False,1
15517,Train,t_15365.jpg,1000,1000,False,4
15521,Train,t_4992.jpg,2000,2000,False,11
15523,Train,t_16116.jpg,800,600,False,1
15534,Train,t_8357.jpg,600,800,False,3
15540,Train,t_10258.jpg,600,800,False,3
15542,Train,t_2774.jpg,600,800,True,0
15553,Train,t_12252.jpg,600,800,False,1
15554,Train,t_10750.jpg,1000,1000,False,1
15557,Train,t_8024.jpg,800,600,False,1
15563,Train,t_3739.jpg,1000,1000,False,16
15565,Train,t_16442.jpg,1000,1000,False,1
15569,Train,t_8464.jpg,600,800,False,1
15570,Train,t_8025.jpg,800,600,False,6
15571,Train,t_9011.jpg,1000,1000,True,0
15573,Train,t_12372.jpg,1000,1000,False,1
15587,Train,t_7382.jpg,800,600,False,1
15588,Train,t_11864.jpg,600,800,False,1
15590,Train,t_7369.jpg,1000,1000,False,4
15596,Train,t_8946.jpg,800,600,False,1
15602,Train,t_3305.jpg,1000,1000,False,1
15612,Train,t_13177.jpg,800,800,True,0
15613,Train,t_3180.jpg,800,600,False,1
15615,Train,t_1573.jpg,1500,1500,False,3
15617,Train,t_1972.jpg,1000,1000,False,1
15620,Train,t_1677.jpg,1500,1500,False,5
15625,Train,t_10198.jpg,800,600,False,1
15630,Train,t_13436.jpg,600,800,False,1
15631,Train,t_9304.jpg,1000,1000,False,1
15634,Train,t_2558.jpg,600,800,False,5
15637,Train,t_6995.jpg,600,800,False,1
15638,Train,t_14723.jpg,800,600,False,1
15639,Train,t_2231.jpg,1000,1000,False,2
15647,Train,t_16175.jpg,1000,1000,False,1
15648,Train,t_10571.jpg,800,600,False,6
15650,Train,t_9691.jpg,600,800,False,1
15654,Train,t_14659.jpg,600,800,False,4
15655,Train,t_11156.jpg,600,800,False,2
15662,Train,t_4952.jpg,800,600,False,1
15663,Train,t_1428.jpg,1000,1000,False,7
15669,Train,t_7331.jpg,800,600,False,1
15675,Train,t_3849.jpg,600,800,False,4
15676,Train,t_13374.jpg,600,800,True,0
15679,Train,t_3583.jpg,800,600,False,9
15681,Train,t_462.jpg,1500,1500,False,7
15682,Train,t_6359.jpg,800,600,False,1
15683,Train,t_6873.jpg,600,800,False,1
15685,Train,t_12511.jpg,800,600,False,1
15687,Train,t_13745.jpg,800,600,False,14
15694,Train,t_4059.jpg,600,800,False,8
15696,Train,t_12274.jpg,800,600,False,2
15700,Train,t_9439.jpg,800,600,False,36
15714,Train,t_11392.jpg,600,800,False,1
15715,Train,t_12734.jpg,600,800,False,1
15718,Train,t_913.jpg,1500,1500,False,2
15722,Train,t_7101.jpg,600,800,False,4
15729,Train,t_12200.jpg,600,800,False,6
15731,Train,t_11979.jpg,1000,1000,False,1
15736,Train,t_8916.jpg,1000,1000,False,16
15744,Train,t_9274.jpg,600,800,False,74
15749,Train,t_12021.jpg,800,600,False,2
15753,Train,t_10739.jpg,800,600,False,5
15756,Train,t_15420.jpg,600,800,False,4
15757,Train,t_6727.jpg,600,800,False,1
15758,Train,t_8454.jpg,1000,1000,False,4
15768,Train,t_2561.jpg,600,800,False,5
15771,Train,t_14900.jpg,1000,1000,False,1
15774,Train,t_9704.jpg,800,600,False,1
15777,Train,t_648.jpg,1500,1500,False,16
15784,Train,t_243.jpg,1500,1500,False,6
15786,Train,t_15828.jpg,2000,2000,False,10
15787,Train,t_182.jpg,1000,1000,False,1
15791,Train,t_400.jpg,1500,1500,False,1
15798,Train,t_12826.jpg,2000,2000,False,14
15799,Train,t_5471.jpg,800,600,False,8
15803,Train,t_6254.jpg,2000,2000,False,13
15807,Train,t_14594.jpg,800,600,False,11
15809,Train,t_1585.jpg,1500,1500,False,49
15810,Train,t_4993.jpg,1000,1000,False,1
15811,Train,t_3841.jpg,1000,1000,False,1
15812,Train,t_10791.jpg,1000,1000,False,1
15814,Train,t_16018.jpg,1000,1000,False,1
15815,Train,t_12205.jpg,1000,1000,False,1
15820,Train,t_7339.jpg,800,600,False,6
15823,Train,t_12482.jpg,1000,1000,False,4
15824,Train,t_3248.jpg,600,800,False,1
15826,Train,t_13876.jpg,600,800,False,1
15828,Train,t_9943.jpg,600,800,False,6
15832,Train,t_2243.jpg,1000,1000,False,4
15834,Train,t_764.jpg,1500,1500,False,1
15835,Train,t_14413.jpg,1000,1000,False,1
15836,Train,t_7916.jpg,800,600,False,1
15838,Train,t_13324.jpg,1000,1000,False,4
15840,Train,t_8770.jpg,600,800,False,2
15841,Train,t_11669.jpg,1000,1000,False,6
15846,Train,t_1206.jpg,1500,1500,False,2
15848,Train,t_16292.jpg,1000,1000,False,16
15849,Train,t_10948.jpg,800,800,True,0
15852,Train,t_1067.jpg,1500,1500,False,7
15855,Train,t_10490.jpg,800,600,False,1
15857,Train,t_7648.jpg,800,600,True,0
15860,Train,t_3071.jpg,800,600,False,1
15861,Train,t_7484.jpg,800,600,True,0
15862,Train,t_7610.jpg,800,600,False,2
15874,Train,t_4374.jpg,1000,1000,True,0
15876,Train,t_1066.jpg,1500,1500,False,27
15878,Train,t_8964.jpg,1000,1000,False,11
15885,Train,t_3247.jpg,1000,1000,True,0
15891,Train,t_10500.jpg,2000,2000,False,13
15895,Train,t_3402.jpg,800,600,False,2
15896,Train,t_6625.jpg,600,800,False,8
15901,Train,t_3395.jpg,2000,2000,False,1
15902,Train,t_14580.jpg,1000,1000,False,4
15907,Train,t_6358.jpg,800,600,False,5
15908,Train,t_4077.jpg,1000,1000,False,11
15911,Train,t_8237.jpg,600,800,False,9
15912,Train,t_6362.jpg,600,800,False,3
15920,Train,t_251.jpg,1000,1000,True,0
15922,Train,t_15160.jpg,1000,1000,False,1
15925,Train,t_14226.jpg,2000,2000,False,43
15926,Train,t_3908.jpg,1000,1000,False,16
15928,Train,t_5281.jpg,2000,2000,False,7
15930,Train,t_9079.jpg,600,800,False,1
15931,Train,t_4451.jpg,1000,1000,False,1
15933,Train,t_8277.jpg,600,800,True,0
15936,Train,t_7433.jpg,1000,1000,False,1
15939,Train,t_10402.jpg,1000,1000,False,1
15940,Train,t_8614.jpg,600,800,False,1
15941,Train,t_2875.jpg,800,600,True,0
15943,Train,t_3105.jpg,600,800,False,2
15945,Train,t_15319.jpg,800,600,False,1
15946,Train,t_5622.jpg,1000,1000,False,21
15947,Train,t_5255.jpg,1000,1000,False,3
15949,Train,t_9493.jpg,800,600,False,4
15950,Train,t_7156.jpg,600,800,False,1
15965,Train,t_9812.jpg,1000,1000,False,5
15972,Train,t_14540.jpg,800,600,False,8
15980,Train,t_2423.jpg,600,800,False,2
15982,Train,t_9180.jpg,600,800,False,7
15985,Train,t_7417.jpg,600,800,False,3
15991,Train,t_11623.jpg,1000,1000,True,0
15992,Train,t_11254.jpg,1000,1000,False,1
15994,Train,t_456.jpg,1500,1500,False,3
15995,Train,t_2019.jpg,600,800,False,7
15997,Train,t_6726.jpg,600,800,False,22
16000,Train,t_13970.jpg,800,600,False,3
16003,Train,t_1088.jpg,1000,1000,False,1
16005,Train,t_3196.jpg,600,800,False,2
16007,Train,t_8656.jpg,800,600,False,16
16011,Train,t_9005.jpg,1000,1000,False,1
16012,Train,t_10418.jpg,600,800,False,1
16013,Train,t_13905.jpg,600,800,False,2
16017,Train,t_11613.jpg,600,800,False,1
16023,Train,t_14267.jpg,600,800,False,1
16026,Train,t_336.jpg,1500,1500,False,2
16030,Train,t_9241.jpg,1000,1000,True,0
16032,Train,t_8293.jpg,1000,1000,False,7
16033,Train,t_7197.jpg,1000,1000,False,1
16037,Train,t_11208.jpg,800,600,False,1
16039,Train,t_3103.jpg,1000,1000,False,3
16040,Train,t_3206.jpg,600,800,False,2
16042,Train,t_5810.jpg,2000,2000,False,8
16046,Train,t_6957.jpg,800,600,False,1
16048,Train,t_7192.jpg,800,600,False,10
16052,Train,t_15723.jpg,1000,1000,False,1
16054,Train,t_3697.jpg,800,600,False,6
16056,Train,t_13841.jpg,600,800,False,12
16057,Train,t_3093.jpg,1000,1000,True,0
16058,Train,t_14450.jpg,600,800,False,1
16061,Train,t_7193.jpg,1000,1000,False,31
16068,Train,t_3330.jpg,1000,1000,False,7
16079,Train,t_5891.jpg,1000,1000,False,1
16080,Train,t_5571.jpg,1000,1000,False,2
16085,Train,t_14124.jpg,800,600,False,2
16088,Train,t_7037.jpg,600,800,False,4
16100,Train,t_3834.jpg,800,600,False,15
16102,Train,t_14891.jpg,800,600,False,1
16107,Train,t_11272.jpg,600,800,False,2
16113,Train,t_8396.jpg,600,800,False,2
16114,Train,t_6871.jpg,1000,1000,False,1
16120,Train,t_4228.jpg,2000,2000,False,5
16121,Train,t_4547.jpg,800,600,False,1
16122,Train,t_533.jpg,1500,1500,False,9
16124,Train,t_11078.jpg,1000,1000,False,1
16128,Train,t_1970.jpg,600,800,False,16
16133,Train,t_3120.jpg,600,800,False,1
16140,Train,t_6589.jpg,900,900,True,0
16142,Train,t_8840.jpg,1000,1000,False,1
16145,Train,t_3653.jpg,2000,2000,False,35
16148,Train,t_14007.jpg,800,600,False,1
16152,Train,t_15495.jpg,800,600,True,0
16156,Train,t_8022.jpg,800,600,True,0
16158,Train,t_7803.jpg,1000,1000,False,9
16159,Train,t_812.jpg,1500,1500,False,3
16163,Train,t_1119.jpg,1000,1000,False,10
16167,Train,t_9401.jpg,800,600,False,1
16169,Train,t_3930.jpg,600,800,False,3
16170,Train,t_5399.jpg,600,800,False,1
16173,Train,t_8475.jpg,2000,2000,False,2
16178,Train,t_1367.jpg,1500,1500,False,12
16181,Train,t_40.jpg,1000,1000,False,1
16184,Train,t_11542.jpg,600,800,False,8
16186,Train,t_2556.jpg,800,600,False,1
16187,Train,t_1241.jpg,1000,1000,True,0
16188,Train,t_7318.jpg,600,800,False,1
16189,Train,t_9172.jpg,1000,1000,True,0
16190,Train,t_8557.jpg,1000,1000,False,1
16191,Train,t_1684.jpg,1500,1500,False,20
16194,Train,t_1699.jpg,1000,1000,False,1
16195,Train,t_11349.jpg,800,600,False,1
16210,Train,t_527.jpg,1500,1500,False,5
16211,Train,t_9149.jpg,1000,1000,False,9
16213,Train,t_9212.jpg,2000,2000,False,121
16214,Train,t_15096.jpg,1000,1000,False,1
16215,Train,t_2246.jpg,800,600,False,1
16216,Train,t_3138.jpg,1000,1000,False,30
16217,Train,t_9567.jpg,1000,1000,False,1
16221,Train,t_13831.jpg,800,600,False,1
16222,Train,t_1055.jpg,1500,1500,False,48
16228,Train,t_14847.jpg,800,600,False,2
16232,Train,t_13681.jpg,800,600,False,5
16233,Train,t_9890.jpg,800,600,False,2
16235,Train,t_8110.jpg,800,600,False,2
16237,Train,t_1260.jpg,1000,1000,False,1
16240,Train,t_6200.jpg,1000,1000,False,1
16242,Train,t_1383.jpg,1500,1500,False,1
16243,Train,t_8350.jpg,600,800,False,1
16249,Train,t_7078.jpg,1000,1000,False,1
16252,Train,t_6380.jpg,1000,1000,False,2
16255,Train,t_8850.jpg,800,600,False,1
16258,Train,t_4090.jpg,600,800,False,1
16259,Train,t_9100.jpg,600,800,False,10
16260,Train,t_5236.jpg,800,600,True,0
16264,Train,t_3988.jpg,1000,1000,False,1
16267,Train,t_9171.jpg,800,600,False,1
16268,Train,t_5012.jpg,600,800,False,1
16270,Train,t_3521.jpg,1000,1000,False,2
16272,Train,t_8713.jpg,600,800,False,3
16277,Train,t_1270.jpg,1500,1500,False,161
16278,Train,t_16064.jpg,600,800,False,1
16279,Train,t_12234.jpg,1000,1000,False,3
16281,Train,t_5989.jpg,800,600,False,6
16284,Train,t_3887.jpg,600,800,False,1
16287,Train,t_8888.jpg,1000,1000,False,2
16288,Train,t_13254.jpg,1000,1000,False,1
16290,Train,t_8726.jpg,800,600,True,0
16291,Train,t_10096.jpg,1000,1000,False,1
16293,Train,t_4534.jpg,600,800,False,1
16295,Train,t_4000.jpg,1000,1000,False,3
16297,Train,t_2192.jpg,1000,1000,False,10
16301,Train,t_1872.jpg,1000,1000,False,1
16312,Train,t_9350.jpg,1000,1000,False,21
16316,Train,t_16258.jpg,800,600,False,1
16320,Train,t_15446.jpg,1000,1000,False,15
16321,Train,t_15051.jpg,1000,1000,False,1
16324,Train,t_10342.jpg,1000,1000,False,2
16330,Train,t_201.jpg,1000,1000,False,6
16333,Train,t_1513.jpg,1000,1000,True,0
16334,Train,t_12195.jpg,1000,1000,False,50
16339,Train,t_13504.jpg,600,800,True,0
16345,Train,t_1443.jpg,1000,1000,False,1
16346,Train,t_12744.jpg,600,800,False,3
16350,Train,t_194.jpg,1500,1500,False,1
16351,Train,t_3587.jpg,1000,1000,False,21
16352,Train,t_51.jpg,1500,1500,False,1
16354,Train,t_12771.jpg,1000,1000,False,1
16355,Train,t_16307.jpg,1000,1000,False,2
16356,Train,t_15415.jpg,1000,1000,False,34
16358,Train,t_3672.jpg,800,600,False,1
16361,Train,t_13370.jpg,1000,1000,False,1
16362,Train,t_15264.jpg,1000,1000,False,7
16370,Train,t_2406.jpg,600,800,False,1
16371,Train,t_14465.jpg,600,800,False,1
16376,Train,t_9914.jpg,800,600,True,0
16377,Train,t_12700.jpg,1000,1000,False,1
16381,Train,t_12433.jpg,800,600,False,7
16383,Train,t_15221.jpg,800,600,False,3
16384,Train,t_4219.jpg,1000,1000,False,1
16385,Train,t_4746.jpg,1000,1000,False,8
16392,Train,t_4898.jpg,1000,1000,False,3
16394,Train,t_6818.jpg,1000,1000,False,56
16401,Train,t_3453.jpg,600,800,True,0
16403,Train,t_4987.jpg,1000,1000,False,1
16405,Train,t_14023.jpg,600,800,False,5
16407,Train,t_2417.jpg,800,600,False,11
16409,Train,t_5511.jpg,800,600,False,3
16411,Train,t_12017.jpg,600,800,False,1
16412,Train,t_5862.jpg,800,600,False,68
16413,Train,t_3204.jpg,600,800,False,10
16417,Train,t_12994.jpg,1000,1000,True,0
16431,Train,t_6109.jpg,800,600,False,14
16433,Train,t_3244.jpg,800,600,False,1
16434,Train,t_13479.jpg,600,800,False,2
16435,Train,t_538.jpg,1000,1000,True,0
16437,Train,t_14489.jpg,600,800,False,1
16439,Train,t_278.jpg,1500,1500,False,184
16454,Train,t_13112.jpg,1000,1000,False,1
16455,Train,t_12634.jpg,600,800,False,1
16460,Train,t_9482.jpg,600,800,True,0
16467,Train,t_14949.jpg,1000,1000,False,6
16469,Train,t_8098.jpg,1000,1000,False,1
16472,Train,t_4698.jpg,1000,1000,False,6
16476,Train,t_15741.jpg,1000,1000,False,2
16477,Train,t_2039.jpg,1000,1000,False,1
16479,Train,t_6922.jpg,1000,1000,False,8
16485,Train,t_808.jpg,1500,1500,False,2
16487,Train,t_11116.jpg,1000,1000,False,6
16491,Val,v_7674.jpg,1000,1000,False,2
16492,Val,v_2523.jpg,1000,1000,False,14
16493,Val,v_3947.jpg,600,800,False,1
16496,Val,v_2055.jpg,1000,1000,False,9
16497,Val,v_1598.jpg,800,600,False,12
16508,Val,v_4905.jpg,600,800,False,1
16515,Val,v_1401.jpg,800,600,False,1
16518,Val,v_3817.jpg,1000,1000,False,3
16519,Val,v_3848.jpg,1000,1000,False,1
16520,Val,v_796.jpg,800,600,False,1
16522,Val,v_3433.jpg,800,600,False,6
16526,Val,v_3068.jpg,800,600,False,1
16529,Val,v_5663.jpg,1000,1000,False,3
16531,Val,v_5528.jpg,1000,1000,False,25
16532,Val,v_6198.jpg,800,600,False,10
16533,Val,v_5164.jpg,800,600,False,2
16535,Val,v_4591.jpg,600,800,False,14
16536,Val,v_1618.jpg,1000,1000,False,2
16537,Val,v_4115.jpg,600,800,False,4
16540,Val,v_942.jpg,800,600,False,1
16541,Val,v_8252.jpg,4000,4000,False,2
16546,Val,v_1434.jpg,800,600,False,22
16549,Val,v_2797.jpg,600,800,True,0
16550,Val,v_1190.jpg,800,600,False,6
16551,Val,v_4481.jpg,1000,1000,False,5
16554,Val,v_4295.jpg,1000,1000,False,2
16557,Val,v_7460.jpg,600,800,False,29
16558,Val,v_4035.jpg,600,800,False,3
16559,Val,v_837.jpg,800,600,True,0
16563,Val,v_565.jpg,1000,1000,False,2
16564,Val,v_1153.jpg,1000,1000,False,14
16565,Val,v_7107.jpg,600,800,False,6
16566,Val,v_6585.jpg,1000,1000,False,2
16567,Val,v_671.jpg,800,600,False,1
16572,Val,v_5890.jpg,1000,1000,False,1
16573,Val,v_7524.jpg,600,800,False,14
16581,Val,v_5002.jpg,600,800,False,2
16583,Val,v_2512.jpg,600,800,False,2
16591,Val,v_4986.jpg,600,800,False,24
16596,Val,v_5546.jpg,1000,1000,False,93
16599,Val,v_1409.jpg,800,600,False,76
16603,Val,v_505.jpg,1000,1000,False,5
16607,Val,v_5974.jpg,1000,1000,False,1
16611,Val,v_3101.jpg,1000,1000,False,3
16612,Val,v_7442.jpg,800,600,False,3
16614,Val,v_2975.jpg,600,800,False,33
16617,Val,v_5708.jpg,6000,6000,False,22
16618,Val,v_6498.jpg,600,800,False,1
16620,Val,v_6028.jpg,1000,1000,False,2
16626,Val,v_2392.jpg,800,600,False,6
16628,Val,v_90.jpg,600,800,False,4
16630,Val,v_5435.jpg,1000,1000,False,2
16638,Val,v_5508.jpg,800,600,False,5
16647,Val,v_3929.jpg,800,600,False,2
16649,Val,v_8229.jpg,600,800,False,4
16651,Val,v_1219.jpg,1000,1000,False,18
16658,Val,v_5711.jpg,1000,1000,True,0
16659,Val,v_1989.jpg,1000,1000,False,8
16660,Val,v_3234.jpg,800,600,False,1
16661,Val,v_835.jpg,1000,1000,False,5
16664,Val,v_7595.jpg,800,600,False,4
16669,Val,v_1178.jpg,600,800,False,10
16670,Val,v_4886.jpg,1000,1000,False,1
16672,Val,v_1947.jpg,600,800,False,1
16674,Val,v_3939.jpg,800,600,False,2
16675,Val,v_3275.jpg,1000,1000,False,1
16678,Val,v_7656.jpg,1000,1000,False,4
16680,Val,v_8045.jpg,800,600,False,10
16691,Val,v_5319.jpg,800,600,False,1
16697,Val,v_644.jpg,600,800,False,1
16701,Val,v_3040.jpg,800,600,False,1
16702,Val,v_6417.jpg,1000,1000,False,11
16705,Val,v_3641.jpg,600,800,False,6
16710,Val,v_1927.jpg,600,800,False,1
16711,Val,v_3076.jpg,600,800,False,94
16715,Val,v_6664.jpg,800,600,False,8
16716,Val,v_5828.jpg,1000,1000,False,2
16724,Val,v_26.jpg,1000,1000,False,6
16729,Val,v_3821.jpg,1000,1000,False,18
16730,Val,v_702.jpg,1000,1000,False,1
16735,Val,v_7578.jpg,800,600,False,3
16736,Val,v_8082.jpg,800,600,False,6
16742,Val,v_1578.jpg,800,600,False,6
16743,Val,v_4525.jpg,800,600,False,4
16751,Val,v_5306.jpg,1000,1000,False,3
16754,Val,v_6649.jpg,600,800,False,6
16758,Val,v_4558.jpg,1000,1000,False,1
16762,Val,v_4473.jpg,1000,1000,False,1
16764,Val,v_3029.jpg,800,600,False,1
16767,Val,v_1019.jpg,1000,1000,False,1
16773,Val,v_3622.jpg,600,800,True,0
16777,Val,v_44.jpg,800,600,False,4
16778,Val,v_7422.jpg,600,800,False,1
16781,Val,v_5090.jpg,600,800,False,6
16790,Val,v_2180.jpg,1000,1000,False,3
16793,Val,v_9.jpg,1000,1000,False,4
16794,Val,v_3523.jpg,800,600,False,1
16804,Val,v_6465.jpg,1000,1000,False,45
16806,Val,v_2823.jpg,600,800,False,2
16813,Val,v_3478.jpg,1000,1000,False,12
16814,Val,v_2582.jpg,600,800,False,4
16815,Val,v_5257.jpg,800,600,False,2
16816,Val,v_455.jpg,800,600,False,5
16819,Val,v_7560.jpg,1000,1000,False,4
16826,Val,v_7568.jpg,800,600,False,1
16828,Val,v_6626.jpg,1000,1000,False,1
16831,Val,v_526.jpg,600,800,True,0
16837,Val,v_3038.jpg,1000,1000,False,8
16839,Val,v_7816.jpg,1000,1000,False,14
16840,Val,v_7810.jpg,1000,1000,False,10
16841,Val,v_2240.jpg,600,800,False,5
16846,Val,v_6496.jpg,1000,1000,False,7
16847,Val,v_3342.jpg,6000,6000,False,21
16848,Val,v_5410.jpg,600,800,False,1
16850,Val,v_1508.jpg,600,800,False,2
16851,Val,v_4359.jpg,1000,1000,False,26
16852,Val,v_2736.jpg,600,800,False,2
16853,Val,v_2506.jpg,800,600,False,1
16854,Val,v_3064.jpg,600,800,False,1
16860,Val,v_0.jpg,1000,1000,False,1
16862,Val,v_6376.jpg,1000,1000,False,14
16865,Val,v_1634.jpg,1000,1000,False,2
16869,Val,v_6027.jpg,600,800,False,4
16877,Val,v_69.jpg,800,600,False,6
16878,Val,v_5585.jpg,600,800,False,13
16880,Val,v_168.jpg,600,800,False,7
16883,Val,v_29.jpg,1000,1000,False,10
16884,Val,v_1523.jpg,1000,1000,True,0
16885,Val,v_8212.jpg,1000,1000,False,1
16887,Val,v_1844.jpg,1000,1000,False,2
16891,Val,v_5355.jpg,1000,1000,False,1
16894,Val,v_2056.jpg,6000,6000,False,16
16896,Val,v_5651.jpg,600,800,False,14
16897,Val,v_2407.jpg,800,600,False,35
16900,Val,v_5.jpg,800,600,False,1
16902,Val,v_983.jpg,1000,1000,True,0
16903,Val,v_1673.jpg,1000,1000,False,6
16907,Val,v_1413.jpg,600,800,True,0
16908,Val,v_353.jpg,800,600,False,2
16914,Val,v_5359.jpg,800,600,True,0
16919,Val,v_676.jpg,800,600,False,1
16920,Val,v_6973.jpg,1000,1000,False,31
16921,Val,v_7294.jpg,600,800,False,2
16924,Val,v_3920.jpg,800,600,False,1
16929,Val,v_5284.jpg,1000,1000,True,0
16933,Val,v_3366.jpg,800,600,False,10
16947,Val,v_3712.jpg,1000,1000,False,2
16950,Val,v_7219.jpg,800,600,False,19
16953,Val,v_1071.jpg,800,600,False,1
16954,Val,v_2670.jpg,1000,1000,False,4
16956,Val,v_441.jpg,800,600,False,7
16957,Val,v_260.jpg,800,600,False,31
16959,Val,v_3393.jpg,1000,1000,False,2
16960,Val,v_3259.jpg,600,800,False,4
16962,Val,v_382.jpg,800,600,False,5
16964,Val,v_6949.jpg,1000,1000,False,2
16969,Val,v_6304.jpg,1000,1000,False,1
16977,Val,v_3703.jpg,1000,1000,True,0
16982,Val,v_7739.jpg,800,600,False,2
16984,Val,v_1867.jpg,1000,1000,False,9
16997,Val,v_4054.jpg,1000,1000,False,2
17000,Val,v_249.jpg,600,800,False,7
17002,Val,v_6134.jpg,1000,1000,False,50
17005,Val,v_5389.jpg,600,800,False,1
17020,Val,v_5122.jpg,1000,1000,False,13
17027,Val,v_6381.jpg,600,800,False,1
17030,Val,v_853.jpg,800,600,False,11
17035,Val,v_8142.jpg,1000,1000,False,24
17040,Val,v_4963.jpg,1000,1000,False,92
17041,Val,v_4355.jpg,600,800,False,2
17045,Val,v_2467.jpg,800,600,False,3
17052,Val,v_1658.jpg,600,800,False,1
17055,Val,v_6689.jpg,800,600,False,1
17058,Val,v_294.jpg,800,600,False,2
17059,Val,v_721.jpg,1000,1000,False,1
17061,Val,v_5244.jpg,800,600,True,0
17062,Val,v_6026.jpg,600,800,False,10
17063,Val,v_7488.jpg,1000,1000,False,1
17068,Val,v_6075.jpg,600,800,False,12
17069,Val,v_4550.jpg,1000,1000,False,5
17071,Val,v_3962.jpg,1000,1000,False,33
17073,Val,v_8167.jpg,600,800,False,1
17075,Val,v_1914.jpg,600,800,False,1
17084,Val,v_1531.jpg,1000,1000,False,2
17090,Val,v_1204.jpg,600,800,False,1
17094,Val,v_7252.jpg,1000,1000,False,3
17105,Val,v_3807.jpg,1000,1000,False,1
17107,Val,v_6448.jpg,600,800,False,11
17109,Val,v_5100.jpg,1000,1000,False,28
17113,Val,v_5725.jpg,1000,1000,False,10
17118,Val,v_3327.jpg,600,800,False,10
17122,Val,v_2396.jpg,1000,1000,False,1
17130,Val,v_3995.jpg,800,600,False,1
17134,Val,v_3355.jpg,600,800,False,1
17135,Val,v_4696.jpg,600,800,False,11
17136,Val,v_4262.jpg,1000,1000,False,19
17138,Val,v_3854.jpg,1000,1000,False,26
17139,Val,v_6841.jpg,600,800,False,1
17140,Val,v_827.jpg,1000,1000,False,9
17142,Val,v_1271.jpg,800,600,False,2
17146,Val,v_6137.jpg,1000,1000,False,4
17148,Val,v_431.jpg,1000,1000,False,2
17149,Val,v_1692.jpg,1000,1000,False,20
17157,Val,v_1847.jpg,600,800,True,0
17159,Val,v_4826.jpg,800,600,False,9
17162,Val,v_5347.jpg,1000,1000,False,3
17172,Val,v_3218.jpg,800,600,False,4
17174,Val,v_4856.jpg,600,800,False,3
17178,Val,v_6901.jpg,1000,1000,True,0
17180,Val,v_3951.jpg,1000,1000,False,2
17183,Val,v_416.jpg,1000,1000,False,1
17186,Val,v_8132.jpg,600,800,False,6
17187,Val,v_2348.jpg,1000,1000,True,0
17189,Val,v_3496.jpg,1000,1000,False,13
17192,Val,v_7345.jpg,1000,1000,False,6
17195,Val,v_229.jpg,600,800,False,1
17198,Val,v_4321.jpg,800,600,False,1
17202,Val,v_4902.jpg,600,800,True,0
17205,Val,v_2382.jpg,1000,1000,False,9
17210,Val,v_3923.jpg,600,800,True,0
17213,Val,v_468.jpg,1000,1000,False,10
17216,Val,v_7299.jpg,1000,1000,False,4
17218,Val,v_4012.jpg,1000,1000,False,34
17219,Val,v_3899.jpg,1000,1000,False,3
17222,Val,v_1545.jpg,800,600,False,2
17225,Val,v_7553.jpg,1000,1000,False,5
17230,Val,v_233.jpg,600,800,False,2
17231,Val,v_570.jpg,800,600,False,11
17233,Val,v_5611.jpg,1000,1000,False,4
17235,Val,v_1223.jpg,1000,1000,False,1
17237,Val,v_664.jpg,1000,1000,False,25
17240,Val,v_3158.jpg,1000,1000,False,8
17241,Val,v_3897.jpg,600,800,False,1
17242,Val,v_4289.jpg,600,800,False,1
17243,Val,v_826.jpg,1000,1000,True,0
17244,Val,v_4040.jpg,600,800,False,1
17245,Val,v_3054.jpg,800,600,False,40
17246,Val,v_3919.jpg,1000,1000,False,2
17248,Val,v_8218.jpg,1000,1000,True,0
17249,Val,v_780.jpg,600,800,False,2
17250,Val,v_5775.jpg,600,800,False,1
17257,Val,v_1140.jpg,1000,1000,False,26
17261,Val,v_6147.jpg,1000,1000,False,2
17262,Val,v_1904.jpg,600,800,False,58
17265,Val,v_3553.jpg,1000,1000,True,0
17267,Val,v_5063.jpg,1000,1000,False,2
17270,Val,v_7525.jpg,600,800,False,33
17273,Val,v_5529.jpg,600,800,False,5
17276,Val,v_3816.jpg,600,800,False,7
17277,Val,v_7762.jpg,600,800,False,1
17278,Val,v_1396.jpg,1000,1000,False,58
17279,Val,v_5084.jpg,800,600,False,4
17281,Val,v_2833.jpg,800,600,False,3
17284,Val,v_3724.jpg,600,800,False,11
17288,Val,v_3034.jpg,800,600,False,1
17289,Val,v_5470.jpg,800,600,False,1
17290,Val,v_1027.jpg,600,800,True,0
17291,Val,v_3074.jpg,1000,1000,False,44
17297,Val,v_1524.jpg,800,600,False,25
17301,Val,v_6900.jpg,600,800,False,14
17307,Val,v_1479.jpg,600,800,False,6
17308,Val,v_8286.jpg,1000,1000,False,12
17314,Val,v_5783.jpg,600,800,False,5
17318,Val,v_1197.jpg,800,600,False,1
17322,Val,v_2889.jpg,600,800,False,20
17323,Val,v_7126.jpg,600,800,False,1
17327,Val,v_2618.jpg,800,600,True,0
17334,Val,v_109.jpg,800,600,False,19
17339,Val,v_6787.jpg,1000,1000,False,1
17340,Val,v_2391.jpg,600,800,False,1
17342,Val,v_2422.jpg,600,800,False,10
17354,Val,v_2052.jpg,1000,1000,False,39
17360,Val,v_3809.jpg,1000,1000,False,7
17363,Val,v_4778.jpg,800,600,False,2
17369,Val,v_1566.jpg,600,800,False,23
17376,Val,v_7984.jpg,600,800,False,8
17380,Val,v_5414.jpg,600,800,True,0
17381,Val,v_7807.jpg,800,600,False,8
17384,Val,v_6315.jpg,1000,1000,False,1
17385,Val,v_6111.jpg,1000,1000,False,1
17387,Val,v_4889.jpg,1000,1000,False,38
17394,Val,v_193.jpg,600,800,False,32
17395,Val,v_7016.jpg,800,600,False,5
17398,Val,v_4483.jpg,1000,1000,False,31
17400,Val,v_2981.jpg,1000,1000,False,17
17401,Val,v_4371.jpg,1000,1000,False,18
17405,Val,v_2744.jpg,1000,1000,False,1
17406,Val,v_3272.jpg,800,600,False,1
17408,Val,v_628.jpg,1000,1000,False,2
17412,Val,v_6153.jpg,1000,1000,False,1
17413,Val,v_5378.jpg,600,800,False,3
17421,Val,v_2201.jpg,1000,1000,False,78
17425,Val,v_63.jpg,1000,1000,False,1
17427,Val,v_6532.jpg,600,800,True,0
17429,Val,v_2179.jpg,1000,1000,False,1
17431,Val,v_7457.jpg,600,800,False,6
17432,Val,v_459.jpg,600,800,False,5
17433,Val,v_1836.jpg,800,600,False,2
17436,Val,v_3898.jpg,800,600,False,15
17437,Val,v_6815.jpg,1000,1000,False,1
17438,Val,v_5297.jpg,1000,1000,False,5
17439,Val,v_322.jpg,600,800,False,3
17442,Val,v_5431.jpg,600,800,False,1
17444,Val,v_6865.jpg,1000,1000,False,4
17445,Val,v_7734.jpg,600,800,False,1
17448,Val,v_77.jpg,600,800,False,1
17449,Val,v_7527.jpg,1000,1000,False,32
17450,Val,v_2527.jpg,600,800,False,1
17456,Val,v_3201.jpg,800,600,False,2
17457,Val,v_6175.jpg,600,800,False,61
17458,Val,v_3606.jpg,800,600,True,0
17466,Val,v_838.jpg,800,600,False,4
17468,Val,v_6540.jpg,1000,1000,False,24
17471,Val,v_1439.jpg,1000,1000,False,3
17478,Val,v_4686.jpg,600,800,False,49
17481,Val,v_507.jpg,1000,1000,False,13
17485,Val,v_7207.jpg,1000,1000,False,11
17490,Val,v_6516.jpg,1000,1000,False,1
17491,Val,v_5351.jpg,1000,1000,False,1
17494,Val,v_3060.jpg,800,600,False,5
17496,Val,v_3237.jpg,600,800,False,7
17498,Val,v_8251.jpg,1000,1000,False,76
17505,Val,v_3907.jpg,600,800,False,1
17507,Val,v_89.jpg,800,600,False,19
17508,Val,v_151.jpg,1000,1000,False,1
17511,Val,v_8188.jpg,1000,1000,False,8
17512,Val,v_4076.jpg,800,600,False,1
17513,Val,v_7485.jpg,600,800,False,11
17514,Val,v_2362.jpg,600,800,False,1
17516,Val,v_6371.jpg,600,800,False,1
17519,Val,v_7774.jpg,1000,1000,False,6
17523,Val,v_6264.jpg,1000,1000,False,151
17524,Val,v_1002.jpg,600,800,False,3
17527,Val,v_2157.jpg,600,800,False,2
17532,Val,v_5073.jpg,1000,1000,False,1
17533,Val,v_3032.jpg,600,800,True,0
17534,Val,v_6083.jpg,1000,1000,False,22
17535,Val,v_2239.jpg,1000,1000,False,2
17536,Val,v_541.jpg,600,800,False,1
17537,Val,v_281.jpg,800,600,True,0
17540,Val,v_1377.jpg,1000,1000,False,16
17541,Val,v_616.jpg,600,800,False,2
17543,Val,v_7681.jpg,800,600,False,1
17547,Val,v_1175.jpg,1000,1000,False,11
17548,Val,v_6099.jpg,1000,1000,False,3
17549,Val,v_7612.jpg,800,600,False,12
17550,Val,v_2450.jpg,800,600,False,1
17553,Val,v_484.jpg,1000,1000,False,1
17555,Val,v_311.jpg,800,600,False,12
17557,Val,v_3129.jpg,7000,7000,True,0
17560,Val,v_864.jpg,600,800,False,1
17563,Val,v_334.jpg,600,800,True,0
17566,Val,v_6133.jpg,1000,1000,False,57
17571,Val,v_1284.jpg,1000,1000,False,1
17573,Val,v_5169.jpg,800,600,False,3
17575,Val,v_4497.jpg,600,800,False,2
17578,Val,v_2962.jpg,800,600,False,7
17583,Val,v_6234.jpg,1000,1000,False,1
17584,Val,v_5397.jpg,600,800,False,26
17591,Val,v_8179.jpg,800,600,False,33
17592,Val,v_1580.jpg,600,800,False,4
17593,Val,v_5867.jpg,1000,1000,False,1
17596,Val,v_5957.jpg,1000,1000,False,5
17599,Val,v_8010.jpg,1000,1000,False,2
17601,Val,v_1077.jpg,600,800,False,2
17603,Val,v_2280.jpg,600,800,True,0
17606,Val,v_6879.jpg,1000,1000,False,1
17607,Val,v_6344.jpg,600,800,False,4
17608,Val,v_1312.jpg,800,600,False,14
17610,Val,v_4479.jpg,1000,1000,True,0
17611,Val,v_4330.jpg,800,600,False,8
17613,Val,v_1325.jpg,800,600,False,1
17617,Val,v_2926.jpg,800,600,False,1
17623,Val,v_2546.jpg,1000,1000,True,0
17624,Val,v_3713.jpg,800,600,False,8
17625,Val,v_4609.jpg,1000,1000,False,8
17626,Val,v_1320.jpg,600,800,True,0
17627,Val,v_6284.jpg,600,800,False,5
17628,Val,v_79.jpg,600,800,False,2
17631,Val,v_1636.jpg,600,800,False,9
17632,Val,v_7692.jpg,800,600,False,20
17634,Val,v_5772.jpg,1000,1000,False,37
17637,Val,v_4018.jpg,800,600,False,56
17642,Val,v_3.jpg,1000,1000,False,3
17644,Val,v_2608.jpg,1000,1000,True,0
17652,Val,v_4118.jpg,1000,1000,False,12
17656,Val,v_4434.jpg,1000,1000,False,5
17658,Val,v_2098.jpg,600,800,False,1
17666,Val,v_2697.jpg,600,800,False,2
17667,Val,v_6052.jpg,1000,1000,False,10
17668,Val,v_7196.jpg,1000,1000,False,1
17677,Val,v_393.jpg,1000,1000,False,305
17681,Val,v_4767.jpg,1000,1000,False,1
17682,Val,v_677.jpg,1000,1000,False,4
17684,Val,v_2720.jpg,1000,1000,False,2
17685,Val,v_5356.jpg,600,800,False,4
17686,Val,v_2120.jpg,1000,1000,False,2
17691,Val,v_7564.jpg,800,600,False,1
17692,Val,v_4304.jpg,1000,1000,False,2
17700,Val,v_5534.jpg,600,800,False,12
17702,Val,v_4045.jpg,1000,1000,True,0
17707,Val,v_2890.jpg,1000,1000,False,2
17709,Val,v_6391.jpg,1000,1000,False,1
17714,Val,v_5588.jpg,600,800,False,1
17717,Val,v_573.jpg,1000,1000,True,0
17718,Val,v_190.jpg,600,800,False,1
17719,Val,v_2530.jpg,1000,1000,False,1
17721,Val,v_7878.jpg,600,800,False,1
17724,Val,v_4858.jpg,1000,1000,False,7
17727,Val,v_593.jpg,1000,1000,False,61
17729,Val,v_1328.jpg,600,800,False,11
17734,Val,v_5564.jpg,800,600,False,53
17736,Val,v_865.jpg,1000,1000,False,11
17737,Val,v_2137.jpg,600,800,False,6
17746,Val,v_5046.jpg,600,800,False,31
17749,Val,v_2616.jpg,600,800,False,5
17752,Val,v_4956.jpg,600,800,False,2
17756,Val,v_1345.jpg,1000,1000,False,2
17761,Val,v_560.jpg,1000,1000,False,16
17767,Val,v_3872.jpg,6000,6000,False,36
17774,Val,v_6917.jpg,1000,1000,False,1
17775,Val,v_2910.jpg,800,600,False,2
17776,Val,v_5417.jpg,600,800,False,1
17779,Val,v_7943.jpg,600,800,True,0
17780,Val,v_4499.jpg,1000,1000,False,16
17783,Val,v_38.jpg,800,600,False,2
17789,Val,v_7929.jpg,1000,1000,False,21
17791,Val,v_1486.jpg,800,600,True,0
17792,Val,v_7320.jpg,1000,1000,False,6
17794,Val,v_340.jpg,1000,1000,False,200
17796,Val,v_2143.jpg,600,800,False,4
17799,Val,v_6497.jpg,1000,1000,False,9
17800,Val,v_5898.jpg,1000,1000,False,2
17802,Val,v_1467.jpg,800,600,False,2
17803,Val,v_2437.jpg,1000,1000,False,10
17810,Val,v_5814.jpg,1000,1000,False,14
17812,Val,v_6105.jpg,1000,1000,True,0
17816,Val,v_446.jpg,600,800,False,1
17818,Val,v_7235.jpg,1000,1000,False,1
17821,Val,v_3615.jpg,800,600,False,2
17825,Val,v_2902.jpg,1000,1000,False,2
17829,Val,v_1473.jpg,800,600,False,1
17830,Val,v_5724.jpg,800,600,False,18
17834,Val,v_875.jpg,600,800,False,8
17835,Val,v_3708.jpg,1000,1000,False,2
17838,Val,v_3006.jpg,1000,1000,False,1
17841,Val,v_6487.jpg,1000,1000,False,11
17847,Val,v_3765.jpg,800,600,False,12
17848,Val,v_8097.jpg,600,800,False,7
17849,Val,v_4851.jpg,600,800,False,1
17851,Val,v_4960.jpg,1000,1000,False,4
17852,Val,v_5187.jpg,600,800,False,1
17854,Val,v_620.jpg,800,600,False,1
17855,Val,v_5623.jpg,800,600,False,3
17857,Val,v_4489.jpg,600,800,False,4
17858,Val,v_4695.jpg,1000,1000,True,0
17859,Val,v_7909.jpg,1000,1000,False,1
17866,Val,v_2534.jpg,600,800,True,0
17871,Val,v_3436.jpg,800,600,False,17
17872,Val,v_1678.jpg,800,600,True,0
17873,Val,v_405.jpg,1000,1000,False,2
17878,Val,v_5835.jpg,1000,1000,False,1
17880,Val,v_2634.jpg,1000,1000,False,20
17884,Val,v_7855.jpg,600,800,False,4
17885,Val,v_4471.jpg,1000,1000,True,0
17887,Val,v_1086.jpg,1000,1000,False,5
17895,Val,v_5451.jpg,600,800,False,3
17898,Val,v_5605.jpg,1000,1000,False,26
17902,Val,v_8177.jpg,600,800,False,1
17906,Val,v_3863.jpg,600,800,False,1
17907,Val,v_2486.jpg,1000,1000,False,12
17908,Val,v_202.jpg,1000,1000,False,1
17909,Val,v_5911.jpg,800,600,False,4
17910,Val,v_6230.jpg,600,800,False,7
17914,Val,v_217.jpg,800,600,False,1
17915,Val,v_891.jpg,800,600,False,2
17919,Val,v_1494.jpg,600,800,True,0
17923,Val,v_4954.jpg,1000,1000,False,1
17924,Val,v_5697.jpg,1000,1000,False,5
17925,Val,v_1446.jpg,800,600,False,1
17930,Val,v_8185.jpg,1000,1000,False,14
17932,Val,v_8066.jpg,1000,1000,True,0
17936,Val,v_7028.jpg,1000,1000,False,63
17937,Val,v_7886.jpg,1000,1000,False,1
17938,Val,v_279.jpg,600,800,True,0
17940,Val,v_8031.jpg,1000,1000,False,3
17941,Val,v_2328.jpg,600,800,False,1
17942,Val,v_3260.jpg,600,800,False,1
17943,Val,v_7615.jpg,800,600,False,11
17945,Val,v_2213.jpg,800,600,False,2
17950,Val,v_2499.jpg,1000,1000,False,10
17952,Val,v_5894.jpg,600,800,False,1
17955,Val,v_7759.jpg,600,800,False,1
17956,Val,v_2094.jpg,800,600,False,1
17962,Val,v_7372.jpg,1000,1000,False,6
17964,Val,v_1516.jpg,600,800,False,3
17966,Val,v_5204.jpg,800,600,False,1
17967,Val,v_4812.jpg,1000,1000,True,0
17969,Val,v_2901.jpg,1000,1000,False,1
17974,Val,v_6036.jpg,600,800,False,1
17975,Val,v_1683.jpg,1000,1000,False,1
17988,Val,v_5464.jpg,800,600,False,2
17990,Val,v_5853.jpg,1000,1000,False,15
17991,Val,v_7350.jpg,1000,1000,False,10
17992,Val,v_2504.jpg,1000,1000,False,1
17999,Val,v_1948.jpg,600,800,False,3
18001,Val,v_3896.jpg,600,800,False,3
18002,Val,v_1667.jpg,800,600,False,1
18008,Val,v_1583.jpg,800,600,True,0
18012,Val,v_2268.jpg,1000,1000,False,5
18015,Val,v_7711.jpg,800,600,False,3
18016,Val,v_3418.jpg,800,600,False,1
18018,Val,v_1969.jpg,1000,1000,False,2
18019,Val,v_2725.jpg,800,600,False,1
18021,Val,v_1326.jpg,1000,1000,False,44
18023,Val,v_2594.jpg,1000,1000,False,6
18033,Val,v_3729.jpg,800,600,True,0
18035,Val,v_4752.jpg,800,600,False,4
18044,Val,v_940.jpg,600,800,False,8
18046,Val,v_1682.jpg,1000,1000,False,1
18047,Val,v_469.jpg,1000,1000,False,4
18052,Val,v_1115.jpg,1000,1000,False,11
18057,Val,v_916.jpg,1000,1000,False,1
18064,Val,v_5754.jpg,1000,1000,False,67
18066,Val,v_5394.jpg,1000,1000,False,3
18067,Val,v_497.jpg,1000,1000,False,1
18069,Val,v_7188.jpg,600,800,False,6
18070,Val,v_1288.jpg,600,800,False,1
18071,Val,v_6006.jpg,600,800,False,1
18072,Val,v_7125.jpg,800,600,False,5
18078,Val,v_3468.jpg,1000,1000,False,20
18080,Val,v_3924.jpg,600,800,False,8
18084,Val,v_1201.jpg,600,800,False,2
18085,Val,v_3881.jpg,800,600,False,14
18092,Val,v_6754.jpg,1000,1000,False,4
18098,Val,v_3717.jpg,800,600,False,1
18100,Val,v_1890.jpg,1000,1000,False,9
18104,Val,v_3328.jpg,800,600,False,10
18105,Val,v_7329.jpg,600,800,False,1
18106,Val,v_1939.jpg,600,800,False,1
18108,Val,v_1037.jpg,600,800,False,43
18109,Val,v_4396.jpg,600,800,False,5
18110,Val,v_1061.jpg,1000,1000,False,2
18116,Val,v_3959.jpg,600,800,False,7
18117,Val,v_6181.jpg,1000,1000,False,2
18118,Val,v_8009.jpg,600,800,False,1
18120,Val,v_8126.jpg,800,600,False,2
18122,Val,v_6405.jpg,1000,1000,False,5
18124,Val,v_4220.jpg,600,800,False,11
18126,Val,v_3900.jpg,800,600,False,1
18128,Val,v_5940.jpg,1000,1000,False,100
18129,Val,v_2955.jpg,600,800,False,1
18132,Val,v_3431.jpg,1000,1000,True,0
18135,Val,v_3752.jpg,600,800,False,1
18136,Val,v_5036.jpg,1000,1000,True,0
18137,Val,v_1087.jpg,1000,1000,False,13
18141,Val,v_2347.jpg,800,600,False,2
18148,Val,v_5599.jpg,1000,1000,False,43
18156,Val,v_1853.jpg,800,600,False,1
18157,Val,v_815.jpg,600,800,False,1
18163,Val,v_428.jpg,1000,1000,False,8
18165,Val,v_5540.jpg,600,800,False,4
18171,Val,v_82.jpg,800,600,False,13
18173,Val,v_2942.jpg,6000,6000,False,12
18177,Val,v_3602.jpg,1000,1000,False,14
18178,Val,v_6023.jpg,1000,1000,False,73
18184,Val,v_7812.jpg,800,600,False,21
18186,Val,v_1361.jpg,600,800,False,66
18188,Val,v_5980.jpg,1000,1000,False,1
18194,Val,v_7081.jpg,800,600,False,3
18195,Val,v_4178.jpg,600,800,False,1
18196,Val,v_8028.jpg,800,600,False,3
18198,Val,v_7801.jpg,800,600,False,14
18199,Val,v_5650.jpg,600,800,False,10
18200,Val,v_6887.jpg,1000,1000,False,4
18202,Val,v_5237.jpg,800,600,False,1
18204,Val,v_4555.jpg,1000,1000,False,5
18206,Val,v_4358.jpg,1000,1000,True,0
18208,Val,v_1921.jpg,6000,6000,False,5
18210,Val,v_5336.jpg,1000,1000,False,2
18212,Val,v_8004.jpg,1000,1000,False,8
18213,Val,v_4428.jpg,800,600,False,3
18216,Val,v_4984.jpg,800,600,False,1
18218,Val,v_2983.jpg,1000,1000,False,5
18224,Val,v_1742.jpg,1000,1000,False,3
18226,Val,v_559.jpg,1000,1000,False,23
18231,Val,v_1436.jpg,800,600,False,4
18234,Val,v_5064.jpg,600,800,False,1
18235,Val,v_3078.jpg,1000,1000,False,1
18237,Val,v_6753.jpg,1000,1000,False,2
18238,Val,v_4439.jpg,800,600,False,4
18240,Val,v_1173.jpg,1000,1000,False,17
18244,Val,v_2905.jpg,1000,1000,False,1
18249,Val,v_5047.jpg,800,600,False,1
18255,Val,v_6419.jpg,800,600,False,6
18260,Val,v_6116.jpg,1000,1000,False,13
18261,Val,v_4849.jpg,1000,1000,False,4
18264,Val,v_7731.jpg,600,800,False,5
18267,Val,v_2095.jpg,1000,1000,False,1
18268,Val,v_3143.jpg,1000,1000,False,1
18269,Val,v_4025.jpg,600,800,False,3
18270,Val,v_1364.jpg,1000,1000,False,9
18274,Val,v_1923.jpg,800,600,False,5
18275,Val,v_7667.jpg,600,800,False,3
18278,Val,v_1232.jpg,800,600,False,15
18283,Val,v_143.jpg,800,600,False,4
18284,Val,v_6035.jpg,800,600,False,2
18290,Val,v_6054.jpg,600,800,False,24
18291,Val,v_1102.jpg,600,800,False,7
18293,Val,v_6535.jpg,1000,1000,False,6
18294,Val,v_860.jpg,600,800,False,9
18296,Val,v_2657.jpg,800,600,False,1
18298,Val,v_7944.jpg,1000,1000,False,5
18301,Val,v_5113.jpg,1000,1000,False,2
18303,Val,v_4981.jpg,1000,1000,False,14
18304,Val,v_5449.jpg,1000,1000,False,43
18308,Val,v_7642.jpg,800,600,False,5
18320,Val,v_592.jpg,1000,1000,True,0
18328,Val,v_2913.jpg,800,600,False,33
18329,Val,v_4577.jpg,800,600,False,12
18331,Val,v_7153.jpg,1000,1000,False,1
18335,Val,v_2167.jpg,1000,1000,False,2
18336,Val,v_933.jpg,600,800,False,1
18337,Val,v_7958.jpg,1000,1000,False,19
18339,Val,v_3832.jpg,600,800,False,1
18342,Val,v_5542.jpg,1000,1000,False,32
18343,Val,v_7635.jpg,1000,1000,False,15
18344,Val,v_769.jpg,600,800,False,10
18346,Val,v_4236.jpg,600,800,False,2
18349,Val,v_7946.jpg,1000,1000,False,21
18354,Val,v_3270.jpg,1000,1000,False,1
18357,Val,v_6150.jpg,600,800,False,13
18359,Val,v_1968.jpg,800,600,False,12
18362,Val,v_3410.jpg,800,600,False,4
18364,Val,v_7507.jpg,1000,1000,False,1
18365,Val,v_4237.jpg,1000,1000,False,5
18369,Val,v_6550.jpg,600,800,False,1
18370,Val,v_1448.jpg,1000,1000,False,9
18371,Val,v_7348.jpg,800,600,False,2
18372,Val,v_660.jpg,800,600,False,2
18374,Val,v_843.jpg,600,800,False,8
18377,Val,v_6209.jpg,1000,1000,False,1
18380,Val,v_1860.jpg,600,800,False,9
18381,Val,v_844.jpg,600,800,False,1
18384,Val,v_7533.jpg,800,600,True,0
18387,Val,v_6249.jpg,800,600,False,3
18388,Val,v_2368.jpg,600,800,False,4
18389,Val,v_2953.jpg,1000,1000,False,1
18394,Val,v_180.jpg,600,800,False,5
18396,Val,v_5881.jpg,600,800,False,1
18399,Val,v_8162.jpg,1000,1000,True,0
18400,Val,v_4027.jpg,1000,1000,False,30
18402,Val,v_5344.jpg,600,800,False,26
18403,Val,v_1209.jpg,1000,1000,False,1
18404,Val,v_6427.jpg,1000,1000,False,1
18411,Val,v_7570.jpg,1000,1000,False,12
18413,Val,v_7604.jpg,600,800,True,0
18414,Val,v_863.jpg,1000,1000,False,3
18415,Val,v_5195.jpg,800,600,False,1
18417,Val,v_8096.jpg,1000,1000,False,1
18419,Val,v_1017.jpg,1000,1000,False,21
18423,Val,v_4747.jpg,600,800,False,3
18428,Val,v_7813.jpg,800,600,False,2
18429,Val,v_1620.jpg,800,600,False,13
18430,Val,v_3985.jpg,800,600,False,4
18431,Val,v_3681.jpg,1000,1000,False,1
18432,Val,v_6678.jpg,1000,1000,False,1
18437,Val,v_3866.jpg,1000,1000,True,0
18439,Val,v_6636.jpg,1000,1000,False,2
18440,Val,v_7244.jpg,600,800,False,31
18442,Val,v_1442.jpg,1000,1000,False,2
18444,Val,v_4131.jpg,800,600,False,39
18445,Val,v_6196.jpg,1000,1000,False,6
18446,Val,v_5366.jpg,1000,1000,False,1
18447,Val,v_8108.jpg,600,800,False,18
18449,Val,v_4598.jpg,800,600,False,14
18452,Val,v_1599.jpg,1000,1000,True,0
18457,Val,v_2863.jpg,800,600,False,35
18458,Val,v_3230.jpg,600,800,False,1
18460,Val,v_8046.jpg,1000,1000,False,2
18465,Val,v_3676.jpg,800,600,False,3
18467,Val,v_5773.jpg,800,600,False,19
18469,Val,v_3778.jpg,600,800,False,8
18477,Val,v_1889.jpg,1000,1000,False,5
18479,Val,v_1269.jpg,1000,1000,False,1
18481,Val,v_2222.jpg,1000,1000,False,5
18482,Val,v_7756.jpg,600,800,False,1
18485,Val,v_6436.jpg,600,800,False,8
18492,Val,v_2071.jpg,1000,1000,False,1
18494,Val,v_2177.jpg,800,600,False,1
18495,Val,v_3779.jpg,600,800,False,39
18497,Val,v_4399.jpg,600,800,False,21
18501,Val,v_1003.jpg,1000,1000,False,2
18502,Val,v_1072.jpg,600,800,False,2
18506,Val,v_3953.jpg,800,600,False,1
18510,Val,v_4662.jpg,800,600,False,1
18511,Val,v_5579.jpg,1000,1000,False,1
18512,Val,v_4163.jpg,600,800,False,1
18513,Val,v_2602.jpg,1000,1000,False,1
18514,Val,v_7352.jpg,800,600,True,0
18516,Val,v_7033.jpg,800,600,False,95
18519,Val,v_6217.jpg,800,600,False,3
18523,Val,v_4329.jpg,1000,1000,False,5
18530,Val,v_2632.jpg,1000,1000,False,3
18533,Val,v_6324.jpg,800,600,False,1
18534,Val,v_7243.jpg,600,800,False,2
18535,Val,v_2346.jpg,1000,1000,False,3
18536,Val,v_3856.jpg,1000,1000,True,0
18537,Val,v_3839.jpg,1000,1000,False,149
18547,Val,v_6287.jpg,1000,1000,False,14
18548,Val,v_6552.jpg,800,600,False,4
18555,Val,v_7032.jpg,1000,1000,False,40
18559,Val,v_48.jpg,600,800,False,6
18562,Val,v_5845.jpg,1000,1000,False,5
18568,Val,v_1317.jpg,800,600,False,1
18569,Val,v_7046.jpg,1000,1000,False,1
18575,Val,v_4108.jpg,6000,6000,False,22
18579,Val,v_3559.jpg,600,800,False,1
18580,Val,v_5855.jpg,600,800,False,3
18587,Val,v_2227.jpg,800,600,True,0
18588,Val,v_3692.jpg,600,800,False,5
18590,Val,v_7455.jpg,1000,1000,False,1
18592,Val,v_5108.jpg,800,600,False,7
18600,Val,v_3391.jpg,800,600,False,1
18604,Val,v_2883.jpg,1000,1000,False,5
18606,Val,v_7555.jpg,600,800,False,3
18609,Val,v_1829.jpg,600,800,False,1
18610,Val,v_1641.jpg,600,800,False,2
18616,Val,v_3414.jpg,600,800,False,73
18620,Val,v_2121.jpg,1000,1000,False,1
18622,Val,v_4732.jpg,600,800,False,9
18633,Val,v_6187.jpg,1000,1000,False,1
18634,Val,v_8200.jpg,800,600,False,17
18638,Val,v_4982.jpg,600,800,False,2
18639,Val,v_4047.jpg,1000,1000,False,1
18640,Val,v_4458.jpg,600,800,False,1
18643,Val,v_1186.jpg,1000,1000,False,3
18644,Val,v_7189.jpg,800,600,False,1
18646,Val,v_2761.jpg,1000,1000,False,2
18647,Val,v_3799.jpg,1000,1000,False,2
18649,Val,v_4121.jpg,800,600,False,1
18656,Val,v_3308.jpg,600,800,False,3
18657,Val,v_3127.jpg,800,600,False,2
18660,Val,v_1431.jpg,600,800,False,2
18665,Val,v_926.jpg,1000,1000,False,12
18666,Val,v_7237.jpg,600,800,False,4
18667,Val,v_915.jpg,600,800,False,2
18668,Val,v_5001.jpg,800,600,True,0
18670,Val,v_2591.jpg,1000,1000,False,6
18673,Val,v_2135.jpg,800,600,False,1
18675,Val,v_7548.jpg,800,600,False,2
18677,Val,v_8283.jpg,600,800,False,1
18681,Val,v_2762.jpg,1000,1000,False,26
18682,Val,v_4540.jpg,600,800,False,6
18683,Val,v_7657.jpg,800,600,False,19
18686,Val,v_3149.jpg,1000,1000,False,5
18687,Val,v_7702.jpg,1000,1000,False,3
18693,Val,v_480.jpg,600,800,False,4
18699,Val,v_1886.jpg,1000,1000,False,4
18703,Val,v_4457.jpg,600,800,False,27
18704,Val,v_5593.jpg,800,600,False,1
18706,Val,v_7054.jpg,600,800,False,8
18711,Val,v_8234.jpg,6000,6000,False,8
18713,Val,v_3090.jpg,1000,1000,False,30
18714,Val,v_2462.jpg,800,600,False,5
18716,Val,v_6328.jpg,1000,1000,False,38
18728,Val,v_3803.jpg,1000,1000,False,1
18730,Val,v_1795.jpg,600,800,False,1
18733,Val,v_2988.jpg,800,600,False,1
18735,Val,v_3966.jpg,600,800,False,1
18739,Val,v_1556.jpg,600,800,False,1
18747,Val,v_3701.jpg,600,800,False,4
18748,Val,v_5904.jpg,800,600,True,0
18750,Val,v_674.jpg,1000,1000,False,1
18751,Val,v_4326.jpg,1000,1000,False,1
18752,Val,v_4216.jpg,1000,1000,False,4
18758,Val,v_1601.jpg,1000,1000,False,3
18762,Val,v_5892.jpg,800,600,False,1
18763,Val,v_5995.jpg,800,600,False,9
18767,Val,v_1999.jpg,1000,1000,False,3
18768,Val,v_2126.jpg,1000,1000,False,2
18771,Val,v_8154.jpg,1000,1000,False,7
18772,Val,v_1074.jpg,1000,1000,False,16
18774,Val,v_5300.jpg,600,800,False,8
18776,Val,v_4531.jpg,1000,1000,False,5
18777,Val,v_5872.jpg,800,600,False,7
18778,Val,v_6782.jpg,600,800,False,3
18782,Val,v_339.jpg,600,800,True,0
18784,Val,v_4863.jpg,600,800,True,0
18790,Val,v_3092.jpg,1000,1000,False,3
18791,Val,v_4286.jpg,800,600,False,9
18795,Val,v_7736.jpg,600,800,False,1
18799,Val,v_6165.jpg,1000,1000,False,1
18809,Val,v_6421.jpg,1000,1000,False,2
18810,Val,v_1771.jpg,600,800,False,8
18811,Val,v_2057.jpg,1000,1000,False,7
18813,Val,v_7234.jpg,600,800,False,14
18817,Val,v_7240.jpg,800,600,False,42
18821,Val,v_7185.jpg,1000,1000,False,4
18822,Val,v_2941.jpg,600,800,False,1
18823,Val,v_2398.jpg,1000,1000,False,14
18830,Val,v_2449.jpg,1000,1000,False,1
18831,Val,v_4306.jpg,600,800,False,1
18832,Val,v_640.jpg,600,800,False,1
18839,Val,v_7823.jpg,600,800,False,5
18840,Val,v_927.jpg,800,600,False,4
18841,Val,v_3249.jpg,800,600,False,5
18842,Val,v_6467.jpg,1000,1000,False,1
18843,Val,v_4176.jpg,1000,1000,False,1
18847,Val,v_257.jpg,1000,1000,False,26
18850,Val,v_8043.jpg,600,800,False,6
18851,Val,v_7983.jpg,1000,1000,False,9
18852,Val,v_7790.jpg,800,600,False,5
18858,Val,v_365.jpg,1000,1000,False,1
18861,Val,v_1176.jpg,600,800,False,26
18862,Val,v_7186.jpg,800,600,False,25
18863,Val,v_3388.jpg,800,600,False,5
18864,Val,v_4703.jpg,1000,1000,False,6
18868,Val,v_5144.jpg,800,600,False,4
18869,Val,v_1099.jpg,600,800,True,0
18871,Val,v_7685.jpg,600,800,False,9
18872,Val,v_6791.jpg,1000,1000,False,1
18875,Val,v_2155.jpg,600,800,False,2
18887,Val,v_5406.jpg,800,600,False,1
18889,Val,v_6349.jpg,800,600,False,1
18891,Val,v_2851.jpg,1000,1000,False,3
18892,Val,v_1974.jpg,1000,1000,False,2
18894,Val,v_7908.jpg,800,600,False,1
18896,Val,v_7529.jpg,1000,1000,False,14
18899,Val,v_34.jpg,1000,1000,False,8
18900,Val,v_8074.jpg,800,600,False,1
18903,Val,v_5630.jpg,1000,1000,False,1
18904,Val,v_7453.jpg,800,600,False,7
18907,Val,v_8168.jpg,1000,1000,False,7
18908,Val,v_1672.jpg,600,800,False,4
18909,Val,v_5420.jpg,600,800,False,2
18913,Val,v_7326.jpg,600,800,False,2
18917,Val,v_1433.jpg,1000,1000,False,5
18921,Val,v_7495.jpg,800,600,False,1
18924,Val,v_722.jpg,600,800,False,1
18925,Val,v_4827.jpg,1000,1000,False,3
18929,Val,v_1216.jpg,1000,1000,False,1
18930,Val,v_2728.jpg,800,600,False,3
18931,Val,v_6129.jpg,800,600,False,1
18934,Val,v_1528.jpg,800,600,False,21
18937,Val,v_1651.jpg,800,600,True,0
18939,Val,v_1623.jpg,800,600,False,6
18941,Val,v_7786.jpg,800,600,False,3
18943,Val,v_5223.jpg,1000,1000,False,2
18944,Val,v_6258.jpg,600,800,False,14
18947,Val,v_613.jpg,800,600,False,1
18949,Val,v_5460.jpg,800,600,False,1
18954,Val,v_3396.jpg,800,600,False,20
18955,Val,v_6262.jpg,1000,1000,False,1
18957,Val,v_7166.jpg,1000,1000,False,2
18958,Val,v_4615.jpg,800,600,False,1
18965,Val,v_694.jpg,1000,1000,False,7
18967,Val,v_3812.jpg,800,600,False,6
18972,Val,v_318.jpg,1000,1000,False,68
18973,Val,v_5624.jpg,600,800,False,1
18974,Val,v_7432.jpg,600,800,False,13
18976,Val,v_2202.jpg,800,600,False,6
18977,Val,v_5392.jpg,1000,1000,False,1
18989,Val,v_3202.jpg,800,600,False,3
18992,Val,v_2130.jpg,800,600,False,1
18997,Val,v_4297.jpg,600,800,True,0
19006,Val,v_1878.jpg,1000,1000,False,14
19008,Val,v_4624.jpg,800,600,False,1
19010,Val,v_3804.jpg,600,800,False,5
19013,Val,v_1659.jpg,1000,1000,False,2
19015,Val,v_5565.jpg,800,600,False,20
19018,Val,v_6578.jpg,800,600,False,8
19020,Val,v_5617.jpg,600,800,False,11
19021,Val,v_2161.jpg,1000,1000,False,3
19033,Val,v_2402.jpg,800,600,False,1
19034,Val,v_4267.jpg,1000,1000,False,21
19040,Val,v_2051.jpg,1000,1000,False,1
19046,Val,v_4105.jpg,600,800,False,4
19047,Val,v_2684.jpg,1000,1000,False,5
19050,Val,v_7976.jpg,800,600,False,4
19051,Val,v_7030.jpg,1000,1000,False,2
19055,Val,v_6084.jpg,1000,1000,False,1
19056,Val,v_5488.jpg,1000,1000,False,11
19059,Val,v_5212.jpg,1000,1000,False,48
19061,Val,v_5050.jpg,600,800,True,0
19063,Val,v_6739.jpg,1000,1000,False,7
19064,Val,v_1854.jpg,1000,1000,False,5
19068,Val,v_3984.jpg,800,600,True,0
19073,Val,v_6913.jpg,800,600,False,1
19082,Val,v_5817.jpg,800,600,False,1
19087,Val,v_7613.jpg,800,600,False,3
19096,Val,v_5323.jpg,800,600,False,1
19098,Val,v_862.jpg,800,600,False,287
19101,Val,v_2320.jpg,1000,1000,False,4
19102,Val,v_6261.jpg,600,800,False,8
19103,Val,v_8254.jpg,800,600,True,0
19106,Val,v_357.jpg,600,800,False,2
19110,Val,v_2769.jpg,800,600,True,0
19114,Val,v_6161.jpg,800,600,False,1
19118,Val,v_8093.jpg,800,600,True,0
19120,Val,v_5590.jpg,800,600,False,9
19121,Val,v_3754.jpg,800,600,False,4
19123,Val,v_1347.jpg,1000,1000,False,3
19125,Val,v_1454.jpg,1000,1000,True,0
19127,Val,v_5888.jpg,600,800,False,7
19129,Val,v_2906.jpg,800,600,False,14
19130,Val,v_2786.jpg,600,800,False,1
19131,Val,v_2182.jpg,600,800,False,20
19132,Val,v_4614.jpg,800,600,False,15
19135,Val,v_736.jpg,600,800,False,30
19136,Val,v_3403.jpg,800,600,False,23
19137,Val,v_822.jpg,1000,1000,False,1
19139,Val,v_1210.jpg,1000,1000,False,1
19140,Val,v_3892.jpg,800,600,False,10
19142,Val,v_4096.jpg,600,800,False,1
19152,Val,v_4701.jpg,1000,1000,False,6
19154,Val,v_471.jpg,800,600,False,4
19157,Val,v_4581.jpg,1000,1000,False,1
19167,Val,v_5329.jpg,600,800,False,6
19170,Val,v_6569.jpg,600,800,False,1
19172,Val,v_945.jpg,1000,1000,False,33
19175,Val,v_2952.jpg,1000,1000,True,0
19176,Val,v_3911.jpg,1000,1000,False,46
19186,Val,v_4288.jpg,1000,1000,True,0
19187,Val,v_1772.jpg,800,600,False,1
19189,Val,v_5445.jpg,800,600,False,7
19193,Val,v_1274.jpg,1000,1000,False,19
19205,Val,v_2455.jpg,1000,1000,False,8
19209,Val,v_1655.jpg,1000,1000,False,3
19210,Val,v_5400.jpg,1000,1000,False,2
19211,Val,v_3987.jpg,600,800,False,5
19214,Val,v_5190.jpg,1000,1000,False,18
19215,Val,v_6102.jpg,800,600,False,7
19219,Val,v_6790.jpg,600,800,False,168
19223,Val,v_6493.jpg,600,800,False,1
19224,Val,v_2413.jpg,600,800,False,4
19227,Val,v_766.jpg,1000,1000,False,1
19232,Val,v_5923.jpg,600,800,False,1
19234,Val,v_4536.jpg,800,600,False,1
19238,Val,v_2753.jpg,1000,1000,False,1
19242,Val,v_6408.jpg,800,600,False,3
19243,Val,v_1305.jpg,1000,1000,False,1
19248,Val,v_5750.jpg,600,800,False,6
19250,Val,v_6476.jpg,800,600,False,32
19252,Val,v_4100.jpg,1000,1000,False,17
19253,Val,v_3538.jpg,800,600,False,24
19255,Val,v_7598.jpg,1000,1000,False,87
19258,Val,v_3994.jpg,800,600,True,0
19261,Val,v_6795.jpg,800,600,False,1
19264,Val,v_509.jpg,1000,1000,False,6
19271,Val,v_4828.jpg,1000,1000,False,1
19272,Val,v_1912.jpg,800,600,True,0
19276,Val,v_7248.jpg,600,800,False,4
19279,Val,v_4034.jpg,600,800,False,3
19280,Val,v_5494.jpg,1000,1000,False,63
19282,Val,v_4441.jpg,800,600,False,28
19284,Val,v_8057.jpg,800,600,False,11
19308,Val,v_4165.jpg,1000,1000,False,10
19314,Val,v_1296.jpg,800,600,False,2
19316,Val,v_2848.jpg,600,800,False,1
19318,Val,v_2882.jpg,600,800,False,5
19325,Val,v_7754.jpg,1000,1000,False,1
19327,Val,v_2818.jpg,1000,1000,False,3
19328,Val,v_1613.jpg,1000,1000,False,1
19334,Val,v_3025.jpg,1000,1000,False,41
19336,Val,v_3685.jpg,800,600,False,23
19337,Val,v_2115.jpg,1000,1000,False,3
19339,Val,v_2091.jpg,1000,1000,False,4
19341,Val,v_4727.jpg,600,800,False,3
19343,Val,v_6245.jpg,1000,1000,False,9
19347,Val,v_1138.jpg,600,800,False,3
19348,Val,v_6859.jpg,1000,1000,False,1
19357,Val,v_719.jpg,800,600,False,1
19364,Val,v_2914.jpg,600,800,False,4
19365,Val,v_6761.jpg,600,800,False,20
19367,Val,v_7003.jpg,1000,1000,False,2
19369,Val,v_7506.jpg,1000,1000,False,10
19370,Val,v_1435.jpg,800,600,False,1
19374,Val,v_6606.jpg,600,800,False,1
19375,Val,v_5243.jpg,600,800,False,4
19376,Val,v_2764.jpg,1000,1000,False,7
19379,Val,v_6632.jpg,1000,1000,False,99
19380,Val,v_6622.jpg,600,800,False,127
19382,Val,v_5213.jpg,800,600,False,8
19384,Val,v_4328.jpg,1000,1000,False,14
19386,Val,v_4895.jpg,800,600,False,35
19389,Val,v_7751.jpg,1000,1000,False,12
19395,Val,v_4084.jpg,6000,6000,False,3
19396,Val,v_1996.jpg,800,600,False,11
19399,Val,v_272.jpg,1000,1000,False,17
19400,Val,v_2655.jpg,600,800,False,7
19405,Val,v_3727.jpg,1000,1000,False,7
19406,Val,v_1660.jpg,1000,1000,False,13
19409,Val,v_4320.jpg,1000,1000,False,3
19415,Val,v_2537.jpg,1000,1000,False,2
19423,Val,v_6020.jpg,800,600,False,29
19425,Val,v_3860.jpg,1000,1000,False,6
19440,Val,v_7500.jpg,800,600,False,6
19441,Val,v_4692.jpg,600,800,False,2
19442,Val,v_7941.jpg,600,800,False,4
19443,Val,v_1311.jpg,6000,6000,False,4
19445,Val,v_4680.jpg,600,800,False,1
19446,Val,v_3252.jpg,600,800,False,1
19447,Val,v_87.jpg,600,800,False,8
19450,Val,v_6576.jpg,800,600,False,1
19451,Val,v_5825.jpg,600,800,False,2
19453,Val,v_7932.jpg,600,800,False,2
19455,Val,v_7146.jpg,1000,1000,False,14
19459,Val,v_5793.jpg,1000,1000,False,2
19463,Val,v_1766.jpg,1000,1000,False,19
19467,Val,v_6698.jpg,1000,1000,False,7
19479,Val,v_2771.jpg,1000,1000,False,2
19480,Val,v_4733.jpg,600,800,False,1
19481,Val,v_4229.jpg,1000,1000,False,6
19482,Val,v_6266.jpg,800,600,False,8
19483,Val,v_7644.jpg,1000,1000,True,0
19484,Val,v_2630.jpg,600,800,False,2
19485,Val,v_6704.jpg,800,600,False,3
19488,Val,v_178.jpg,800,600,False,2
19490,Val,v_3185.jpg,800,600,False,1
19491,Val,v_5875.jpg,1000,1000,False,3
19492,Val,v_7957.jpg,600,800,False,2
19494,Val,v_6525.jpg,800,600,False,6
19496,Val,v_5776.jpg,800,600,False,3
19497,Val,v_4245.jpg,1000,1000,False,3
19498,Val,v_7447.jpg,1000,1000,False,6
19499,Val,v_2073.jpg,1000,1000,True,0
19501,Val,v_6128.jpg,1000,1000,False,2
19502,Val,v_8105.jpg,1000,1000,False,12
19511,Val,v_6511.jpg,600,800,False,29
19513,Val,v_5753.jpg,1000,1000,True,0
19516,Val,v_8016.jpg,1000,1000,False,1
19518,Val,v_3288.jpg,600,800,False,1
19519,Val,v_2266.jpg,1000,1000,True,0
19520,Val,v_6206.jpg,600,800,False,8
19525,Val,v_8220.jpg,1000,1000,False,7
19527,Val,v_4496.jpg,1000,1000,False,1
19529,Val,v_6470.jpg,1000,1000,False,2
19532,Val,v_370.jpg,800,600,True,0
19535,Val,v_851.jpg,600,800,False,1
19550,Val,v_4143.jpg,1000,1000,False,6
19553,Val,v_2100.jpg,1000,1000,False,1
19555,Val,v_320.jpg,800,600,False,2
19558,Val,v_1174.jpg,1000,1000,False,1
19561,Val,v_855.jpg,600,800,False,3
19570,Val,v_1998.jpg,600,800,False,39
19574,Val,v_3624.jpg,1000,1000,False,25
19575,Val,v_5017.jpg,800,600,False,5
19579,Val,v_6898.jpg,800,600,False,2
19584,Val,v_491.jpg,800,600,False,1
19588,Val,v_3030.jpg,800,600,True,0
19589,Val,v_2270.jpg,9000,9000,False,503
19590,Val,v_7770.jpg,600,800,False,1
19598,Val,v_5936.jpg,800,600,False,25
19599,Val,v_1006.jpg,1000,1000,False,21
19603,Val,v_1352.jpg,1000,1000,False,3
19605,Val,v_1357.jpg,1000,1000,False,2
19606,Val,v_71.jpg,1000,1000,False,11
19609,Val,v_2300.jpg,1000,1000,False,146
19610,Val,v_4841.jpg,1000,1000,False,3
19613,Val,v_1302.jpg,800,600,False,53
19617,Val,v_7602.jpg,800,600,False,1
19621,Val,v_2763.jpg,600,800,False,5
19622,Val,v_4622.jpg,1000,1000,False,6
19625,Val,v_5747.jpg,600,800,True,0
19633,Val,v_5865.jpg,1000,1000,False,1
19636,Val,v_3343.jpg,800,800,True,0
19639,Val,v_5454.jpg,800,600,False,3
19640,Val,v_7937.jpg,600,800,False,1
19644,Val,v_1125.jpg,800,600,False,1
19645,Val,v_7982.jpg,800,600,False,1
19648,Val,v_6763.jpg,800,600,False,1
19652,Val,v_4494.jpg,1000,1000,False,15
19653,Val,v_550.jpg,600,800,False,4
19657,Val,v_1785.jpg,600,800,False,1
19658,Val,v_5367.jpg,1000,1000,True,0
19661,Val,v_6837.jpg,600,800,False,2
19665,Val,v_536.jpg,600,800,False,3
19670,Val,v_6646.jpg,1000,1000,False,1
19673,Val,v_5475.jpg,800,600,False,4
19676,Val,v_3397.jpg,800,600,False,4
19679,Val,v_4543.jpg,800,600,False,2
19681,Val,v_4144.jpg,600,800,False,1
19685,Val,v_832.jpg,800,600,False,1
19686,Val,v_384.jpg,1000,1000,False,4
19688,Val,v_4249.jpg,1000,1000,False,1
19689,Val,v_759.jpg,600,800,True,0
19699,Val,v_6674.jpg,1000,1000,False,8
19700,Val,v_3910.jpg,1000,1000,False,11
19701,Val,v_2427.jpg,1000,1000,False,2
19704,Val,v_6246.jpg,1000,1000,False,1
19706,Val,v_499.jpg,1000,1000,False,7
19709,Val,v_1725.jpg,1000,1000,False,1
19712,Val,v_2210.jpg,1000,1000,False,2
19720,Val,v_5576.jpg,1000,1000,False,5
19722,Val,v_6117.jpg,600,800,False,2
19725,Val,v_788.jpg,600,800,False,1
19728,Val,v_3336.jpg,1000,1000,False,320
19731,Val,v_5269.jpg,800,600,False,6
19732,Val,v_5265.jpg,600,800,False,1
19741,Val,v_5326.jpg,800,600,False,1
19743,Val,v_5384.jpg,1000,1000,False,2
19744,Val,v_8259.jpg,800,600,False,1
19745,Val,v_5661.jpg,600,800,False,51
19746,Val,v_3188.jpg,1000,1000,False,9
19748,Val,v_1832.jpg,600,800,False,6
19751,Val,v_5955.jpg,800,600,False,4
19754,Val,v_3573.jpg,600,800,False,5
19759,Val,v_5807.jpg,600,800,False,72
19760,Val,v_4212.jpg,1000,1000,False,1
19761,Val,v_2502.jpg,800,600,False,43
19763,Val,v_8069.jpg,600,800,False,1
19764,Val,v_1272.jpg,600,800,True,0
19767,Val,v_1470.jpg,1000,1000,False,4
19771,Val,v_2062.jpg,800,600,False,1
19772,Val,v_4735.jpg,600,800,False,11
19773,Val,v_5594.jpg,800,600,False,3
19774,Val,v_7515.jpg,800,600,False,7
19777,Val,v_2603.jpg,600,800,False,2
19781,Val,v_5341.jpg,800,600,False,9
19783,Val,v_506.jpg,800,600,False,3
19786,Val,v_2825.jpg,800,600,False,6
19789,Val,v_6076.jpg,1000,1000,False,40
19792,Val,v_8211.jpg,800,600,False,1
19797,Val,v_4659.jpg,600,800,False,45
19798,Val,v_2387.jpg,600,800,False,12
19800,Val,v_4430.jpg,800,600,False,6
19802,Val,v_3323.jpg,800,600,False,1
19806,Val,v_1907.jpg,800,600,False,1
19808,Val,v_5691.jpg,800,600,False,1
19812,Val,v_2195.jpg,1000,1000,False,2
19816,Val,v_6425.jpg,600,800,False,1
19817,Val,v_2335.jpg,1000,1000,False,2
19824,Val,v_7253.jpg,800,600,False,2
19826,Val,v_6835.jpg,1000,1000,False,2
19828,Val,v_6643.jpg,800,600,False,3
19829,Val,v_5566.jpg,1000,1000,False,3
19831,Val,v_4835.jpg,800,600,False,2
19833,Val,v_3955.jpg,6000,6000,False,24
19836,Val,v_1823.jpg,600,800,False,10
19837,Val,v_585.jpg,600,800,False,13
19841,Val,v_6471.jpg,1000,1000,False,7
19849,Val,v_2860.jpg,800,600,True,0
19851,Val,v_1228.jpg,600,800,False,1
19853,Val,v_3519.jpg,1000,1000,False,1
19857,Val,v_4475.jpg,1000,1000,True,0
19859,Val,v_7321.jpg,1000,1000,False,12
19862,Val,v_7883.jpg,800,600,False,4
19872,Val,v_5111.jpg,600,800,False,4
19874,Val,v_1941.jpg,800,600,False,19
19879,Val,v_7468.jpg,800,600,False,9
19880,Val,v_2501.jpg,800,600,False,10
19884,Val,v_1663.jpg,800,600,False,15
19890,Val,v_4668.jpg,1000,1000,True,0
19891,Val,v_2489.jpg,1000,1000,False,4
19892,Val,v_5984.jpg,800,600,False,9
19893,Val,v_7392.jpg,4000,4000,False,1
19894,Val,v_5059.jpg,1000,1000,False,8
19895,Val,v_619.jpg,800,600,False,1
19898,Val,v_2144.jpg,1000,1000,False,2
19899,Val,v_6709.jpg,800,600,False,8
19901,Val,v_740.jpg,800,600,False,1
19902,Val,v_8138.jpg,600,800,False,3
19912,Val,v_7964.jpg,800,600,False,5
19915,Val,v_3769.jpg,800,600,False,1
19925,Val,v_4518.jpg,600,800,False,60
19938,Val,v_5550.jpg,1000,1000,True,0
19939,Val,v_3157.jpg,1000,1000,False,3
19943,Val,v_2372.jpg,800,600,False,119
19950,Val,v_378.jpg,800,600,False,1
19955,Val,v_361.jpg,600,800,False,2
19956,Val,v_7007.jpg,800,600,False,7
19958,Val,v_13.jpg,1000,1000,False,32
19962,Val,v_3991.jpg,600,800,True,0
19968,Val,v_7966.jpg,600,800,False,23
19977,Val,v_2249.jpg,1000,1000,False,91
19978,Val,v_4049.jpg,600,800,False,157
19979,Val,v_1686.jpg,1000,1000,False,18
19980,Val,v_7498.jpg,1000,1000,False,2
19982,Val,v_2024.jpg,1000,1000,False,10
19993,Val,v_7877.jpg,1000,1000,False,37
19999,Val,v_4231.jpg,1000,1000,False,120
20004,Val,v_5830.jpg,1000,1000,False,45
20008,Val,v_6505.jpg,1000,1000,False,5
20010,Val,v_3744.jpg,1000,1000,True,0
20011,Val,v_7712.jpg,600,800,False,2
20018,Val,v_4449.jpg,800,600,True,0
20019,Val,v_6906.jpg,800,600,False,5
20020,Val,v_4788.jpg,1000,1000,False,5
20024,Val,v_6062.jpg,1000,1000,False,8
20036,Val,v_36.jpg,1000,1000,False,13
20039,Val,v_3427.jpg,800,600,False,3
20044,Val,v_6888.jpg,600,800,False,46
20045,Val,v_1167.jpg,600,800,False,2
20046,Val,v_2452.jpg,600,800,False,2
20059,Val,v_2307.jpg,600,800,False,11
20061,Val,v_1851.jpg,1000,1000,False,17
20062,Val,v_2805.jpg,800,600,False,16
20064,Val,v_6483.jpg,1000,1000,False,6
20068,Val,v_3233.jpg,1000,1000,False,1
20070,Val,v_6183.jpg,600,800,False,1
20073,Val,v_4275.jpg,1000,1000,False,1
20076,Val,v_6399.jpg,1000,1000,False,2
20077,Val,v_1372.jpg,600,800,False,38
20079,Val,v_1547.jpg,800,600,False,3
20081,Val,v_3144.jpg,1000,1000,False,4
20082,Val,v_6338.jpg,1000,1000,False,52
20085,Val,v_458.jpg,600,800,False,3
20092,Val,v_4095.jpg,1000,1000,False,65
20096,Val,v_4678.jpg,1000,1000,False,151
20102,Val,v_4658.jpg,1000,1000,False,5
20103,Val,v_8018.jpg,600,800,False,4
20105,Val,v_6292.jpg,800,600,False,2
20115,Val,v_4625.jpg,1000,1000,False,1
20116,Val,v_3339.jpg,600,800,False,11
20117,Val,v_5416.jpg,800,600,False,2
20121,Val,v_1838.jpg,600,800,False,2
20124,Val,v_4089.jpg,600,800,True,0
20125,Val,v_7904.jpg,1000,1000,False,26
20126,Val,v_2203.jpg,800,600,False,7
20128,Val,v_2982.jpg,600,600,True,0
20132,Val,v_1410.jpg,1000,1000,False,7
20134,Val,v_7324.jpg,1000,1000,False,34
20136,Val,v_419.jpg,1000,1000,False,2
20141,Val,v_1862.jpg,600,800,True,0
20142,Val,v_3830.jpg,1000,1000,False,2
20146,Val,v_7934.jpg,1000,1000,False,7
20147,Val,v_1399.jpg,800,600,False,18
20153,Val,v_6124.jpg,800,600,False,10
20155,Val,v_7135.jpg,600,800,False,1
20160,Val,v_7357.jpg,6000,6000,False,29
20161,Val,v_437.jpg,600,800,False,1
20164,Val,v_7159.jpg,600,800,False,4
20166,Val,v_679.jpg,1000,1000,False,23
20168,Val,v_4772.jpg,600,800,False,2
20177,Val,v_6278.jpg,600,800,False,21
20180,Val,v_3742.jpg,800,600,False,1
20183,Val,v_3452.jpg,800,600,False,9
20186,Val,v_3271.jpg,600,800,False,7
20187,Val,v_3694.jpg,600,800,False,6
20190,Val,v_8195.jpg,800,600,False,82
20194,Val,v_4377.jpg,1000,1000,False,2
20199,Val,v_5277.jpg,600,800,False,1
20200,Val,v_7541.jpg,1000,1000,False,2
20209,Val,v_2295.jpg,600,800,False,3
20213,Val,v_4335.jpg,1000,1000,False,10
20220,Val,v_7305.jpg,600,800,False,19
20226,Val,v_4761.jpg,800,600,False,4
20227,Val,v_6670.jpg,1000,1000,False,1
20230,Val,v_1866.jpg,800,600,True,0
20231,Val,v_1093.jpg,800,600,False,1
20232,Val,v_3501.jpg,600,800,False,14
20233,Val,v_2758.jpg,600,800,False,5
20236,Val,v_964.jpg,1000,1000,True,0
20246,Val,v_5914.jpg,800,600,False,13
20248,Val,v_1157.jpg,1000,1000,False,18
20250,Val,v_763.jpg,600,800,False,1
20253,Val,v_7614.jpg,1000,1000,False,14
20261,Val,v_6364.jpg,600,800,False,1
20268,Val,v_388.jpg,600,800,False,1
20269,Val,v_984.jpg,1000,1000,False,72
20272,Val,v_75.jpg,1000,1000,False,5
20274,Val,v_4667.jpg,1000,1000,False,4
20275,Val,v_3508.jpg,1000,1000,False,1
20276,Val,v_2529.jpg,600,800,False,28
20278,Val,v_2211.jpg,1000,1000,False,1
20280,Val,v_1244.jpg,800,600,False,6
20281,Val,v_6541.jpg,600,800,False,19
20285,Val,v_7133.jpg,1000,1000,False,22
20286,Val,v_5687.jpg,1000,1000,False,2
20289,Val,v_6307.jpg,600,800,False,5
20290,Val,v_3347.jpg,800,600,False,7
20293,Val,v_195.jpg,600,800,False,2
20294,Val,v_5637.jpg,1000,1000,False,8
20297,Val,v_1987.jpg,800,600,False,4
20300,Val,v_1819.jpg,800,600,False,2
20302,Val,v_2005.jpg,800,600,False,3
20303,Val,v_4099.jpg,600,800,False,1
20305,Val,v_7292.jpg,800,600,False,1
20310,Val,v_4394.jpg,800,600,False,16
20317,Val,v_1582.jpg,600,800,False,2
20318,Val,v_2865.jpg,800,600,False,1
20319,Val,v_3442.jpg,600,800,False,11
20325,Val,v_7539.jpg,600,800,True,0
20329,Val,v_8011.jpg,800,600,False,6
20334,Val,v_7913.jpg,800,600,False,1
20349,Val,v_2232.jpg,600,800,False,1
20354,Val,v_1668.jpg,1000,1000,True,0
20357,Val,v_2204.jpg,600,800,False,99
20363,Val,v_5526.jpg,800,600,False,7
20364,Val,v_3370.jpg,1000,1000,False,19
20366,Val,v_2789.jpg,600,800,False,4
20370,Val,v_3747.jpg,1000,1000,False,1
20379,Val,v_426.jpg,1000,1000,False,55
20385,Val,v_7600.jpg,800,600,False,3
20388,Val,v_2666.jpg,800,600,True,0
20391,Val,v_522.jpg,1000,1000,True,0
20392,Val,v_1723.jpg,600,800,False,1
20394,Val,v_1169.jpg,800,600,False,33
20396,Val,v_8182.jpg,1000,1000,False,4
20401,Val,v_5766.jpg,800,600,False,3
20403,Val,v_2707.jpg,800,600,False,3
20405,Val,v_6156.jpg,600,800,False,1
20407,Val,v_3369.jpg,600,800,False,2
20413,Val,v_5966.jpg,1000,1000,False,2
20414,Val,v_8282.jpg,800,600,False,1
20418,Val,v_518.jpg,800,600,False,5
20423,Val,v_7822.jpg,800,600,False,4
20428,Val,v_489.jpg,600,800,True,0
20430,Val,v_6581.jpg,1000,1000,False,2
20432,Val,v_6955.jpg,1000,1000,False,2
20442,Val,v_417.jpg,600,800,False,2
20446,Val,v_4524.jpg,1000,1000,False,2
20447,Val,v_3766.jpg,1000,1000,False,13
20451,Val,v_4762.jpg,600,800,False,2
20456,Val,v_6432.jpg,800,600,True,0
20457,Val,v_2099.jpg,800,600,False,1
20461,Val,v_1975.jpg,1000,1000,False,21
20464,Val,v_2107.jpg,800,600,False,11
20470,Val,v_5694.jpg,800,600,False,2
20472,Val,v_4790.jpg,1000,1000,False,3
20474,Val,v_3243.jpg,1000,1000,False,25
20476,Val,v_1943.jpg,800,600,False,1
20478,Val,v_240.jpg,800,600,False,1
20483,Val,v_3707.jpg,800,600,False,6
20493,Val,v_718.jpg,800,600,False,1
20494,Val,v_5371.jpg,800,600,False,2
20495,Val,v_7777.jpg,1000,1000,False,20
20497,Val,v_7528.jpg,800,600,False,3
20499,Val,v_5481.jpg,1000,1000,False,1
20502,Val,v_2938.jpg,800,600,True,0
20508,Val,v_7694.jpg,1000,1000,True,0
20509,Val,v_3184.jpg,600,800,False,122
20513,Val,v_5646.jpg,600,800,False,6
20514,Val,v_2151.jpg,1000,1000,False,1
20515,Val,v_732.jpg,600,800,False,1
20519,Val,v_4478.jpg,1000,1000,False,2
20522,Val,v_744.jpg,1000,1000,False,14
20525,Val,v_7182.jpg,800,600,True,0
20533,Val,v_1331.jpg,600,800,False,2
20538,Val,v_866.jpg,1000,1000,False,1
20544,Val,v_8073.jpg,1000,1000,False,1
20545,Val,v_5848.jpg,800,600,False,1
20546,Val,v_8059.jpg,800,600,False,5
20549,Val,v_2247.jpg,1000,1000,False,1
20552,Val,v_7769.jpg,1000,1000,False,4
20554,Val,v_5690.jpg,1000,1000,False,1
20555,Val,v_2908.jpg,1000,1000,False,4
20556,Val,v_203.jpg,800,600,False,4
20558,Val,v_7471.jpg,1000,1000,False,5
20559,Val,v_6253.jpg,800,600,False,3
20560,Val,v_2868.jpg,800,600,False,1
20564,Val,v_3460.jpg,1000,1000,False,1
20568,Val,v_1113.jpg,800,600,True,0
20570,Val,v_717.jpg,1000,1000,False,3
20571,Val,v_6207.jpg,800,600,False,2
20577,Val,v_1737.jpg,1000,1000,False,2
20578,Val,v_88.jpg,600,800,False,1
20581,Val,v_3047.jpg,600,800,True,0
20586,Val,v_1309.jpg,600,800,False,1
20588,Val,v_5288.jpg,1000,1000,False,37
20593,Val,v_7414.jpg,800,600,False,6
20595,Val,v_6858.jpg,600,800,False,3
20596,Val,v_1884.jpg,1000,1000,True,0
20601,Val,v_4618.jpg,1000,1000,False,1
20602,Val,v_3268.jpg,600,800,False,2
20604,Val,v_6851.jpg,800,600,False,3
20606,Val,v_8040.jpg,600,800,False,1
20607,Val,v_2729.jpg,800,600,False,5
20609,Val,v_4866.jpg,1000,1000,False,24
20610,Val,v_7699.jpg,600,800,False,1
20611,Val,v_4393.jpg,1000,1000,False,2
20615,Val,v_1259.jpg,600,800,False,10
20618,Val,v_4273.jpg,1000,1000,False,3
20619,Val,v_5886.jpg,800,600,False,6
20622,Val,v_823.jpg,800,600,False,12
20625,Val,v_1525.jpg,800,600,False,1
20630,Val,v_8256.jpg,1000,1000,True,0
20631,Val,v_5922.jpg,600,800,False,44
20636,Val,v_8.jpg,800,600,False,1
20639,Val,v_1018.jpg,1000,1000,False,3
20642,Val,v_4804.jpg,1000,1000,False,1
20643,Val,v_7538.jpg,800,600,False,1
20661,Val,v_5736.jpg,600,800,False,3
20663,Val,v_7796.jpg,600,800,False,26
20668,Val,v_1581.jpg,1000,1000,False,1
20671,Val,v_6933.jpg,800,600,False,14
20672,Val,v_1971.jpg,600,800,False,1
20674,Val,v_6823.jpg,1000,1000,False,7
20675,Val,v_5864.jpg,600,800,False,1
20677,Val,v_3510.jpg,800,600,False,1
20679,Val,v_4203.jpg,600,800,False,1
20681,Val,v_7483.jpg,600,800,False,1
20682,Val,v_3967.jpg,800,600,True,0
20685,Val,v_401.jpg,7000,7000,False,13
20692,Val,v_7514.jpg,1000,1000,False,4
20696,Val,v_4351.jpg,1000,1000,False,1
20697,Val,v_978.jpg,600,800,False,2
20702,Val,v_2198.jpg,800,600,False,1
20705,Val,v_6716.jpg,800,600,False,6
20706,Val,v_3309.jpg,600,800,False,8
20708,Val,v_2010.jpg,600,800,False,1
20712,Val,v_3084.jpg,600,800,False,2
20718,Val,v_6722.jpg,800,600,False,1
20720,Val,v_2163.jpg,800,600,False,1
20722,Val,v_6768.jpg,800,600,False,1
20723,Val,v_5553.jpg,800,600,False,1
20724,Val,v_7497.jpg,800,600,False,6
20725,Val,v_7989.jpg,1000,1000,False,1
20730,Val,v_8141.jpg,600,800,False,13
20731,Val,v_4410.jpg,1000,1000,False,9
20737,Val,v_4282.jpg,1000,1000,False,6
20739,Val,v_768.jpg,600,600,True,0
20740,Val,v_8260.jpg,800,600,False,2
20743,Val,v_6188.jpg,1000,1000,False,35
20746,Val,v_7322.jpg,800,600,False,3
20748,Val,v_3684.jpg,600,800,False,4
20750,Val,v_4839.jpg,1000,1000,True,0
20751,Val,v_7121.jpg,1000,1000,False,10
20753,Val,v_2514.jpg,800,600,False,4
20756,Val,v_3359.jpg,1000,1000,False,14
20757,Val,v_2992.jpg,1000,1000,True,0
20760,Val,v_5097.jpg,1000,1000,False,12
20763,Val,v_1944.jpg,1000,1000,False,1
20764,Val,v_3895.jpg,600,800,False,13
20768,Val,v_3934.jpg,600,800,False,2
20769,Val,v_5673.jpg,800,600,False,3
20771,Val,v_1009.jpg,1000,1000,False,1
20772,Val,v_7439.jpg,1000,1000,False,1
20773,Val,v_537.jpg,6000,6000,False,109
20774,Val,v_6751.jpg,800,600,False,22
20777,Val,v_57.jpg,1000,1000,False,3
20779,Val,v_2565.jpg,1000,1000,True,0
20781,Val,v_7418.jpg,800,600,False,1
20782,Val,v_4740.jpg,800,600,False,7
20783,Val,v_2351.jpg,1000,1000,True,0
20786,Val,v_3294.jpg,800,600,False,1
20790,Val,v_7623.jpg,600,800,False,8
20792,Val,v_1926.jpg,800,600,False,8
20793,Val,v_7141.jpg,600,800,True,0
20803,Val,v_7531.jpg,1000,1000,False,1
20805,Val,v_4885.jpg,1000,1000,False,3
20807,Val,v_2748.jpg,600,800,False,1
20809,Val,v_482.jpg,1000,1000,True,0
20811,Val,v_5696.jpg,800,600,False,3
20816,Val,v_5220.jpg,600,800,False,14
20819,Val,v_5746.jpg,1000,1000,True,0
20821,Val,v_914.jpg,800,600,False,3
20831,Val,v_4239.jpg,1000,1000,True,0
20834,Val,v_2129.jpg,1000,1000,False,79
20838,Val,v_6912.jpg,800,600,False,1
20839,Val,v_3981.jpg,1000,1000,False,10
20853,Val,v_7120.jpg,1000,1000,False,1
20854,Val,v_6025.jpg,600,800,False,3
20855,Val,v_3394.jpg,1000,1000,False,1
20857,Val,v_957.jpg,1000,1000,False,5
20862,Val,v_4883.jpg,600,800,False,1
20864,Val,v_6490.jpg,1000,1000,False,3
20866,Val,v_4958.jpg,600,800,False,1
20869,Val,v_5752.jpg,600,800,False,1
20872,Val,v_4198.jpg,1000,1000,False,28
20877,Val,v_6757.jpg,600,800,True,0
20880,Val,v_8193.jpg,800,600,False,2
20881,Val,v_7308.jpg,1000,1000,False,2
20882,Val,v_6947.jpg,1000,1000,False,5
20885,Val,v_4911.jpg,600,800,False,26
20889,Val,v_6087.jpg,1000,1000,False,1
20895,Val,v_2012.jpg,800,600,False,6
20898,Val,v_3500.jpg,800,600,False,1
20903,Val,v_2714.jpg,1000,1000,False,20
20913,Val,v_5107.jpg,800,600,False,4
20916,Val,v_2718.jpg,1000,1000,False,2
20918,Val,v_5248.jpg,800,600,False,13
20922,Val,v_4066.jpg,600,800,False,2
20926,Val,v_2587.jpg,600,800,False,2
20928,Val,v_7619.jpg,600,800,False,22
20929,Val,v_6975.jpg,1000,1000,False,40
20933,Val,v_7012.jpg,1000,1000,False,5
20934,Val,v_3737.jpg,1000,1000,False,1
20935,Val,v_969.jpg,1000,1000,False,18
20937,Val,v_1625.jpg,600,800,False,2
20939,Val,v_8209.jpg,800,600,False,6
20944,Val,v_1129.jpg,800,600,False,74
20947,Val,v_2623.jpg,1000,1000,False,21
20949,Val,v_3073.jpg,1000,1000,False,2
20952,Val,v_2985.jpg,600,800,False,3
20955,Val,v_4568.jpg,600,800,False,35
20960,Val,v_379.jpg,800,600,False,30
20961,Val,v_807.jpg,1000,1000,False,4
20962,Val,v_3797.jpg,1000,1000,False,1
20963,Val,v_2695.jpg,800,600,False,2
20964,Val,v_5698.jpg,600,800,False,3
20965,Val,v_6939.jpg,600,800,False,1
20972,Val,v_2433.jpg,1000,1000,False,2
20975,Val,v_255.jpg,1000,1000,False,1
20978,Val,v_2381.jpg,1000,1000,False,47
20979,Val,v_1877.jpg,600,800,False,1
20980,Val,v_3267.jpg,1000,1000,False,1
20981,Val,v_3141.jpg,800,600,False,1
20983,Val,v_1720.jpg,800,600,True,0
20984,Val,v_2264.jpg,800,600,False,12
20987,Val,v_4127.jpg,600,800,False,6
20988,Val,v_2252.jpg,1000,1000,False,4
20991,Val,v_2358.jpg,1000,1000,False,11
20993,Val,v_3777.jpg,1000,1000,False,1
20994,Val,v_3125.jpg,1000,1000,False,6
20997,Val,v_1373.jpg,1000,1000,False,35
20999,Val,v_179.jpg,600,800,False,3
21002,Val,v_6236.jpg,600,800,False,18
21003,Val,v_6298.jpg,1000,1000,False,11
21004,Val,v_5533.jpg,1000,1000,False,3
21007,Val,v_5829.jpg,1000,1000,False,1
21009,Val,v_4892.jpg,800,600,False,11
21010,Val,v_5730.jpg,600,800,False,1
21013,Val,v_1155.jpg,1000,1000,False,22
21014,Val,v_5631.jpg,600,800,False,4
21016,Val,v_102.jpg,1000,1000,False,2
21019,Val,v_7335.jpg,800,600,False,1
21020,Val,v_6164.jpg,600,800,False,17
21023,Val,v_6449.jpg,800,600,False,7
21025,Val,v_1676.jpg,800,600,False,19
21027,Val,v_5495.jpg,800,600,False,20
21028,Val,v_4426.jpg,800,600,False,14
21030,Val,v_7730.jpg,1000,1000,False,3
21031,Val,v_6289.jpg,1000,1000,False,13
21049,Val,v_3691.jpg,600,800,False,2
21063,Val,v_5165.jpg,800,600,True,0
21068,Val,v_3239.jpg,1000,1000,True,0
21070,Val,v_1778.jpg,800,600,False,7
21073,Val,v_6097.jpg,1000,1000,False,1
21075,Val,v_4613.jpg,600,800,False,5
21078,Val,v_5516.jpg,1000,1000,True,0
21080,Val,v_1035.jpg,600,800,True,0
21095,Val,v_4939.jpg,600,800,False,1
21099,Val,v_4566.jpg,1000,1000,False,1
21110,Val,v_3223.jpg,1000,1000,False,21
21111,Val,v_2495.jpg,800,600,True,0
21113,Val,v_3075.jpg,1000,1000,False,26
21115,Val,v_829.jpg,600,800,False,4
21117,Val,v_5339.jpg,600,800,False,1
21122,Val,v_4030.jpg,1000,1000,False,4
21129,Val,v_5645.jpg,1000,1000,False,19
21131,Val,v_5928.jpg,1000,1000,False,7
21135,Val,v_5373.jpg,1000,1000,False,4
21137,Val,v_6502.jpg,800,600,True,0
21138,Val,v_6991.jpg,1000,1000,False,5
21141,Val,v_5606.jpg,600,800,False,5
21146,Val,v_3720.jpg,1000,1000,False,2
21148,Val,v_4024.jpg,1000,1000,False,1
21150,Val,v_7577.jpg,1000,1000,False,2
21151,Val,v_5115.jpg,800,600,False,3
21152,Val,v_2322.jpg,1000,1000,False,11
21160,Val,v_6683.jpg,1000,1000,False,29
21168,Val,v_3374.jpg,1000,1000,False,16
21170,Val,v_3367.jpg,1000,1000,False,17
21172,Val,v_1481.jpg,800,600,False,11
21173,Val,v_3012.jpg,1000,1000,True,0
21176,Val,v_5726.jpg,800,600,False,1
21178,Val,v_924.jpg,800,600,False,3
21179,Val,v_5484.jpg,800,600,False,1
21180,Val,v_7487.jpg,600,800,False,4
21184,Val,v_1261.jpg,1000,1000,False,7
21187,Val,v_7624.jpg,800,600,False,2
21188,Val,v_6607.jpg,1000,1000,False,19
21192,Val,v_8165.jpg,800,600,True,0
21198,Val,v_7892.jpg,800,600,False,4
21206,Val,v_7216.jpg,600,800,False,1
21209,Val,v_2323.jpg,1000,1000,False,20
21212,Val,v_568.jpg,800,600,True,0
21217,Val,v_2253.jpg,600,800,False,63
21220,Val,v_1770.jpg,800,600,False,52
21223,Val,v_900.jpg,600,800,False,10
21225,Val,v_6617.jpg,1000,1000,False,11
21228,Val,v_1995.jpg,600,800,False,2
21229,Val,v_4744.jpg,800,600,False,1
21232,Val,v_3100.jpg,600,800,True,0
21233,Val,v_422.jpg,1000,1000,False,2
21234,Val,v_5226.jpg,600,800,False,1
21243,Val,v_7220.jpg,1000,1000,False,2
21244,Val,v_2668.jpg,1000,1000,False,3
21246,Val,v_6568.jpg,1000,1000,False,126
21248,Val,v_2245.jpg,1000,1000,False,11
21249,Val,v_2304.jpg,1000,1000,False,36
21255,Val,v_139.jpg,600,800,False,4
21256,Val,v_7214.jpg,1000,1000,False,1
21258,Val,v_6032.jpg,600,800,False,3
21263,Val,v_7504.jpg,1000,1000,False,1
21276,Val,v_5448.jpg,1000,1000,False,9
21277,Val,v_3107.jpg,800,600,False,1
21278,Val,v_3027.jpg,600,800,False,4
21280,Val,v_2315.jpg,600,800,False,2
21281,Val,v_1076.jpg,1000,1000,False,1
21285,Val,v_5868.jpg,800,600,False,11
21289,Val,v_6842.jpg,800,600,False,2
21293,Val,v_2802.jpg,800,600,False,5
21294,Val,v_4815.jpg,1000,1000,False,1
21302,Val,v_7271.jpg,800,600,False,36
21304,Val,v_5140.jpg,600,800,True,0
21311,Val,v_6309.jpg,1000,1000,False,9
21312,Val,v_5396.jpg,600,800,False,14
21314,Val,v_2639.jpg,1000,1000,False,6
21319,Val,v_7109.jpg,1000,1000,False,3
21321,Val,v_6929.jpg,1000,1000,False,8
21324,Val,v_6244.jpg,1000,1000,False,1
21325,Val,v_5052.jpg,600,800,True,0
21326,Val,v_7998.jpg,1000,1000,False,1
21331,Val,v_645.jpg,800,600,False,1
21333,Val,v_8032.jpg,1000,1000,False,10
21334,Val,v_4086.jpg,600,800,False,1
21335,Val,v_485.jpg,600,800,False,2
21336,Val,v_3283.jpg,1000,1000,False,4
21338,Val,v_2969.jpg,800,600,False,17
21339,Val,v_1962.jpg,1000,1000,True,0
21348,Val,v_4717.jpg,1000,1000,False,22
21351,Val,v_2651.jpg,1000,1000,False,11
21352,Val,v_6093.jpg,800,600,False,2
21354,Val,v_1202.jpg,1000,1000,False,13
21356,Val,v_7572.jpg,800,600,False,2
21358,Val,v_4673.jpg,800,600,True,0
21363,Val,v_594.jpg,800,600,False,4
21365,Val,v_852.jpg,1000,1000,False,1
21367,Val,v_5942.jpg,1000,1000,False,54
21370,Val,v_6273.jpg,800,600,False,3
21372,Val,v_4263.jpg,600,800,False,8
21376,Val,v_2966.jpg,800,600,False,2
21379,Val,v_5350.jpg,1000,1000,False,1
21381,Val,v_7466.jpg,800,600,False,2
21385,Val,v_39.jpg,1000,1000,False,3
21386,Val,v_5768.jpg,1000,1000,False,3
21389,Val,v_5649.jpg,800,600,False,1
21391,Val,v_4616.jpg,1000,1000,False,24
21393,Val,v_4248.jpg,1000,1000,False,68
21395,Val,v_3978.jpg,800,600,False,4
21399,Val,v_6404.jpg,1000,1000,False,1
21401,Val,v_2680.jpg,800,600,False,3
21406,Val,v_2456.jpg,1000,1000,True,0
21411,Val,v_3761.jpg,1000,1000,False,1
21412,Val,v_3855.jpg,1000,1000,False,1
21413,Val,v_4575.jpg,800,600,False,1
21415,Val,v_5713.jpg,1000,1000,False,2
21417,Val,v_3222.jpg,800,600,False,1
21419,Val,v_2340.jpg,1000,1000,False,2
21424,Val,v_2949.jpg,1000,1000,False,11
21426,Val,v_8121.jpg,1000,1000,False,2
21427,Val,v_6770.jpg,1000,1000,False,3
21435,Val,v_4349.jpg,600,800,False,4
21438,Val,v_3108.jpg,7000,7000,True,0
21443,Val,v_2959.jpg,1000,1000,False,10
21445,Val,v_447.jpg,600,800,False,9
21446,Val,v_7671.jpg,600,800,False,1
21453,Val,v_2519.jpg,800,600,False,1
21457,Val,v_2835.jpg,800,600,False,2
21464,Val,v_1874.jpg,600,800,False,3
21468,Val,v_1239.jpg,800,600,False,20
21473,Val,v_4943.jpg,800,600,False,3
21476,Val,v_6866.jpg,600,800,False,1
21479,Val,v_3022.jpg,800,600,False,1
21481,Val,v_7259.jpg,1000,1000,False,10
21482,Val,v_5943.jpg,800,600,False,3
21483,Val,v_1336.jpg,1000,1000,True,0
21484,Val,v_6034.jpg,1000,1000,False,1
21486,Val,v_2804.jpg,600,800,False,4
21490,Val,v_2379.jpg,1000,1000,False,2
21497,Val,v_7365.jpg,800,600,False,6
21501,Val,v_2036.jpg,1000,1000,False,18
21503,Val,v_1152.jpg,1000,1000,False,4
21507,Val,v_2325.jpg,600,800,False,2
21509,Val,v_3123.jpg,600,800,False,1
21512,Val,v_4632.jpg,1000,1000,False,1
21519,Val,v_3526.jpg,1000,1000,False,1
21521,Val,v_6031.jpg,7000,7000,True,0
21523,Val,v_4633.jpg,1000,1000,False,1
21524,Val,v_675.jpg,600,800,True,0
21530,Val,v_6228.jpg,600,800,False,4
21532,Val,v_8080.jpg,1000,1000,False,1
21539,Val,v_7571.jpg,800,600,False,5
21541,Val,v_6613.jpg,800,600,False,1
21542,Val,v_3614.jpg,600,800,True,0
21544,Val,v_7975.jpg,800,600,False,3
21547,Val,v_7688.jpg,800,600,False,43
21548,Val,v_7936.jpg,800,600,True,0
21554,Val,v_5837.jpg,1000,1000,False,36
21560,Val,v_6972.jpg,800,600,False,1
21562,Val,v_7148.jpg,600,800,False,16
21563,Val,v_4739.jpg,600,800,False,21
21565,Val,v_5761.jpg,600,800,False,2
21567,Val,v_1092.jpg,1000,1000,False,1
21571,Val,v_158.jpg,1000,1000,False,7
21578,Val,v_6504.jpg,600,800,False,8
21579,Val,v_5523.jpg,800,600,False,12
21582,Val,v_6567.jpg,800,600,False,2
21583,Val,v_6377.jpg,800,600,False,1
21584,Val,v_2140.jpg,600,800,False,6
21585,Val,v_4488.jpg,1000,1000,False,1
21587,Val,v_1918.jpg,600,800,False,2
21588,Val,v_4197.jpg,600,800,False,3
21590,Val,v_7655.jpg,600,800,False,1
21592,Val,v_6372.jpg,800,600,False,32
21595,Val,v_4842.jpg,1000,1000,False,6
21597,Val,v_1447.jpg,600,800,False,4
21598,Val,v_7051.jpg,1000,1000,False,2
21600,Val,v_5883.jpg,600,800,False,3
21601,Val,v_1837.jpg,1000,1000,False,189
21602,Val,v_4582.jpg,1000,1000,False,1
21607,Val,v_2487.jpg,1000,1000,False,1
21615,Val,v_2970.jpg,600,800,False,2
21617,Val,v_5361.jpg,600,800,False,1
21618,Val,v_8146.jpg,800,600,False,6
21620,Val,v_6453.jpg,800,600,True,0
21621,Val,v_958.jpg,600,800,False,2
21622,Val,v_285.jpg,6000,6000,False,17
21625,Val,v_1690.jpg,600,800,True,0
21628,Val,v_5268.jpg,1000,1000,False,70
21636,Val,v_529.jpg,800,600,False,1
21637,Val,v_5349.jpg,800,600,False,2
21638,Val,v_1763.jpg,800,600,False,4
21639,Val,v_4850.jpg,600,800,True,0
21640,Val,v_4456.jpg,1000,1000,False,1
21644,Val,v_7535.jpg,1000,1000,False,4
21646,Val,v_3617.jpg,6000,6000,False,56
21648,Val,v_3217.jpg,600,800,True,0
21649,Val,v_6864.jpg,1000,1000,False,14
21650,Val,v_4139.jpg,800,600,False,5
21652,Val,v_2354.jpg,800,600,False,3
21656,Val,v_5603.jpg,800,600,False,5
21658,Val,v_5601.jpg,1000,1000,False,1
21662,Val,v_490.jpg,1000,1000,False,2
21663,Val,v_7501.jpg,800,600,False,6
21667,Val,v_1752.jpg,800,600,False,6
21668,Val,v_7211.jpg,1000,1000,False,1
21669,Val,v_2154.jpg,800,600,True,0
21673,Val,v_6123.jpg,1000,1000,False,1
21676,Val,v_954.jpg,1000,1000,False,14
21681,Val,v_6030.jpg,800,600,False,2
21684,Val,v_8225.jpg,800,600,False,2
21687,Val,v_211.jpg,1000,1000,False,6
21688,Val,v_2581.jpg,800,600,False,2
21690,Val,v_5219.jpg,800,600,False,8
21693,Val,v_2342.jpg,1000,1000,False,1
21695,Val,v_2932.jpg,600,800,False,1
21699,Val,v_7394.jpg,800,600,False,2
21701,Val,v_2474.jpg,600,800,False,2
21702,Val,v_4352.jpg,600,800,False,2
21703,Val,v_319.jpg,4000,4000,False,219
21706,Val,v_6168.jpg,1000,1000,False,1
21708,Val,v_4057.jpg,600,800,False,11
21711,Val,v_8056.jpg,800,600,False,5
21713,Val,v_1053.jpg,600,800,False,27
21718,Val,v_1731.jpg,1000,1000,False,2
21721,Val,v_1332.jpg,1000,1000,True,0
21725,Val,v_7592.jpg,1000,1000,False,1
21726,Val,v_6794.jpg,1000,1000,False,240
21733,Val,v_1755.jpg,800,600,False,1
21734,Val,v_1451.jpg,800,600,False,76
21738,Val,v_5999.jpg,1000,1000,False,42
21739,Val,v_2186.jpg,1000,1000,False,1
21741,Val,v_2367.jpg,800,600,False,1
21745,Val,v_2522.jpg,600,800,False,1
21751,Val,v_2248.jpg,800,600,False,6
21759,Val,v_6195.jpg,600,800,False,1
21769,Val,v_97.jpg,1000,1000,False,8
21772,Val,v_134.jpg,1000,1000,False,1
21773,Val,v_601.jpg,1000,1000,False,1
21774,Val,v_4058.jpg,600,800,False,4
21780,Val,v_1604.jpg,1000,1000,True,0
21781,Val,v_1721.jpg,600,800,False,2
21788,Val,v_8226.jpg,600,800,False,1
21789,Val,v_1385.jpg,1000,1000,False,10
21790,Val,v_6599.jpg,600,800,False,2
21791,Val,v_5487.jpg,800,600,False,2
21792,Val,v_3128.jpg,600,800,False,21
21795,Val,v_5963.jpg,600,800,False,8
21796,Val,v_8075.jpg,1000,1000,False,6
21797,Val,v_4599.jpg,800,600,False,7
21802,Val,v_7386.jpg,1000,1000,False,27
21803,Val,v_8049.jpg,600,800,False,172
21804,Val,v_351.jpg,1000,1000,False,1
21808,Val,v_3236.jpg,800,600,False,9
21822,Val,v_790.jpg,800,600,False,1
21826,Val,v_3199.jpg,600,800,False,2
21830,Val,v_3390.jpg,1000,1000,False,5
21835,Val,v_683.jpg,1000,1000,False,1
21838,Val,v_6872.jpg,6000,6000,False,27
21841,Val,v_3613.jpg,600,800,False,20
21846,Val,v_5173.jpg,800,600,False,2
21848,Val,v_738.jpg,800,600,False,3
21852,Val,v_463.jpg,800,600,False,6
21854,Val,v_7014.jpg,600,800,False,3
21855,Val,v_6014.jpg,600,800,False,3
21858,Val,v_5620.jpg,1000,1000,False,1
21860,Val,v_7087.jpg,1000,1000,False,1
21863,Val,v_6711.jpg,1000,1000,False,1
21873,Val,v_5870.jpg,1000,1000,False,14
21876,Val,v_5022.jpg,800,600,False,2
21877,Val,v_608.jpg,600,800,False,1
21879,Val,v_5987.jpg,1000,1000,False,3
21885,Val,v_1811.jpg,600,800,True,0
21888,Val,v_2759.jpg,1000,1000,False,12
21890,Val,v_1757.jpg,800,600,False,1
21891,Val,v_2183.jpg,600,800,False,4
21894,Val,v_3085.jpg,4000,3422,False,83
21895,Val,v_5221.jpg,600,800,False,3
21897,Val,v_4693.jpg,600,800,True,0
21902,Val,v_3964.jpg,1000,1000,False,1
21906,Val,v_3298.jpg,800,800,True,0
21907,Val,v_2793.jpg,1000,1000,False,4
21908,Val,v_5231.jpg,1000,1000,False,10
21909,Val,v_4092.jpg,600,800,False,1
21910,Val,v_268.jpg,1000,1000,False,34
21915,Val,v_396.jpg,800,600,False,6
21917,Val,v_4032.jpg,1000,1000,True,0
21918,Val,v_8280.jpg,600,800,False,9
21922,Val,v_5251.jpg,600,800,False,2
21924,Val,v_4486.jpg,800,600,False,3
21928,Val,v_4800.jpg,800,600,False,6
21933,Val,v_1726.jpg,800,600,False,1
21934,Val,v_1082.jpg,1000,1000,False,46
21937,Val,v_3341.jpg,1000,1000,False,14
21938,Val,v_7872.jpg,600,800,False,5
21939,Val,v_4466.jpg,1000,1000,False,16
21940,Val,v_7696.jpg,1000,1000,False,1
21942,Val,v_6115.jpg,600,800,False,1
21948,Val,v_6638.jpg,800,600,False,3
21950,Val,v_5547.jpg,600,800,False,7
21951,Val,v_5133.jpg,800,600,False,3
21953,Val,v_6668.jpg,600,800,False,3
21954,Val,v_7206.jpg,800,600,False,41
21956,Val,v_4158.jpg,1000,1000,False,1
21957,Val,v_7132.jpg,600,800,False,7
21962,Val,v_6703.jpg,1000,1000,False,1
21965,Val,v_727.jpg,600,800,False,1
21966,Val,v_7931.jpg,1000,1000,False,1
21969,Val,v_6373.jpg,1000,1000,False,10
21971,Val,v_584.jpg,800,600,False,2
21972,Val,v_5074.jpg,1000,1000,False,3
21974,Val,v_7990.jpg,600,800,False,4
21977,Val,v_5222.jpg,800,600,False,2
21979,Val,v_55.jpg,1000,1000,False,1
21982,Val,v_3800.jpg,600,800,False,4
21985,Val,v_6302.jpg,1000,1000,False,2
21986,Val,v_5232.jpg,800,600,False,2
21990,Val,v_2528.jpg,1000,1000,False,12
21997,Val,v_1822.jpg,1000,1000,False,19
21998,Val,v_332.jpg,600,800,False,2
21999,Val,v_5551.jpg,1000,1000,False,9
22001,Val,v_776.jpg,600,800,False,3
22007,Val,v_7856.jpg,1000,1000,False,3
22009,Val,v_231.jpg,1000,1000,False,1
22019,Val,v_2400.jpg,1000,1000,False,1
22021,Val,v_5388.jpg,800,600,True,0
22022,Val,v_6529.jpg,800,600,False,2
22023,Val,v_6548.jpg,800,600,False,1
22025,Val,v_6356.jpg,800,600,True,0
22026,Val,v_5309.jpg,800,600,True,0
22029,Val,v_3209.jpg,1000,1000,False,1
22032,Val,v_7127.jpg,800,600,False,42
22036,Val,v_256.jpg,1000,1000,False,3
22037,Val,v_7540.jpg,1000,1000,False,1
22039,Val,v_3333.jpg,1000,1000,False,1
22043,Val,v_2329.jpg,1000,1000,True,0
22044,Val,v_5796.jpg,800,600,False,5
22045,Val,v_4010.jpg,800,600,False,1
22056,Val,v_5633.jpg,1000,1000,False,2
22058,Val,v_7393.jpg,800,600,False,1
22061,Val,v_2813.jpg,1000,1000,False,37
22062,Val,v_6260.jpg,1000,1000,False,23
22063,Val,v_4705.jpg,800,600,False,1
22064,Val,v_453.jpg,1000,1000,True,0
22066,Val,v_7456.jpg,600,800,False,3
22070,Val,v_4332.jpg,1000,1000,False,1
22080,Val,v_7353.jpg,1000,1000,False,47
22090,Val,v_1419.jpg,800,600,False,37
22100,Val,v_4283.jpg,1000,1000,False,3
22102,Val,v_540.jpg,1000,1000,False,6
22105,Val,v_5109.jpg,600,800,False,2
22106,Val,v_504.jpg,800,600,False,1
22108,Val,v_3921.jpg,800,600,False,6
22109,Val,v_7164.jpg,800,600,False,8
22118,Val,v_7811.jpg,600,800,False,2
22119,Val,v_5727.jpg,1000,1000,False,58
22120,Val,v_7715.jpg,600,800,False,1
22121,Val,v_2555.jpg,600,800,False,4
22124,Val,v_2812.jpg,800,600,False,2
22125,Val,v_6455.jpg,1000,1000,False,16
22129,Val,v_4689.jpg,600,800,False,3
22130,Val,v_4280.jpg,1000,1000,False,1
22131,Val,v_6152.jpg,1000,1000,True,0
22134,Val,v_6305.jpg,800,600,False,3
22141,Val,v_4888.jpg,1000,1000,True,0
22145,Val,v_204.jpg,1000,1000,False,2
22147,Val,v_2344.jpg,800,600,False,4
22149,Val,v_6495.jpg,800,600,False,11
22150,Val,v_1131.jpg,800,600,False,1
22155,Val,v_8232.jpg,1000,1000,False,8
22157,Val,v_5860.jpg,1000,1000,False,8
22158,Val,v_7070.jpg,600,800,False,23
22159,Val,v_7415.jpg,600,800,False,4
22160,Val,v_1909.jpg,800,600,False,1
22163,Val,v_4205.jpg,800,600,False,4
22167,Val,v_6243.jpg,1000,1000,False,11
22169,Val,v_2459.jpg,800,600,False,9
22171,Val,v_6974.jpg,600,800,False,29
22172,Val,v_6572.jpg,1000,1000,False,2
22181,Val,v_4907.jpg,1000,1000,False,1
22184,Val,v_6402.jpg,1000,1000,False,1
22187,Val,v_6580.jpg,1000,1000,False,1
22188,Val,v_3522.jpg,800,600,False,1
22195,Val,v_8053.jpg,600,800,False,5
22196,Val,v_6710.jpg,800,600,False,88
22197,Val,v_4711.jpg,600,800,False,9
22198,Val,v_5253.jpg,1000,1000,False,1
22201,Val,v_4917.jpg,800,600,False,1
22208,Val,v_6860.jpg,1000,1000,False,3
22211,Val,v_3700.jpg,1000,1000,False,1
22215,Val,v_3772.jpg,600,800,False,6
22221,Val,v_5502.jpg,600,800,False,1
22222,Val,v_558.jpg,800,600,False,1
22223,Val,v_206.jpg,1000,1000,False,3
22224,Val,v_5387.jpg,1000,1000,False,1
22226,Val,v_5262.jpg,1000,1000,False,122
22227,Val,v_7295.jpg,600,800,False,3
22228,Val,v_2809.jpg,1000,1000,False,8
22235,Val,v_1380.jpg,600,800,False,6
22236,Val,v_8139.jpg,600,800,False,1
22239,Val,v_8221.jpg,800,600,False,3
22245,Val,v_2951.jpg,600,800,False,11
22251,Val,v_3321.jpg,800,600,False,2
22252,Val,v_3903.jpg,800,600,False,1
22253,Val,v_1148.jpg,800,600,False,7
22256,Val,v_4279.jpg,600,800,False,1
22260,Val,v_2773.jpg,600,800,False,1
22261,Val,v_5151.jpg,600,800,False,1
22262,Val,v_8136.jpg,800,600,False,53
22263,Val,v_2972.jpg,1000,1000,False,1
22264,Val,v_2214.jpg,800,600,False,2
22268,Val,v_1351.jpg,1000,1000,False,27
22269,Val,v_8190.jpg,1000,1000,False,157
22275,Val,v_7309.jpg,600,800,False,1
22280,Val,v_425.jpg,800,600,False,6
22287,Val,v_7302.jpg,1000,1000,False,5
22293,Val,v_4400.jpg,1000,1000,False,1
22294,Val,v_1480.jpg,800,600,False,1
22295,Val,v_5363.jpg,1000,1000,False,35
22298,Val,v_200.jpg,600,800,False,16
22299,Val,v_798.jpg,800,600,False,57
22302,Val,v_3454.jpg,600,800,False,10
22303,Val,v_20.jpg,1000,1000,False,6
22305,Val,v_4073.jpg,1000,1000,False,1
22309,Val,v_5700.jpg,1000,1000,False,6
22310,Val,v_1959.jpg,600,800,False,1
22312,Val,v_7430.jpg,1000,1000,False,1
22321,Val,v_6413.jpg,600,800,False,1
22322,Val,v_2241.jpg,1000,1000,False,16
22326,Val,v_1350.jpg,800,600,False,5
22329,Val,v_6928.jpg,600,800,False,1
22332,Val,v_5127.jpg,1000,1000,False,1
22337,Val,v_3636.jpg,800,600,False,10
22338,Val,v_6982.jpg,800,600,False,19
22345,Val,v_6157.jpg,800,600,False,4
22354,Val,v_4106.jpg,1000,1000,False,2
22355,Val,v_3575.jpg,6000,6000,False,89
22357,Val,v_1861.jpg,600,800,False,2
22359,Val,v_2509.jpg,600,800,False,15
22363,Val,v_2788.jpg,1000,1000,False,3
22364,Val,v_467.jpg,600,800,False,4
22368,Val,v_2084.jpg,800,600,False,1
22370,Val,v_2595.jpg,800,600,True,0
22375,Val,v_2118.jpg,1000,1000,False,8
22381,Val,v_1496.jpg,600,800,False,5
22382,Val,v_1124.jpg,1000,1000,False,8
22391,Val,v_6227.jpg,1000,1000,False,2
22394,Val,v_2053.jpg,600,800,True,0
22397,Val,v_4830.jpg,600,800,True,0
22400,Val,v_3735.jpg,1000,1000,False,1
22405,Val,v_1687.jpg,800,600,False,3
22406,Val,v_2852.jpg,800,600,True,0
22408,Val,v_2726.jpg,800,600,False,2
22409,Val,v_6045.jpg,600,800,False,8
22413,Val,v_4731.jpg,800,600,False,2
22418,Val,v_5739.jpg,1000,1000,False,3
22419,Val,v_3480.jpg,600,800,False,1
22420,Val,v_1358.jpg,1000,1000,False,10
22422,Val,v_4505.jpg,600,800,False,1
22423,Val,v_7880.jpg,600,800,False,15
22425,Val,v_3444.jpg,1000,1000,True,0
22429,Val,v_5360.jpg,600,800,False,5
22430,Val,v_6966.jpg,1000,1000,False,9
22431,Val,v_5849.jpg,800,600,False,2
22436,Val,v_2420.jpg,600,800,False,13
22438,Val,v_7663.jpg,800,600,False,1
22440,Val,v_5758.jpg,1000,1000,True,0
22442,Val,v_8156.jpg,1000,1000,False,6
22445,Val,v_4322.jpg,800,600,False,1
22449,Val,v_8147.jpg,800,600,False,5
22452,Val,v_6899.jpg,800,600,True,0
22454,Val,v_7360.jpg,1000,1000,False,3
22456,Val,v_8274.jpg,600,800,False,11
22459,Val,v_7950.jpg,800,600,False,59
22460,Val,v_3767.jpg,1000,1000,False,8
22461,Val,v_2068.jpg,1000,1000,False,8
22462,Val,v_7632.jpg,1000,1000,False,1
22466,Val,v_2194.jpg,2676,5836,True,0
22467,Val,v_543.jpg,800,600,False,1
22469,Val,v_2492.jpg,1000,1000,False,3
22470,Val,v_5925.jpg,800,600,False,1
22471,Val,v_6233.jpg,600,800,False,10
22472,Val,v_7664.jpg,800,600,False,1
22474,Val,v_3314.jpg,1000,1000,True,0
22475,Val,v_2445.jpg,600,800,False,3
22478,Val,v_8191.jpg,600,800,False,27
22482,Val,v_192.jpg,1000,1000,False,3
22485,Val,v_3477.jpg,1000,1000,False,6
22486,Val,v_72.jpg,600,800,False,5
22492,Val,v_3673.jpg,600,800,False,79
22495,Val,v_4272.jpg,1000,1000,False,1
22497,Val,v_124.jpg,600,800,True,0
22498,Val,v_7679.jpg,1000,1000,False,8
22502,Val,v_3784.jpg,600,800,False,15
22503,Val,v_7549.jpg,600,800,False,2
22512,Val,v_5960.jpg,1000,1000,False,3
22516,Val,v_1020.jpg,600,800,True,0
22521,Val,v_6220.jpg,800,600,False,2
22522,Val,v_772.jpg,800,600,False,37
22529,Val,v_236.jpg,800,600,True,0
22532,Val,v_6024.jpg,800,600,False,79
22535,Val,v_5908.jpg,800,600,False,1
22536,Val,v_4573.jpg,600,800,False,1
22539,Val,v_7490.jpg,600,800,False,3
22555,Val,v_4980.jpg,1000,1000,False,2
22559,Val,v_2973.jpg,600,800,False,2
22560,Val,v_269.jpg,1000,1000,False,4
22570,Val,v_7503.jpg,800,600,True,0
22571,Val,v_264.jpg,800,600,False,2
22572,Val,v_49.jpg,600,800,False,1
22574,Val,v_2857.jpg,1000,1000,False,49
22580,Val,v_2152.jpg,1000,1000,False,1
22583,Val,v_145.jpg,600,800,True,0
22589,Val,v_1930.jpg,800,600,False,1
22593,Val,v_3220.jpg,800,600,False,1
22594,Val,v_5636.jpg,800,600,False,1
22607,Val,v_6894.jpg,1000,1000,False,15
22615,Val,v_3469.jpg,800,600,False,4
22618,Val,v_2432.jpg,800,600,False,9
22621,Val,v_7645.jpg,800,600,False,1
22624,Val,v_1384.jpg,1000,1000,False,1
22629,Val,v_8247.jpg,1000,1000,False,1
22632,Val,v_2410.jpg,600,800,False,59
22634,Val,v_6623.jpg,600,800,False,9
22635,Val,v_5972.jpg,1000,1000,False,2
22638,Val,v_6700.jpg,1000,1000,False,147
22641,Val,v_3110.jpg,800,600,False,1
22645,Val,v_819.jpg,600,800,False,4
22648,Val,v_3997.jpg,600,800,False,1
22649,Val,v_3221.jpg,1000,1000,False,10
22652,Val,v_6767.jpg,1000,1000,False,5
22653,Val,v_43.jpg,1000,1000,False,2
22659,Val,v_6074.jpg,1000,1000,False,7
22660,Val,v_5225.jpg,600,800,False,10
22661,Val,v_4871.jpg,800,600,False,25
22670,Val,v_5634.jpg,1000,1000,False,8
22676,Val,v_3002.jpg,800,600,False,2
22677,Val,v_1057.jpg,1000,1000,False,2
22679,Val,v_5189.jpg,800,600,False,19
22683,Val,v_745.jpg,600,800,False,5
22689,Val,v_4362.jpg,800,600,False,5
22697,Val,v_6001.jpg,600,800,False,1
22698,Val,v_6312.jpg,1000,1000,False,1
22702,Val,v_1234.jpg,800,600,True,0
22708,Val,v_4546.jpg,1000,1000,False,44
22712,Val,v_3215.jpg,1000,1000,False,20
22716,Val,v_7058.jpg,7000,7000,False,50
22718,Val,v_6492.jpg,600,800,True,0
22720,Val,v_5412.jpg,600,800,False,1
22725,Val,v_355.jpg,6000,6000,False,36
22727,Val,v_1375.jpg,600,800,False,1
22729,Val,v_2133.jpg,600,800,False,17
22732,Val,v_5034.jpg,600,800,False,1
22734,Val,v_548.jpg,1000,1000,False,10
22739,Val,v_3723.jpg,1000,1000,True,0
22740,Val,v_6238.jpg,1000,1000,True,0
22741,Val,v_5263.jpg,600,800,True,0
22745,Val,v_411.jpg,600,800,False,1
22751,Val,v_3992.jpg,800,600,False,2
22753,Val,v_5193.jpg,600,800,False,4
22755,Val,v_2713.jpg,600,800,False,1
22756,Val,v_7111.jpg,1000,1000,False,1
22757,Val,v_6521.jpg,800,600,False,10
22759,Val,v_1868.jpg,800,600,False,2
22760,Val,v_3245.jpg,800,600,False,1
22761,Val,v_1953.jpg,800,600,False,2
22763,Val,v_8197.jpg,1000,1000,False,5
22765,Val,v_4292.jpg,800,600,False,15
22766,Val,v_5684.jpg,800,600,True,0
22774,Val,v_2284.jpg,600,800,False,13
22778,Val,v_6089.jpg,1000,1000,False,4
22783,Val,v_8216.jpg,600,800,False,1
22788,Val,v_1973.jpg,1000,1000,False,5
22790,Val,v_2730.jpg,1000,1000,False,8
22793,Val,v_1689.jpg,800,600,False,1
22794,Val,v_310.jpg,800,600,False,4
22795,Val,v_2020.jpg,600,800,True,0
22797,Val,v_6269.jpg,600,800,False,1
22798,Val,v_6857.jpg,1000,1000,False,3
22799,Val,v_678.jpg,1000,1000,False,12
22803,Val,v_205.jpg,1000,1000,True,0
22807,Val,v_7887.jpg,1000,1000,False,10
22812,Val,v_4855.jpg,600,800,False,7
22815,Val,v_3044.jpg,800,600,False,4
22817,Val,v_8124.jpg,800,600,False,1
22822,Val,v_5045.jpg,1000,1000,False,2
22825,Val,v_3408.jpg,1000,1000,False,4
22826,Val,v_5641.jpg,1000,1000,False,2
22827,Val,v_3077.jpg,800,600,False,11
22828,Val,v_1475.jpg,1000,1000,False,3
22832,Val,v_390.jpg,1000,1000,False,1
22834,Val,v_5924.jpg,800,600,False,3
22836,Val,v_5292.jpg,800,600,False,1
22840,Val,v_7450.jpg,1000,1000,False,18
22843,Val,v_5315.jpg,1000,1000,False,15
22845,Val,v_2412.jpg,800,600,False,1
22849,Val,v_4569.jpg,600,800,False,10
22853,Val,v_4514.jpg,600,800,True,0
22854,Val,v_7567.jpg,1000,1000,False,41
22855,Val,v_4685.jpg,1000,1000,False,14
22858,Val,v_7836.jpg,1000,1000,False,34
22862,Val,v_3226.jpg,600,800,False,3
22863,Val,v_4102.jpg,1000,1000,False,1
22865,Val,v_7086.jpg,800,600,False,2
22866,Val,v_6809.jpg,1000,1000,False,3
22872,Val,v_6597.jpg,1000,1000,False,14
22874,Val,v_1184.jpg,1000,1000,True,0
22879,Val,v_4461.jpg,600,800,False,1
22880,Val,v_6935.jpg,600,800,True,0
22881,Val,v_2723.jpg,1000,1000,False,1
22882,Val,v_5196.jpg,1000,1000,False,1
22883,Val,v_4945.jpg,600,800,False,2
22885,Val,v_5530.jpg,800,600,False,5
22887,Val,v_6665.jpg,800,600,False,15
22890,Val,v_5000.jpg,600,800,False,4
22892,Val,v_6730.jpg,600,800,False,1
22899,Val,v_7469.jpg,600,800,True,0
22902,Val,v_6691.jpg,600,800,False,2
22906,Val,v_4159.jpg,1000,1000,True,0
22907,Val,v_3150.jpg,800,600,False,6
22910,Val,v_6609.jpg,800,600,False,145
22915,Val,v_7412.jpg,800,600,False,9
22916,Val,v_6897.jpg,1000,1000,False,1
22917,Val,v_2022.jpg,800,600,False,123
22920,Val,v_1804.jpg,800,600,False,2
22924,Val,v_6814.jpg,1000,1000,True,0
22926,Val,v_2085.jpg,800,600,False,2
22929,Val,v_3495.jpg,800,600,False,1
22930,Val,v_6433.jpg,1000,1000,False,1
22931,Val,v_7268.jpg,800,600,False,15
22932,Val,v_7687.jpg,600,800,False,1
22933,Val,v_372.jpg,600,800,False,36
22936,Val,v_7251.jpg,800,600,False,4
22942,Val,v_3648.jpg,800,600,False,1
22943,Val,v_2223.jpg,800,600,False,5
22944,Val,v_6536.jpg,1000,1000,False,6
22945,Val,v_5228.jpg,800,600,True,0
22946,Val,v_7851.jpg,1000,1000,False,2
22950,Val,v_8272.jpg,800,600,False,26
22953,Val,v_1541.jpg,600,800,False,1
22955,Val,v_2829.jpg,600,800,False,5
22959,Val,v_3116.jpg,600,800,False,1
22962,Val,v_6902.jpg,1000,1000,False,6
22963,Val,v_358.jpg,1000,1000,False,4
22966,Val,v_439.jpg,600,800,False,1
22972,Val,v_1142.jpg,1000,1000,False,1
22974,Val,v_7842.jpg,800,600,False,1
22976,Val,v_625.jpg,600,800,False,1
22977,Val,v_307.jpg,800,600,False,13
22978,Val,v_3451.jpg,600,800,False,4
22980,Val,v_4484.jpg,1000,1000,False,1
22985,Val,v_2644.jpg,1000,1000,False,17
22987,Val,v_7384.jpg,1000,1000,True,0
22991,Val,v_7347.jpg,1000,1000,False,1
23000,Val,v_998.jpg,800,600,False,2
23002,Val,v_4914.jpg,600,800,False,2
23004,Val,v_6208.jpg,1000,1000,False,1
23009,Val,v_2891.jpg,1000,1000,False,3
23014,Val,v_2171.jpg,1000,1000,True,0
23020,Val,v_8115.jpg,1000,1000,False,1
23021,Val,v_6650.jpg,600,800,True,0
23022,Val,v_6877.jpg,1000,1000,False,8
23023,Val,v_5769.jpg,600,800,True,0
23027,Val,v_6276.jpg,800,600,False,8
23034,Val,v_4429.jpg,600,800,False,1
23037,Val,v_2660.jpg,1000,1000,False,1
23039,Val,v_3793.jpg,600,800,True,0
23041,Val,v_6263.jpg,600,800,False,86
23051,Val,v_6801.jpg,1000,1000,False,2
23053,Val,v_2218.jpg,600,800,False,2
23054,Val,v_4831.jpg,1000,1000,False,1
23056,Val,v_4284.jpg,1000,1000,False,45
23061,Val,v_5615.jpg,6000,6000,False,50
23064,Val,v_4137.jpg,800,600,False,6
23065,Val,v_4260.jpg,800,600,False,6
23068,Val,v_7138.jpg,1000,1000,False,8
23069,Val,v_989.jpg,600,800,False,8
23071,Val,v_3516.jpg,1000,1000,False,2
23076,Val,v_3877.jpg,1000,1000,False,6
23079,Val,v_7620.jpg,800,600,False,1
23080,Val,v_6936.jpg,600,800,False,8
23083,Val,v_2978.jpg,1000,1000,True,0
23085,Val,v_2287.jpg,800,600,False,3
23090,Val,v_8219.jpg,600,800,False,6
23094,Val,v_3660.jpg,600,800,True,0
23096,Val,v_3036.jpg,600,800,False,67
23098,Val,v_5155.jpg,800,600,False,1
23101,Val,v_1054.jpg,600,800,False,3
23107,Val,v_2399.jpg,800,600,False,3
23109,Val,v_1308.jpg,1000,1000,False,2
23110,Val,v_7634.jpg,1000,1000,False,1
23116,Val,v_2327.jpg,1000,1000,False,25
23119,Val,v_147.jpg,1000,1000,False,7
23120,Val,v_4062.jpg,1000,1000,False,20
23122,Val,v_2998.jpg,600,800,False,1
23126,Val,v_5452.jpg,800,600,False,2
23127,Val,v_5291.jpg,800,600,True,0
23129,Val,v_1237.jpg,1000,1000,False,2
23137,Val,v_4418.jpg,800,600,False,9
23139,Val,v_3174.jpg,600,800,False,4
23144,Val,v_3183.jpg,1000,1000,False,2
23145,Val,v_735.jpg,800,600,False,2
23148,Val,v_209.jpg,800,600,False,1
23149,Val,v_3081.jpg,800,600,False,1
23153,Val,v_2468.jpg,800,600,False,72
23155,Val,v_7639.jpg,1000,1000,False,4
23159,Val,v_6715.jpg,600,800,True,0
23162,Val,v_7718.jpg,600,800,False,81
23168,Val,v_6776.jpg,800,600,False,3
23171,Val,v_1089.jpg,1000,1000,False,3
23172,Val,v_3387.jpg,800,600,False,23
23175,Val,v_4513.jpg,600,800,False,2
23179,Val,v_7217.jpg,1000,1000,False,2
23180,Val,v_4726.jpg,600,800,False,4
23188,Val,v_814.jpg,800,600,False,37
23191,Val,v_2221.jpg,1000,1000,False,1
23192,Val,v_4221.jpg,800,600,False,59
23193,Val,v_6394.jpg,600,800,False,5
23195,Val,v_7423.jpg,1000,1000,False,11
23196,Val,v_7523.jpg,800,600,False,3
23197,Val,v_6317.jpg,1000,1000,False,1
23198,Val,v_2200.jpg,1000,1000,True,0
23199,Val,v_602.jpg,600,800,True,0
23202,Val,v_6100.jpg,1000,1000,False,26
23203,Val,v_2904.jpg,800,600,False,1
23210,Val,v_5568.jpg,1000,1000,False,2
23214,Val,v_5954.jpg,800,600,False,1
23215,Val,v_1427.jpg,1000,1000,False,6
23217,Val,v_4296.jpg,1000,1000,True,0
23218,Val,v_2735.jpg,1000,1000,False,1
23221,Val,v_7884.jpg,1000,1000,False,1
23224,Val,v_7337.jpg,600,800,False,10
23228,Val,v_1266.jpg,600,800,False,1
23234,Val,v_7139.jpg,600,800,False,16
23236,Val,v_4522.jpg,1000,1000,False,2
23237,Val,v_2224.jpg,1000,1000,False,2
23244,Val,v_408.jpg,1000,1000,False,1
23246,Val,v_1182.jpg,1000,1000,False,12
23249,Val,v_4909.jpg,1000,1000,False,1
23251,Val,v_7389.jpg,1000,1000,True,0
23255,Val,v_146.jpg,1000,1000,False,3
23258,Val,v_4539.jpg,600,800,False,3
23261,Val,v_5823.jpg,600,800,False,1
23263,Val,v_2191.jpg,800,600,False,1
23264,Val,v_4758.jpg,800,600,False,2
23266,Val,v_579.jpg,1000,1000,False,9
23268,Val,v_4753.jpg,600,800,False,2
23272,Val,v_1389.jpg,800,600,False,1
23275,Val,v_3822.jpg,1000,1000,True,0
23277,Val,v_5950.jpg,1000,1000,False,1
23279,Val,v_118.jpg,1000,1000,False,1
23289,Val,v_1315.jpg,1000,1000,False,2
23292,Val,v_5088.jpg,800,600,False,6
23293,Val,v_3089.jpg,1000,1000,False,8
23298,Val,v_7122.jpg,1000,1000,False,1
23301,Val,v_4879.jpg,1000,1000,False,2
23308,Val,v_1933.jpg,1000,1000,False,1
23309,Val,v_4186.jpg,6000,6000,False,27
23311,Val,v_1402.jpg,1000,1000,False,3
23321,Val,v_7882.jpg,800,600,False,1
23324,Val,v_986.jpg,600,800,False,1
23326,Val,v_6755.jpg,1000,1000,False,59
23328,Val,v_3710.jpg,800,600,False,1
23333,Val,v_7970.jpg,1000,1000,False,59
23338,Val,v_6501.jpg,600,800,False,1
23341,Val,v_375.jpg,600,800,False,6
23346,Val,v_5740.jpg,800,600,False,1
23354,Val,v_3375.jpg,1000,1000,False,1
23357,Val,v_2671.jpg,1000,1000,True,0
23358,Val,v_2716.jpg,600,800,False,1
23359,Val,v_7658.jpg,1000,1000,False,2
23364,Val,v_7590.jpg,1000,1000,False,19
23367,Val,v_5863.jpg,1000,1000,False,5
23369,Val,v_5679.jpg,1000,1000,False,12
23378,Val,v_5110.jpg,800,600,False,1
23379,Val,v_4192.jpg,800,600,False,6
23380,Val,v_7728.jpg,800,600,True,0
23384,Val,v_4507.jpg,800,600,False,1
23385,Val,v_1477.jpg,600,800,False,6
23386,Val,v_1976.jpg,600,800,False,13
23390,Val,v_389.jpg,1000,1000,False,1
23392,Val,v_7942.jpg,600,800,False,8
23394,Val,v_479.jpg,800,600,False,2
23395,Val,v_1429.jpg,600,800,True,0
23398,Val,v_2604.jpg,1000,1000,False,1
23399,Val,v_5229.jpg,600,800,False,1
23400,Val,v_6426.jpg,600,800,False,2
23401,Val,v_7376.jpg,1000,1000,False,2
23405,Val,v_5076.jpg,800,600,False,1
23407,Val,v_3882.jpg,600,800,False,5
23410,Val,v_7638.jpg,800,600,False,13
23414,Val,v_7945.jpg,600,800,False,35
23415,Val,v_1706.jpg,1000,1000,False,9
23420,Val,v_213.jpg,600,800,False,1
23421,Val,v_2897.jpg,600,800,True,0
23422,Val,v_682.jpg,1000,1000,False,4
23428,Val,v_184.jpg,1000,1000,False,5
23433,Val,v_2921.jpg,1000,1000,False,7
23446,Val,v_3405.jpg,1000,1000,False,12
23447,Val,v_7729.jpg,800,600,False,5
23451,Val,v_6806.jpg,1000,1000,False,25
23453,Val,v_3045.jpg,800,600,False,8
23455,Val,v_658.jpg,1000,1000,True,0
23466,Val,v_2311.jpg,1000,1000,False,3
23467,Val,v_4852.jpg,600,800,False,44
23473,Val,v_7844.jpg,1000,1000,False,1
23474,Val,v_3042.jpg,800,600,False,1
23475,Val,v_1852.jpg,800,600,True,0
23478,Val,v_6130.jpg,800,600,False,1
23480,Val,v_2425.jpg,800,600,False,4
23485,Val,v_1154.jpg,1000,1000,False,14
23489,Val,v_4138.jpg,1000,1000,False,3
23503,Val,v_1405.jpg,1000,1000,False,2
23505,Val,v_6980.jpg,800,600,False,3
23506,Val,v_5544.jpg,600,800,False,1
23509,Val,v_4183.jpg,600,800,False,1
23514,Val,v_5365.jpg,600,800,False,8
23517,Val,v_6458.jpg,1000,1000,False,14
23527,Val,v_5126.jpg,600,800,False,1
23530,Val,v_7435.jpg,1000,1000,False,15
23532,Val,v_775.jpg,600,800,False,9
23535,Val,v_3280.jpg,1000,1000,False,3
23536,Val,v_1817.jpg,1000,1000,False,2
23537,Val,v_2365.jpg,600,800,False,1
23539,Val,v_4357.jpg,800,600,False,1
23541,Val,v_4177.jpg,1000,1000,False,1
23544,Val,v_981.jpg,1000,1000,False,18
23549,Val,v_8052.jpg,600,800,False,2
23550,Val,v_1799.jpg,800,600,False,1
23556,Val,v_3177.jpg,600,800,False,16
23560,Val,v_3278.jpg,600,800,False,5
23561,Val,v_1880.jpg,600,800,False,15
23565,Val,v_2341.jpg,800,600,False,13
23567,Val,v_3969.jpg,600,800,False,7
23570,Val,v_1368.jpg,800,600,False,2
23571,Val,v_2867.jpg,1000,1000,False,4
23572,Val,v_1739.jpg,800,600,False,2
23573,Val,v_6127.jpg,600,800,True,0
23574,Val,v_2494.jpg,800,600,False,2
23575,Val,v_6191.jpg,1000,1000,False,8
23576,Val,v_7231.jpg,800,600,False,3
23577,Val,v_354.jpg,800,600,False,1
23578,Val,v_7609.jpg,1000,1000,False,1
23579,Val,v_2041.jpg,1000,1000,False,21
23580,Val,v_3381.jpg,600,800,False,4
23586,Val,v_2961.jpg,800,600,False,2
23589,Val,v_4521.jpg,600,800,False,2
23590,Val,v_7027.jpg,800,600,False,33
23593,Val,v_1632.jpg,1000,1000,False,1
23596,Val,v_2004.jpg,1000,1000,False,10
23600,Val,v_5024.jpg,1000,1000,False,1
23609,Val,v_2061.jpg,600,800,False,3
23611,Val,v_3577.jpg,800,600,False,1
23613,Val,v_2074.jpg,600,800,False,4
23617,Val,v_137.jpg,600,800,False,1
23619,Val,v_1675.jpg,800,600,False,25
23620,Val,v_2281.jpg,800,600,False,6
23621,Val,v_3251.jpg,600,800,False,1
23622,Val,v_6267.jpg,1000,1000,False,1
23628,Val,v_2258.jpg,800,600,False,1
23631,Val,v_7885.jpg,800,600,False,1
23633,Val,v_2801.jpg,1000,1000,False,9
23634,Val,v_3171.jpg,600,800,True,0
23637,Val,v_3544.jpg,1000,1000,False,6
23643,Val,v_4109.jpg,1000,1000,False,35
23645,Val,v_3711.jpg,1000,1000,False,6
23647,Val,v_2465.jpg,1000,1000,False,3
23649,Val,v_2089.jpg,600,800,False,4
23657,Val,v_3361.jpg,800,600,False,43
23659,Val,v_7589.jpg,600,800,False,1
23660,Val,v_2545.jpg,1000,1000,False,9
23664,Val,v_1058.jpg,1000,1000,False,8
23665,Val,v_6397.jpg,800,600,False,9
23667,Val,v_7379.jpg,800,600,False,7
23669,Val,v_4078.jpg,800,600,False,6
23672,Val,v_4802.jpg,1000,1000,False,1
23679,Val,v_2205.jpg,1000,1000,False,1
23682,Val,v_688.jpg,600,800,False,2
23683,Val,v_3132.jpg,1000,1000,False,1
23687,Val,v_3745.jpg,1000,1000,False,134
23689,Val,v_5777.jpg,1000,1000,False,10
23693,Val,v_2312.jpg,800,600,False,2
23696,Val,v_2715.jpg,1000,1000,False,3
23700,Val,v_2568.jpg,600,800,False,6
23701,Val,v_5619.jpg,1000,1000,False,8
23708,Val,v_4801.jpg,800,600,False,5
23712,Val,v_2228.jpg,800,600,False,123
23716,Val,v_6439.jpg,800,600,False,9
23720,Val,v_6235.jpg,1000,1000,False,1
23721,Val,v_136.jpg,800,600,False,5
23723,Val,v_4760.jpg,600,800,True,0
23730,Val,v_622.jpg,800,600,False,4
23734,Val,v_423.jpg,800,600,False,48
23736,Val,v_2353.jpg,1000,1000,False,7
23738,Val,v_1850.jpg,600,800,False,1
23740,Val,v_8184.jpg,600,800,False,2
23741,Val,v_207.jpg,1000,1000,True,0
23742,Val,v_1403.jpg,600,800,False,1
23747,Val,v_8078.jpg,1000,1000,False,3
23751,Val,v_3357.jpg,1000,1000,False,1
23753,Val,v_6515.jpg,1000,1000,False,14
23757,Val,v_7021.jpg,600,800,False,1
23765,Val,v_6057.jpg,600,800,False,26
23766,Val,v_2283.jpg,600,800,False,2
23774,Val,v_3284.jpg,1000,1000,False,7
23777,Val,v_1608.jpg,1000,1000,False,9
23778,Val,v_7926.jpg,800,600,False,3
23782,Val,v_3957.jpg,800,600,False,21
23784,Val,v_8037.jpg,1000,1000,True,0
23785,Val,v_4184.jpg,1000,1000,False,7
23790,Val,v_7279.jpg,600,800,False,23
23791,Val,v_6884.jpg,1000,1000,False,7
23792,Val,v_4337.jpg,600,800,False,2
23793,Val,v_4462.jpg,600,800,False,17
23795,Val,v_5556.jpg,600,800,False,2
23796,Val,v_6059.jpg,600,800,False,4
23802,Val,v_7616.jpg,800,600,True,0
23804,Val,v_5180.jpg,600,800,False,6
23805,Val,v_2621.jpg,1000,1000,False,4
23807,Val,v_4585.jpg,800,600,False,1
23810,Val,v_5652.jpg,600,800,False,14
23816,Val,v_7480.jpg,1000,1000,False,5
23818,Val,v_3210.jpg,1000,1000,False,3
23821,Val,v_7402.jpg,1000,1000,False,1
23823,Val,v_2839.jpg,800,600,False,67
23825,Val,v_4013.jpg,800,600,False,1
23828,Val,v_6997.jpg,800,600,False,6
23839,Val,v_6082.jpg,600,800,False,1
23840,Val,v_373.jpg,600,800,False,46
23842,Val,v_7927.jpg,600,800,False,2
23843,Val,v_5994.jpg,1000,1000,False,5
23844,Val,v_4043.jpg,1000,1000,False,8
23851,Val,v_797.jpg,800,600,False,8
23856,Val,v_7204.jpg,800,600,False,1
23864,Val,v_4257.jpg,800,600,False,6
23865,Val,v_4644.jpg,600,800,False,6
23866,Val,v_5846.jpg,1000,1000,False,5
23870,Val,v_3474.jpg,1000,1000,False,80
23872,Val,v_1031.jpg,1000,1000,False,35
23874,Val,v_7626.jpg,1000,1000,False,1
23877,Val,v_5959.jpg,1000,1000,False,1
23878,Val,v_7873.jpg,1000,1000,False,5
23880,Val,v_7562.jpg,800,600,True,0
23881,Val,v_5030.jpg,1000,1000,False,7
23883,Val,v_2350.jpg,1000,1000,False,17
23886,Val,v_7222.jpg,800,600,False,1
23887,Val,v_1665.jpg,600,800,False,4
23888,Val,v_1946.jpg,800,600,False,2
23892,Val,v_4255.jpg,600,800,False,7
23893,Val,v_7557.jpg,600,800,False,2
23894,Val,v_661.jpg,600,800,True,0
23896,Val,v_2593.jpg,600,800,True,0
23897,Val,v_4044.jpg,1000,1000,False,1
23901,Val,v_3021.jpg,800,600,False,6
23902,Val,v_5432.jpg,600,800,True,0
23906,Val,v_3167.jpg,800,600,False,2
23909,Val,v_7874.jpg,1000,1000,False,5
23912,Val,v_5680.jpg,1000,1000,False,9
23915,Val,v_5659.jpg,800,600,False,1
23917,Val,v_5041.jpg,1000,1000,False,1
23922,Val,v_5997.jpg,1000,1000,False,6
23933,Val,v_3255.jpg,800,600,False,16
23934,Val,v_7869.jpg,1000,1000,False,4
23935,Val,v_6040.jpg,1000,1000,False,10
23936,Val,v_7367.jpg,600,800,False,3
23940,Val,v_8135.jpg,1000,1000,False,3
23942,Val,v_2629.jpg,1000,1000,False,2
23947,Val,v_4504.jpg,600,800,False,2
23951,Val,v_4755.jpg,800,600,False,3
23952,Val,v_2122.jpg,600,800,False,2
23953,Val,v_2473.jpg,1000,1000,False,2
23954,Val,v_5930.jpg,1000,1000,False,11
23955,Val,v_1653.jpg,800,600,False,6
23957,Val,v_982.jpg,1000,1000,False,2
23961,Val,v_2293.jpg,1000,1000,False,1
23962,Val,v_4169.jpg,1000,1000,True,0
23963,Val,v_6937.jpg,1000,1000,False,1
23965,Val,v_6215.jpg,1000,1000,False,37
23974,Val,v_2028.jpg,1000,1000,False,35
23975,Val,v_111.jpg,600,800,False,1
23976,Val,v_5591.jpg,800,600,False,3
23977,Val,v_1224.jpg,600,800,False,3
23978,Val,v_4798.jpg,600,800,False,101
23980,Val,v_5519.jpg,1000,1000,False,17
23981,Val,v_7766.jpg,1000,1000,False,1
23984,Val,v_4019.jpg,1000,1000,False,3
23985,Val,v_3675.jpg,600,800,False,1
23992,Val,v_5885.jpg,600,800,False,3
23999,Val,v_1105.jpg,800,600,False,6
24001,Val,v_4336.jpg,1000,1000,False,15
24002,Val,v_4492.jpg,1000,1000,False,2
24003,Val,v_2521.jpg,600,800,False,4
24004,Val,v_6121.jpg,600,800,False,7
24007,Val,v_1833.jpg,1000,1000,False,3
24014,Val,v_3762.jpg,800,600,False,10
24016,Val,v_4088.jpg,1000,1000,False,1
24027,Val,v_692.jpg,600,800,False,1
24029,Val,v_7229.jpg,600,800,False,6
24033,Val,v_4997.jpg,6309,6567,True,0
24035,Val,v_7342.jpg,800,600,False,1
24036,Val,v_7818.jpg,800,600,False,7
24046,Val,v_7643.jpg,800,600,False,2
24053,Val,v_1450.jpg,600,800,False,1
24056,Val,v_2557.jpg,600,800,False,1
24057,Val,v_3936.jpg,600,800,False,3
24058,Val,v_2261.jpg,800,600,False,7
24060,Val,v_7680.jpg,600,800,False,36
24065,Val,v_3117.jpg,1000,1000,False,11
24066,Val,v_1117.jpg,1000,1000,False,2
24068,Val,v_7537.jpg,800,600,False,14
24069,Val,v_3871.jpg,1000,1000,True,0
24071,Val,v_7106.jpg,1000,1000,False,1
24072,Val,v_7862.jpg,800,600,False,2
24073,Val,v_6282.jpg,600,800,True,0
24076,Val,v_754.jpg,800,600,False,1
24081,Val,v_8171.jpg,600,800,False,1
24086,Val,v_4425.jpg,600,800,False,14
24087,Val,v_1360.jpg,1000,1000,False,43
24091,Val,v_3151.jpg,1000,1000,False,13
24095,Val,v_2841.jpg,800,600,False,8
24096,Val,v_7791.jpg,1000,1000,True,0
24098,Val,v_7474.jpg,1000,1000,False,1
24101,Val,v_4722.jpg,6000,6000,False,18
24102,Val,v_5310.jpg,1000,1000,False,84
24103,Val,v_1279.jpg,1000,1000,False,2
24110,Val,v_3853.jpg,1000,1000,False,5
24112,Val,v_1845.jpg,600,800,False,11
24115,Val,v_7110.jpg,600,800,False,2
24116,Val,v_3491.jpg,800,600,True,0
24123,Val,v_2989.jpg,800,600,False,13
24125,Val,v_7637.jpg,1000,1000,False,21
24126,Val,v_4764.jpg,800,600,False,26
24130,Val,v_1626.jpg,800,600,False,7
24133,Val,v_1141.jpg,800,600,False,1
24134,Val,v_6178.jpg,600,800,False,5
24135,Val,v_2298.jpg,1000,1000,False,2
24136,Val,v_5106.jpg,1000,1000,False,11
24137,Val,v_3263.jpg,600,800,True,0
24139,Val,v_7085.jpg,800,600,False,3
24140,Val,v_7618.jpg,800,600,False,6
24142,Val,v_5331.jpg,600,800,False,1
24144,Val,v_7029.jpg,1000,1000,False,3
24153,Val,v_1457.jpg,800,600,False,1
24156,Val,v_3000.jpg,1000,1000,False,41
24162,Val,v_1462.jpg,800,600,False,44
24166,Val,v_6705.jpg,800,600,False,39
24167,Val,v_6969.jpg,1000,1000,False,14
24169,Val,v_6513.jpg,800,600,False,1
24170,Val,v_8092.jpg,600,800,False,3
24171,Val,v_6058.jpg,1000,1000,False,11
24172,Val,v_6680.jpg,1000,1000,True,0
24175,Val,v_1936.jpg,800,600,False,13
24177,Val,v_5560.jpg,600,800,False,2
24178,Val,v_635.jpg,600,800,False,6
24180,Val,v_1588.jpg,1000,1000,False,1
24185,Val,v_3623.jpg,1000,1000,False,1
24186,Val,v_3609.jpg,800,600,False,1
24192,Val,v_6202.jpg,600,800,False,34
24193,Val,v_4501.jpg,1000,1000,False,4
24194,Val,v_5808.jpg,1000,1000,False,1
24195,Val,v_5800.jpg,1000,1000,False,1
24201,Val,v_7001.jpg,1000,1000,False,2
24202,Val,v_3264.jpg,600,800,False,3
24208,Val,v_4469.jpg,600,800,False,19
24210,Val,v_8202.jpg,1000,1000,False,37
24211,Val,v_6365.jpg,600,800,False,4
24216,Val,v_5283.jpg,1000,1000,False,2
24220,Val,v_2686.jpg,1000,1000,False,2
24221,Val,v_4454.jpg,800,600,False,4
24222,Val,v_4187.jpg,1000,1000,False,5
24224,Val,v_4838.jpg,1000,1000,False,1
24227,Val,v_8284.jpg,800,600,True,0
24228,Val,v_1469.jpg,1000,1000,False,2
24229,Val,v_3883.jpg,1000,1000,False,10
24233,Val,v_2779.jpg,600,800,False,8
24236,Val,v_6205.jpg,600,800,False,1
24238,Val,v_5295.jpg,600,800,False,7
24240,Val,v_5103.jpg,600,800,False,7
24242,Val,v_6785.jpg,800,600,True,0
24243,Val,v_5629.jpg,1000,1000,False,5
24244,Val,v_784.jpg,800,600,False,3
24250,Val,v_2702.jpg,1000,1000,True,0
24258,Val,v_6460.jpg,1000,1000,False,17
24259,Val,v_247.jpg,800,600,False,13
24260,Val,v_93.jpg,1000,1000,False,11
24262,Val,v_7118.jpg,1000,1000,False,15
24264,Val,v_7479.jpg,600,800,False,1
24269,Val,v_3023.jpg,1000,1000,False,29
24270,Val,v_1997.jpg,1000,1000,False,1
24271,Val,v_1952.jpg,600,800,False,8
24272,Val,v_3758.jpg,800,600,False,9
24277,Val,v_1248.jpg,1000,1000,False,12
24278,Val,v_4380.jpg,600,800,False,2
24283,Val,v_7362.jpg,800,600,True,0
24285,Val,v_42.jpg,600,800,False,1
24286,Val,v_5598.jpg,600,800,True,0
24288,Val,v_3798.jpg,600,800,False,2
24289,Val,v_5666.jpg,800,600,False,9
24290,Val,v_6361.jpg,1000,1000,False,22
24293,Val,v_7778.jpg,1000,1000,False,2
24295,Val,v_4595.jpg,800,600,False,4
24298,Val,v_3668.jpg,600,800,False,10
24300,Val,v_3422.jpg,6000,6000,False,415
24305,Val,v_1982.jpg,800,600,False,1
24306,Val,v_2795.jpg,600,800,False,7
24307,Val,v_2774.jpg,1000,1000,False,4
24309,Val,v_4617.jpg,1000,1000,False,89
24314,Val,v_8024.jpg,800,600,False,1
24315,Val,v_4946.jpg,1000,1000,False,1
24318,Val,v_5618.jpg,1000,1000,False,3
24319,Val,v_3739.jpg,600,800,False,19
24321,Val,v_2843.jpg,1000,1000,False,1
24324,Val,v_1195.jpg,1000,1000,False,2
24327,Val,v_1230.jpg,800,600,True,0
24328,Val,v_2424.jpg,800,600,False,2
24329,Val,v_7378.jpg,1000,1000,False,6
24334,Val,v_3176.jpg,1000,1000,False,1
24335,Val,v_2834.jpg,800,600,True,0
24338,Val,v_1370.jpg,600,800,False,2
24340,Val,v_3180.jpg,1000,1000,False,4
24341,Val,v_1573.jpg,800,600,False,6
24343,Val,v_7713.jpg,600,800,False,1
24345,Val,v_5357.jpg,600,800,False,1
24347,Val,v_5797.jpg,800,600,False,8
24349,Val,v_5174.jpg,800,600,False,16
24354,Val,v_2231.jpg,600,800,False,6
24355,Val,v_6143.jpg,800,600,False,31
24357,Val,v_7358.jpg,1000,1000,True,0
24359,Val,v_5364.jpg,1000,1000,False,10
24360,Val,v_2047.jpg,1000,1000,True,0
24362,Val,v_4789.jpg,1000,1000,False,9
24365,Val,v_6218.jpg,600,800,False,4
24366,Val,v_6022.jpg,1000,1000,False,30
24367,Val,v_7381.jpg,800,600,False,3
24370,Val,v_1149.jpg,800,600,False,5
24373,Val,v_1645.jpg,800,600,False,16
24374,Val,v_3849.jpg,600,800,False,1
24376,Val,v_3583.jpg,1000,1000,True,0
24377,Val,v_462.jpg,600,800,False,1
24382,Val,v_7416.jpg,800,600,False,1
24384,Val,v_5184.jpg,600,800,False,22
24386,Val,v_2899.jpg,800,600,False,2
24388,Val,v_7491.jpg,1000,1000,False,1
24390,Val,v_7475.jpg,800,600,False,14
24393,Val,v_7478.jpg,1000,1000,False,27
24397,Val,v_8068.jpg,1000,1000,False,8
24405,Val,v_1892.jpg,600,800,False,3
24409,Val,v_4672.jpg,600,800,False,5
24410,Val,v_991.jpg,1000,1000,False,5
24416,Val,v_1049.jpg,1000,1000,False,54
24418,Val,v_182.jpg,800,600,False,17
24419,Val,v_5910.jpg,600,800,False,5
24429,Val,v_1585.jpg,1000,1000,False,12
24436,Val,v_3248.jpg,600,800,False,2
24439,Val,v_764.jpg,600,800,False,4
24441,Val,v_959.jpg,800,600,False,17
24442,Val,v_1671.jpg,1000,1000,False,1
24443,Val,v_1206.jpg,600,800,False,1
24445,Val,v_6916.jpg,800,600,False,1
24446,Val,v_1067.jpg,800,800,True,0
24447,Val,v_3187.jpg,1000,1000,False,1
24452,Val,v_7610.jpg,600,800,False,2
24453,Val,v_566.jpg,1000,1000,False,12
24455,Val,v_3296.jpg,600,800,False,3
24456,Val,v_3876.jpg,800,600,False,1
24464,Val,v_6788.jpg,600,800,False,3
24466,Val,v_3247.jpg,800,600,False,4
24468,Val,v_6313.jpg,1000,1000,False,1
24470,Val,v_3088.jpg,1000,1000,False,8
24474,Val,v_6480.jpg,600,800,False,15
24476,Val,v_4222.jpg,1000,1000,False,51
24478,Val,v_7980.jpg,600,800,False,1
24479,Val,v_6358.jpg,1000,1000,False,1
24480,Val,v_4077.jpg,1000,1000,False,84
24487,Val,v_251.jpg,1000,1000,False,5
24492,Val,v_4451.jpg,1000,1000,False,3
24494,Val,v_7377.jpg,1000,1000,False,2
24496,Val,v_302.jpg,1000,1000,False,8
24503,Val,v_5614.jpg,1000,1000,False,5
24518,Val,v_1329.jpg,600,800,False,3
24529,Val,v_4316.jpg,600,800,False,35
24533,Val,v_3901.jpg,1000,1000,False,3
24535,Val,v_1596.jpg,1000,1000,False,2
24544,Val,v_3016.jpg,1000,1000,False,2
24545,Val,v_4660.jpg,600,800,False,1
24547,Val,v_3103.jpg,600,800,False,1
24548,Val,v_3206.jpg,800,600,False,1
24550,Val,v_5810.jpg,1000,1000,False,1
24557,Val,v_3697.jpg,800,600,False,3
24559,Val,v_5020.jpg,1000,1000,False,2
24560,Val,v_7193.jpg,1000,1000,False,3
24567,Val,v_5891.jpg,1000,1000,False,5
24574,Val,v_7881.jpg,1000,1000,False,1
24577,Val,v_642.jpg,1000,1000,False,5
24581,Val,v_6871.jpg,800,600,False,1
24585,Val,v_4228.jpg,600,800,False,21
24587,Val,v_533.jpg,1000,1000,False,1
24590,Val,v_1970.jpg,800,600,False,1
24600,Val,v_3653.jpg,600,800,False,4
24604,Val,v_752.jpg,600,800,False,1
24622,Val,v_5321.jpg,800,600,False,1
24624,Val,v_2235.jpg,800,600,False,1
24627,Val,v_7318.jpg,800,600,False,1
24631,Val,v_2937.jpg,1000,1000,False,65
24633,Val,v_1724.jpg,800,600,False,2
24635,Val,v_3219.jpg,800,600,False,14
24636,Val,v_5877.jpg,1000,1000,True,0
24639,Val,v_106.jpg,600,800,False,233
24641,Val,v_3138.jpg,600,800,False,1
24644,Val,v_1055.jpg,600,800,False,44
24646,Val,v_2070.jpg,1000,1000,False,1
24648,Val,v_874.jpg,600,800,False,1
24652,Val,v_2979.jpg,1000,1000,False,10
24661,Val,v_6380.jpg,600,800,False,2
24663,Val,v_6418.jpg,600,800,False,3
24676,Val,v_2008.jpg,800,600,False,2
24679,Val,v_5094.jpg,800,600,False,35
24681,Val,v_4534.jpg,800,600,False,4
24684,Val,v_2192.jpg,1000,1000,False,2
24690,Val,v_2395.jpg,1000,1000,False,91
24691,Val,v_7406.jpg,800,600,False,2
24693,Val,v_4312.jpg,1000,1000,False,24
24695,Val,v_941.jpg,1000,1000,False,7
24701,Val,v_3875.jpg,600,800,False,5
24702,Val,v_1513.jpg,1000,1000,False,13
24704,Val,v_1443.jpg,1000,1000,False,27
24707,Val,v_2676.jpg,600,800,False,7
24708,Val,v_194.jpg,1000,1000,False,5
24711,Val,v_7676.jpg,600,800,False,7
24713,Val,v_3672.jpg,800,600,False,61
24715,Val,v_5851.jpg,600,800,False,1
24728,Val,v_6818.jpg,800,600,False,9
24730,Val,v_801.jpg,600,800,False,1
24734,Val,v_4987.jpg,800,600,False,1
24735,Val,v_2743.jpg,600,800,True,0
24737,Val,v_5511.jpg,1000,1000,False,1
24738,Val,v_5862.jpg,800,600,False,12
24741,Val,v_2110.jpg,1000,1000,False,35
24745,Val,v_7866.jpg,800,600,False,1
24746,Val,v_1028.jpg,1000,1000,True,0
24748,Val,v_3244.jpg,1000,1000,False,6
24749,Val,v_538.jpg,1000,1000,True,0
24752,Val,v_7708.jpg,800,600,False,5
24755,Val,v_5792.jpg,1000,1000,False,11
24756,Val,v_2196.jpg,600,800,False,16
24758,Val,v_2995.jpg,800,600,False,2
24760,Val,v_5716.jpg,800,600,False,1
24766,Val,v_8098.jpg,600,800,False,9
24767,Val,v_5640.jpg,800,600,True,0
24768,Val,v_4698.jpg,1000,1000,False,8
24770,Val,v_7105.jpg,600,800,False,1
24771,Val,v_6922.jpg,800,600,True,0
